Symbol,Name,Sector
1301.T,"KYOKUYO CO.,LTD.","Fishery, Agriculture and Forestry"
130A.T,Veritas In Silico Inc.,Pharmaceutical
131A.T,CCN Group Corporation,Information & Communication
132A.T,"IN Holdings Co.,LTD.",Land Transportation
1332.T,Nissui Corporation,"Fishery, Agriculture and Forestry"
1333.T,Maruha Nichiro Corporation,"Fishery, Agriculture and Forestry"
134A.T,"UPraise,Inc",Services
135A.T,"VRAIN Solution,Inc.",Information & Communication
136A.T,"Sankosyoji Co.,Ltd.",Construction
1375.T,"YUKIGUNI MAITAKE CO.,LTD.","Fishery, Agriculture and Forestry"
1376.T,"KANEKO SEEDS CO.,LTD.","Fishery, Agriculture and Forestry"
1377.T,SAKATA SEED CORPORATION,"Fishery, Agriculture and Forestry"
1379.T,HOKUTO CORPORATION,"Fishery, Agriculture and Forestry"
137A.T,"Cocolive,Inc.",Information & Communication
1380.T,"AKIKAWA FOODS & FARMS CO.,LTD.","Fishery, Agriculture and Forestry"
1381.T,"AXYZ CO.,Ltd.","Fishery, Agriculture and Forestry"
1382.T,"HOB Co.,Ltd.","Fishery, Agriculture and Forestry"
1383.T,"Berg Earth co.,ltd.","Fishery, Agriculture and Forestry"
1384.T,"Hokuryo Co.,Ltd.","Fishery, Agriculture and Forestry"
138A.T,"Hikari Food Service Co.,Ltd.",Retail Trade
139A.T,"Higashinihon Jisho Co.,Ltd.",Real Estate
1401.T,"mbs,inc.",Construction
1407.T,West Holdings Corporation,Construction
1414.T,"SHO-BOND Holdings Co.,Ltd.",Construction
1417.T,MIRAIT ONE Corporation,Construction
1418.T,"INTERLIFE HOLDINGS CO.,LTD.",Construction
1419.T,"Tama Home Co.,Ltd.",Construction
141A.T,Trial Holdings Inc.,Retail Trade
1420.T,Sanyo Homes Corporation,Construction
1429.T,"Nippon Aqua Co.,Ltd.",Construction
142A.T,"JINJIB Co.,Ltd.",Services
1430.T,First-corporation Inc.,Construction
1431.T,"Lib Work Co.,Ltd.",Construction
1432.T,"DORYOKU Co.,Ltd.",Construction
1433.T,"BESTERRA CO.,LTD",Construction
1434.T,"JESCO Holdings,Inc.",Construction
1435.T,robot home Inc.,Real Estate
1436.T,GreenEnergy & Company,Construction
1438.T,"Gifu landscape architect Co.,Ltd.",Construction
1439.T,YASUE CORPORATION,Construction
143A.T,"Ishin Co.,Ltd.",Services
1443.T,"Giken Holdings Co.,Ltd.",Construction
1444.T,"Nissou Co.,Ltd.",Construction
1445.T,"Hikari Holdings Co.,Ltd.",Construction
1446.T,"CANDEAL Co.,Ltd.",Construction
1447.T,"ITbook Holdings Co.,LTD.",Construction
144A.T,"ENERGY POWER CO.,Ltd.",Construction
1450.T,TANAKEN,Construction
1451.T,KHC Ltd.,Construction
1452.T,"YOKOHAMA WRIGHT Industries Co.,LTD",Construction
145A.T,L is B Corp.,Information & Communication
146A.T,Columbia Works Inc.,Real Estate
147A.T,"SORACOM,INC.",Information & Communication
148A.T,"HATCH WORK CO.,LTD.",Information & Communication
1491.T,"Chugai Mining Co.,Ltd.",Nonferrous Metals
149A.T,"Thinca Co.,Ltd.",Information & Communication
150A.T,"JSH Co.,Ltd.",Services
1514.T,"Sumiseki Holdings,Inc.",Mining
1515.T,"Nittetsu Mining Co.,Ltd.",Mining
1518.T,"MITSUI MATSUSHIMA HOLDINGS CO.,LTD.",Mining
151A.T,Dive Inc.,Services
152A.T,"OPTY CO.,LTD.",Wholesale Trade
153A.T,Caulis Inc.,Information & Communication
154A.T,GAIA Inc.,Other Financing Business
155A.T,"Information Strategy and Technology Co.,Ltd.",Information & Communication
156A.T,Material Group Inc.,Services
157A.T,Green Monster Inc.,Services
158A.T,"Exseli Co,Ltd.",Retail Trade
1605.T,INPEX CORPORATION,Mining
160A.T,"As Partners CO.,LTD.",Services
161A.T,"Mitsuba Co.,Ltd.",Services
164A.T,"Applepark.CO.,LTD.",Real Estate
165A.T,SBI RHEOS HIFUMI Inc.,Securities and Commodities Futures
1662.T,"Japan Petroleum Exploration Co.,Ltd.",Mining
1663.T,K&O Energy Group Inc.,Mining
166A.T,TASUKI Holdings Inc.,Real Estate
167A.T,"Ryoyo Ryosan Holdings,Inc.",Wholesale Trade
168A.T,itamiarts inc.,Other Products
1711.T,"SDS HOLDINGS Co.,Ltd.",Construction
1712.T,"Daiseki Eco.Solution Co.,Ltd.",Construction
1716.T,DAI-ICHI CUTTER KOGYO K.K.,Construction
1717.T,Meiho Facility Works Ltd.,Services
1718.T,"MIKIKOGYO CO.,LTD.",Construction
1719.T,HAZAMA ANDO CORPORATION,Construction
171A.T,"ZEROJAPAN.Co.,Ltd",Wholesale Trade
1720.T,"TOKYU CONSTRUCTION CO., LTD.",Construction
1721.T,COMSYS Holdings Corporation,Construction
1723.T,"NIHON DENGI CO.,LTD.",Construction
1724.T,SYNCLAYER INC.,Construction
1726.T,Br.Holdings Corporation,Construction
172A.T,"NEO HOME Co.,Ltd.",Real Estate
1730.T,"ASO FOAM CRETE Co.,Ltd.",Construction
1736.T,OTEC CORPORATION,Construction
173A.T,Hammock Inc.,Information & Communication
1743.T,"KOATSU KOGYO CO.,LTD.",Construction
174A.T,"AGENTEC Co.,Ltd.",Information & Communication
1757.T,"Souken Ace Co.,Ltd.",Construction
1758.T,"Taiyo Kisokogyo Co.,Ltd.",Construction
175A.T,"Will Smart Co.,LTD.",Information & Communication
1762.T,"TAKAMATSU CONSTRUCTION GROUP CO.,LTD.",Construction
1764.T,KUDO CORPORATION,Construction
1766.T,TOKEN CORPORATION,Construction
1768.T,SONEC CORPORATION,Construction
176A.T,Rezil Inc.,Electric Power and Gas
1770.T,"FUJITA ENGINEERING CO.,LTD.",Construction
1773.T,YTL Corporation Berhad,Construction
1775.T,FUJI FURUKAWA ENGINEERING & CONSTRUCTION CO.LTD.,Construction
1776.T,"SUMIKEN MITSUI ROAD CO., LTD.",Construction
177A.T,"Kohjin Bio Co.,Ltd.",Chemicals
1780.T,YAMAURA CORPORATION,Construction
1783.T,"Fantasista Co.,Ltd.",Real Estate
1786.T,Oriental Shiraishi Corporation,Construction
1787.T,"Nakabohtec Corrosion Protecting Co.,Ltd.",Construction
1788.T,SANTO CORPORATION,Construction
1789.T,"ETS Holdings Co.,Ltd.",Construction
1793.T,"OHMOTO GUMI CO.,LTD.",Construction
1795.T,MASARU CORPORATION,Construction
1798.T,MORIYA CORPORATION,Construction
1799.T,DAIICHI KENSETSU CORPORATION,Construction
1801.T,TAISEI CORPORATION,Construction
1802.T,OBAYASHI CORPORATION,Construction
1803.T,SHIMIZU CORPORATION,Construction
1805.T,TOBISHIMA CORPORATION,Construction
1807.T,"WATANABE SATO CO.,LTD.",Construction
1808.T,HASEKO Corporation,Construction
1810.T,"MATSUI CONSTRUCTION CO.,LTD.",Construction
1811.T,THE ZENITAKA CORPORATION,Construction
1812.T,KAJIMA CORPORATION,Construction
1813.T,Fudo Tetra Corporation,Construction
1814.T,"DAISUE CONSTRUCTION CO.,LTD.",Construction
1815.T,TEKKEN CORPORATION,Construction
1820.T,"Nishimatsu Construction Co.,Ltd.",Construction
1821.T,"Sumitomo Mitsui Construction Co., Ltd.",Construction
1822.T,DAIHO CORPORATION,Construction
1826.T,"Sata Construction Co.,Ltd.",Construction
1827.T,NAKANO CORPORATION,Construction
1828.T,TANABE ENGINEERING CORPORATION,Construction
1833.T,OKUMURA CORPORATION,Construction
1835.T,"TOTETSU KOGYO CO.,LTD.",Construction
1840.T,"TSUCHIYA HOLDINGS CO.,LTD.",Construction
1841.T,"SANYU CONSTRUCTION CO.,LTD.",Construction
1844.T,"OHMORI CO.,LTD.",Construction
1847.T,"ICHIKEN Co.,Ltd.",Construction
1848.T,FUJI P.S CORPORATION,Construction
184A.T,"Manabi-aid Co.,Ltd.",Information & Communication
1850.T,"Nankai Tatsumura Construction Co.,Ltd.",Construction
1852.T,ASANUMA CORPORATION,Construction
1853.T,"Mori-Gumi Co.,Ltd.",Construction
185A.T,Recycle Tech Japan CORPORATION,Services
1860.T,TODA CORPORATION,Construction
1861.T,"Kumagai Gumi Co.,Ltd.",Construction
1866.T,KITANO CONSTRUCTION CORP.,Construction
1867.T,UEKI CORPORATION,Construction
186A.T,Astroscale Holdings Inc.,Services
1870.T,"YAHAGI CONSTRUCTION CO.,LTD.",Construction
1871.T,"P.S. Mitsubishi Construction Co., Ltd.",Construction
1873.T,"NIHON HOUSE HOLDINGS CO.,LTD.",Construction
1878.T,"DAITO TRUST CONSTRUCTION CO.,LTD.",Real Estate
1879.T,SHINNIHON CORPORATION,Construction
187A.T,"SAMTY HOLDINGS Co.,Ltd.",Real Estate
1882.T,TOA ROAD CORPORATION,Construction
1884.T,"THE NIPPON ROAD CO.,LTD.",Construction
1885.T,TOA CORPORATION,Construction
1887.T,JDC CORPORATION,Construction
1888.T,"WAKACHIKU CONSTRUCTION CO.,LTD.",Construction
1890.T,"TOYO CONSTRUCTION CO.,LTD.",Construction
1893.T,"PENTA-OCEAN CONSTRUCTION CO.,LTD.",Construction
1897.T,"The Kaneshita Construction Co.,Ltd.",Construction
1898.T,"SEIKITOKYU KOGYO CO.,LTD.",Construction
1899.T,FUKUDA CORPORATION,Construction
189A.T,"D&M COMPANY CO.,LTD",Services
1904.T,"TAISEI ONCHO CO.,LTD.",Construction
1905.T,TENOX CORPORATION,Construction
1909.T,"Nippon Dry-Chemical CO.,LTD.",Machinery
190A.T,Chordia Therapeutics Inc.,Pharmaceutical
1911.T,"Sumitomo Forestry Co.,Ltd.",Construction
1914.T,"JAPAN FOUNDATION ENGINEERING CO.,LTD.",Construction
191A.T,"MIMOSA CO.,LTD.",Services
1921.T,TOMOE CORPORATION,Construction
1925.T,"DAIWA HOUSE INDUSTRY CO.,LTD.",Construction
1926.T,"RAITO KOGYO CO.,LTD.",Construction
1928.T,"Sekisui House,Ltd.",Construction
1929.T,"NITTOC CONSTRUCTION CO.,LTD.",Construction
192A.T,Integroup Inc.,Services
1930.T,"HOKURIKU ELECTRICAL CONSTRUCTION CO.,LTD.",Construction
1934.T,YURTEC CORPORATION,Construction
1938.T,"NIPPON RIETEC CO.,LTD.",Construction
1939.T,YONDENKO CORPORATION,Construction
193A.T,"Gro-Bels Co.,Ltd.",Real Estate
1941.T,CHUDENKO CORPORATION,Construction
1942.T,"KANDENKO CO.,LTD.",Construction
1944.T,KINDEN CORPORATION,Construction
1945.T,TOKYO ENERGY & SYSTEMS INC.,Construction
1946.T,TOENEC CORPORATION,Construction
1948.T,"The Kodensha,Co.,Ltd.",Construction
1949.T,"SUMITOMO DENSETSU CO.,LTD.",Construction
194A.T,"WOLVES HAND Co.,Ltd.",Services
1950.T,"NIPPON DENSETSU KOGYO CO.,LTD.",Construction
1951.T,"EXEO Group,Inc.",Construction
1952.T,"Shin Nippon Air Technologies Co.,Ltd.",Construction
1959.T,KYUDENKO CORPORATION,Construction
195A.T,Ricecurry Inc.,Services
1960.T,Sanyo Engineering & Construction Inc.,Construction
1961.T,"SANKI ENGINEERING CO.,LTD.",Construction
1963.T,JGC HOLDINGS CORPORATION,Construction
1964.T,"Chugai Ro Co.,Ltd.",Construction
1965.T,TECHNO RYOWA LTD.,Construction
1966.T,TAKADA CORPORATION,Construction
1967.T,YAMATO CORPORATION,Construction
1968.T,"TAIHEI DENGYO KAISHA,LTD.",Construction
1969.T,"Takasago Thermal Engineering Co.,Ltd.",Construction
196A.T,"MFS,Inc.",Other Financing Business
1972.T,"SANKO METAL INDUSTRIAL CO.,LTD.",Construction
1973.T,NEC Networks & System Integration Corporation,Information & Communication
1975.T,"ASAHI KOGYOSHA CO.,LTD.",Construction
1976.T,"MEISEI INDUSTRIAL Co.,Ltd.",Construction
1979.T,Taikisha Ltd.,Construction
197A.T,"TAUNS Laboratories,Inc.",Pharmaceutical
1980.T,"DAI-DAN CO.,LTD.",Construction
1981.T,"KYOWANISSEI CO.,LTD.",Construction
1982.T,"Hibiya Engineering,Ltd.",Construction
198A.T,PostPrime Inc.,Information & Communication
1992.T,"KANDA TSUSHINKI CO.,LTD.",Construction
1994.T,TAKAHASHI CURTAIN WALL CORPORATION,Construction
1997.T,"AKATSUKI EAZIMA CO.,LTD.",Construction
199A.T,Mediair corporation,Information & Communication
2001.T,NIPPN CORPORATION,Foods
2002.T,NISSHIN SEIFUN GROUP INC.,Foods
2003.T,"NITTO FUJI FLOUR MILLING CO.,LTD.",Foods
2004.T,"Showa Sangyo Co.,Ltd.",Foods
2009.T,"THE TORIGOE CO.,LTD.",Foods
202A.T,"MAMEZO DIGITAL HOLDINGS CO.,LTD.",Information & Communication
203A.T,"Shunbin Co.,Ltd.",Services
204A.T,"TaiyoPackage Co.,Ltd.",Pulp and Paper
2053.T,"CHUBU SHIRYO CO.,LTD.",Foods
2055.T,"NICHIWA SANGYO CO.,LTD.",Foods
205A.T,LOGOS HOLDINGS INC.,Construction
2060.T,"FEED ONE CO.,LTD.",Foods
207A.T,Rising Corporation Inc.,Construction
2107.T,"Toyo Sugar Refining Co.,Ltd.",Foods
2108.T,"Nippon Beet Sugar Manufacturing Co.,Ltd.",Foods
2109.T,"Mitsui DM Sugar Holdings Co.,Ltd.",Foods
2112.T,"Ensuiko Sugar Refining Co.,Ltd.",Foods
2114.T,Fuji Nihon Seito Corporation,Foods
2117.T,"WELLNEO SUGAR Co.,Ltd.",Foods
2120.T,"LIFULL Co.,Ltd.",Services
2121.T,"MIXI,Inc.",Services
2122.T,"Interspace Co.,Ltd.",Services
2124.T,"JAC Recruitment Co.,Ltd.",Services
2127.T,Nihon M&A Center Holdings Inc.,Services
2130.T,"Members Co.,Ltd.",Services
2134.T,Sun Capital Management Corp.,Services
2136.T,HIP CORPORATION,Services
2138.T,"CROOZ,Inc.",Information & Communication
2139.T,"CHUCO CO.,LTD.",Services
2146.T,"UT Group Co.,Ltd.",Services
2148.T,ITmedia Inc.,Services
2150.T,"CareNet,Inc.",Services
2152.T,Youji Corporation,Services
2153.T,E・J Holdings Inc.,Services
2154.T,Open Up Group Inc.,Services
2156.T,SAYLOR ADVERTISING INC.,Services
2157.T,"KOSHIDAKA HOLDINGS Co.,LTD.",Services
2158.T,"FRONTEO,Inc.",Services
2160.T,GNI Group Ltd.,Pharmaceutical
2162.T,nms Holdings Corporation,Services
2163.T,"ARTNER CO.,LTD.",Services
2164.T,"CHIIKISHINBUNSHA CO.,LTD.",Services
2168.T,Pasona Group Inc.,Services
2169.T,"CDS Co.,Ltd.",Services
2170.T,Link and Motivation Inc.,Services
2173.T,Hakuten Corporation,Services
2175.T,"SMS CO.,LTD.",Services
2179.T,"SEIGAKUSHA CO.,LTD.",Services
2180.T,SUNNY SIDE UP GROUP Inc.,Services
2181.T,"PERSOL HOLDINGS CO.,LTD.",Services
2183.T,"Linical Co.,Ltd.",Services
2185.T,CMC CORPORATION,Services
2186.T,Sobal Corporation,Services
2193.T,Cookpad Inc.,Services
2195.T,"AMITA HOLDINGS CO.,LTD.",Services
2196.T,ESCRIT INC.,Services
2198.T,IKK Holdings Inc.,Services
2201.T,"Morinaga & Co.,Ltd.",Foods
2204.T,"NAKAMURAYA CO.,LTD.",Foods
2206.T,"Ezaki Glico Co.,Ltd.",Foods
2207.T,"Meito Sangyo Co.,Ltd.",Foods
2208.T,BOURBON CORPORATION,Foods
2209.T,"IMURAYA GROUP CO.,LTD.",Foods
2211.T,"Fujiya Co.,Ltd.",Foods
2212.T,"YAMAZAKI BAKING CO.,LTD.",Foods
2215.T,"FIRST BAKING CO.,LTD.",Foods
2216.T,Kanro Inc.,Foods
2217.T,Morozoff Limited,Foods
2220.T,"KAMEDA SEIKA CO.,LTD.",Foods
2221.T,"IWATSUKA CONFECTIONERY CO.,LTD.",Foods
2222.T,"Kotobuki Spirits Co.,Ltd.",Foods
2224.T,"COMO CO.,LTD.",Foods
2226.T,KOIKE-YA Inc.,Foods
2229.T,"CALBEE,Inc.",Foods
2264.T,"MORINAGA MILK INDUSTRY CO.,LTD.",Foods
2266.T,"ROKKO BUTTER CO.,LTD.",Foods
2267.T,"YAKULT HONSHA CO.,LTD.",Foods
2268.T,"B-R 31 ICE CREAM CO.,LTD.",Foods
2269.T,"Meiji Holdings Co.,Ltd.",Foods
2270.T,"MEGMILK SNOW BRAND Co.,Ltd.",Foods
2281.T,"Prima Meat Packers,Ltd.",Foods
2282.T,NH Foods Ltd.,Foods
2286.T,"Hayashikane Sangyo Co.,Ltd.",Foods
2288.T,"MARUDAI FOOD CO.,LTD.",Foods
2291.T,"FUKUTOME MEAT PACKERS,LTD.",Foods
2292.T,S Foods Inc.,Foods
2293.T,"TAKIZAWA HAM CO.,LTD.",Foods
2294.T,"Kakiyasu Honten Co.,Ltd.",Foods
2296.T,ITOHAM YONEKYU HOLDINGS INC.,Foods
2300.T,"Kyokuto Co.,Ltd.",Services
2301.T,"GAKUJO CO.,Ltd.",Services
2303.T,Dawn Corporation,Information & Communication
2304.T,"CSS HOLDINGS,LTD.",Services
2305.T,"STUDIO ALICE Co.,Ltd.",Services
2307.T,"CROSS CAT CO.,LTD.",Information & Communication
2311.T,"EPCO Co.,Ltd.",Services
2315.T,CAICA DIGITAL Inc.,Information & Communication
2317.T,Systena Corporation,Information & Communication
2321.T,Softfront Holdings,Information & Communication
2323.T,fonfun corporation,Information & Communication
2325.T,"NJS Co.,Ltd.",Services
2326.T,Digital Arts Inc.,Information & Communication
2327.T,NS Solutions Corporation,Information & Communication
2329.T,TOHOKUSHINSHA FILM CORPORATION,Information & Communication
2330.T,"Forside Co.,Ltd.",Information & Communication
2331.T,"SOHGO SECURITY SERVICES CO.,LTD.",Services
2332.T,"Quest Co.,Ltd.",Information & Communication
2334.T,eole Inc.,Services
2335.T,CUBE SYSTEM INC.,Information & Communication
2337.T,Ichigo Inc.,Real Estate
2338.T,"Quantum Solutions Co.,Ltd.",Information & Communication
2340.T,"GOKURAKUYU HOLDINGS CO.,LTD.",Services
2341.T,"ARBEIT-TIMES CO.,LTD.",Services
2342.T,TRANS GENIC INC.,Services
2344.T,"HEIAN CEREMONY SERVICE CO.,LTD.",Services
2345.T,"Kushim,Inc.",Information & Communication
2349.T,"Nippon Information Development Co.,Ltd.",Information & Communication
2351.T,ASJ INC.,Information & Communication
2353.T,"NIPPON PARKING DEVELOPMENT Co.,Ltd.",Real Estate
2354.T,YE DIGITAL Corporation,Information & Communication
2359.T,CORE CORPORATION,Information & Communication
2370.T,"MEDINET Co.,Ltd.",Services
2371.T,"Kakaku.com,Inc.",Services
2372.T,"I'rom Group Co.,Ltd.",Services
2373.T,CARE TWENTYONE CORPORATION,Services
2374.T,SAINT-CARE HOLDING CORPORATION,Services
2375.T,GiG Works Inc.,Services
2376.T,SCINEX CORPORATION,Services
2378.T,"RENAISSANCE,INCORPORATED",Services
2379.T,dip Corporation,Services
2384.T,"SBS Holdings,Inc.",Land Transportation
2385.T,Soiken Holdings Inc.,Services
2388.T,"Wedge Holdings CO.,LTD.",Other Financing Business
2389.T,"DIGITAL HOLDINGS,INC.",Services
2391.T,"PLANET,INC.",Services
2393.T,"Nippon Care Supply Co.,Ltd.",Services
2395.T,"SHIN NIPPON BIOMEDICAL LABORATORIES,LTD.",Services
2397.T,DNA Chip Research Inc.,Services
2404.T,"TETSUJIN Holdings,Inc.",Services
2408.T,"KG Intelligence CO.,LTD.",Services
2410.T,"CAREER DESIGN CENTER CO.,LTD.",Services
2411.T,GENDAI AGENCY INC.,Information & Communication
2413.T,"M3,Inc.",Services
2415.T,"Human Holdings Co.,Ltd.",Services
2418.T,TSUKADA GLOBAL HOLDINGS Inc.,Services
2424.T,Brass Corporation,Services
2425.T,"Care Service Co.,Ltd.",Services
2428.T,WELLNET CORPORATION,Services
2429.T,"WORLD HOLDINGS CO.,LTD.",Services
2432.T,"DeNA Co.,Ltd.",Services
2433.T,HAKUHODO DY HOLDINGS INCORPORATED,Services
2435.T,"CEDAR.Co.,Ltd",Services
2436.T,"KYODO PUBLIC RELATIONS CO.,LTD.",Services
2437.T,"SHINWA WISE HOLDINGS CO.,LTD.",Services
2438.T,"Asukanet Company,Limited",Services
2440.T,"Gurunavi,Inc.",Services
2445.T,"Takamiya Co.,Ltd.",Services
2449.T,"PRAP Japan,Inc.",Services
2452.T,"Computer Mind Co.,Ltd.",Information & Communication
2454.T,"All About,Inc.",Services
2459.T,"AUN CONSULTING,Inc.",Services
2461.T,"FAN Communications,Inc.",Services
2462.T,"LIKE,Inc.",Services
2464.T,"Aoba-BBT,Inc.",Services
2468.T,"FueTrek Co.,Ltd.",Services
2469.T,Hibino Corporation,Services
2471.T,"S-Pool,Inc.",Services
2475.T,"WDB HOLDINGS CO.,LTD.",Services
2477.T,"Temairazu,Inc.",Information & Communication
2479.T,JTEC CORPORATION,Services
2480.T,"System Location Co.,Ltd.",Information & Communication
2481.T,"TOWNNEWS-SHA CO.,LTD.",Services
2483.T,HONYAKU Center Inc.,Services
2484.T,"DEMAE-CAN CO.,LTD",Information & Communication
2485.T,TEAR Corporation,Services
2487.T,"CDG Co.,Ltd.",Services
2488.T,"JTP CO.,LTD.",Services
2489.T,Adways Inc.,Services
2491.T,"ValueCommerce Co.,Ltd.",Services
2492.T,Infomart Corporation,Services
2493.T,"E-SUPPORTLINK,Ltd.",Services
2497.T,"UNITED,Inc.",Services
2498.T,Oriental Consultants Holdings Company Limited,Services
2499.T,"NIHONWASOU HOLDINGS,INC.",Services
2501.T,SAPPORO HOLDINGS LIMITED,Foods
2502.T,"Asahi Group Holdings,Ltd.",Foods
2503.T,"Kirin Holdings Company,Limited",Foods
2531.T,TAKARA HOLDINGS INC.,Foods
2533.T,"Oenon Holdings,Inc.",Foods
2540.T,"YOMEISHU SEIZO CO.,LTD.",Foods
2573.T,"HOKKAIDO COCA-COLA BOTTLING CO.,LTD.",Foods
2579.T,Coca-Cola Bottlers Japan Holdings Inc.,Foods
2585.T,"LIFEDRINK COMPANY,INC.",Foods
2586.T,FRUTA FRUTA INC.,Foods
2587.T,Suntory Beverage & Food Limited,Foods
2588.T,"Premium Water Holdings,Inc.",Foods
2590.T,"DyDo GROUP HOLDINGS,INC.",Foods
2593.T,"ITO EN,LTD.",Foods
25935.T,"ITO EN,LTD.(shares of preferred stock)",Foods
2594.T,KEY COFFEE INC,Foods
2597.T,UNICAFE INC.,Foods
2599.T,"JAPAN FOODS CO.,LTD.",Foods
2602.T,"The Nisshin OilliO Group,Ltd.",Foods
2607.T,FUJI OIL HOLDINGS INC.,Foods
2612.T,KADOYA SESAME MILLS INCORPORATED,Foods
2613.T,"J-OIL MILLS, INC.",Foods
2651.T,"Lawson,Inc.",Retail Trade
2652.T,MANDARAKE INC.,Retail Trade
2653.T,"AEON KYUSHU CO.,LTD.",Retail Trade
2654.T,ASMO CORPORATION,Retail Trade
2656.T,Vector HOLDINGS Inc.,Retail Trade
2659.T,"SAN-A CO.,LTD.",Retail Trade
2664.T,CAWACHI LIMITED,Retail Trade
2666.T,"AUTOWAVE Co.,Ltd.",Retail Trade
2667.T,"ImageONE Co.,Ltd.",Wholesale Trade
2668.T,Tabio Corporation,Wholesale Trade
2669.T,"Kanemi Co.,Ltd.",Retail Trade
2670.T,"ABC-MART,INC.",Retail Trade
2673.T,"YUMEMITSUKETAI Co.,Ltd.",Retail Trade
2674.T,"HARD OFF CORPORATION Co.,Ltd.",Retail Trade
2676.T,"TAKACHIHO KOHEKI CO.,LTD.",Wholesale Trade
2678.T,ASKUL Corporation,Retail Trade
2681.T,GEO HOLDINGS CORPORATION,Retail Trade
2683.T,"UOKI CO.,LTD.",Retail Trade
2685.T,"Adastria Co.,Ltd.",Retail Trade
2686.T,"GFOOT CO.,LTD.",Retail Trade
2687.T,CVS Bay Area Inc.,Retail Trade
2689.T,"OLBA HEALTHCARE HOLDINGS,Inc.",Wholesale Trade
2692.T,"ITOCHU-SHOKUHIN Co.,Ltd.",Wholesale Trade
2693.T,YKT CORPORATION,Wholesale Trade
2694.T,Yakiniku Sakai Holdings Inc.,Retail Trade
2695.T,"Kura Sushi,Inc.",Retail Trade
2698.T,"CAN DO CO.,LTD.",Retail Trade
2700.T,"KITOKU SHINRYO CO.,LTD.",Wholesale Trade
2702.T,"McDonald's Holdings Company(Japan),Ltd.",Retail Trade
2705.T,"OOTOYA Holdings Co.,Ltd.",Retail Trade
2708.T,"KUZE CO.,LTD.",Wholesale Trade
2715.T,Elematec Corporation,Wholesale Trade
2721.T,J-Holdings Corp.,Wholesale Trade
2722.T,"IK HOLDINGS Co.,Ltd.",Retail Trade
2726.T,"PAL GROUP Holdings CO.,LTD",Retail Trade
2730.T,EDION Corporation,Retail Trade
2733.T,ARATA CORPORATION,Wholesale Trade
2734.T,SALA CORPORATION,Retail Trade
2735.T,"WATTS CO.,LTD.",Retail Trade
2736.T,"Festaria Holdings Co.,Ltd.",Retail Trade
2737.T,TOMEN DEVICES CORPORATION,Wholesale Trade
2742.T,"HALOWS CO.,LTD.",Retail Trade
2743.T,PIXEL COMPANYZ INC.,Wholesale Trade
2747.T,"Hokuyu Lucky Co.,Ltd.",Retail Trade
2749.T,"JP-HOLDINGS,INC.",Services
2750.T,"S.ISHIMITSU&CO.,LTD.",Wholesale Trade
2751.T,"TENPOS HOLDINGS Co.,Ltd.",Wholesale Trade
2752.T,FUJIO FOOD GROUP INC.,Retail Trade
2753.T,"AMIYAKI TEI CO.,LTD.",Retail Trade
2754.T,"TOKATSU HOLDINGS CO.,LTD.",Retail Trade
2760.T,TOKYO ELECTRON DEVICE LIMITED,Wholesale Trade
2762.T,"SANKO MARKETING FOODS CO.,LTD.",Retail Trade
2763.T,"FTGroup CO.,LTD.",Wholesale Trade
2764.T,Hiramatsu Inc.,Retail Trade
2767.T,TSUBURAYA FIELDS HOLDINGS INC.,Wholesale Trade
2768.T,Sojitz Corporation,Wholesale Trade
2769.T,"Village Vanguard CO.,LTD.",Retail Trade
2776.T,"SHINTO Holdings,Inc.",Wholesale Trade
2778.T,"PALEMO HOLDINGS CO.,LTD.",Retail Trade
2780.T,"Komehyo Holdings Co.,Ltd.",Retail Trade
2782.T,"Seria Co.,Ltd.",Retail Trade
2784.T,Alfresa Holdings Corporation,Wholesale Trade
2788.T,"APPLE INTERNATIONAL CO.,LTD.",Wholesale Trade
2789.T,"Karula Co.,LTD.",Retail Trade
2790.T,"NAFCO Co.,Ltd.",Retail Trade
2791.T,"DAIKOKUTENBUSSAN CO.,LTD.",Retail Trade
2792.T,"HONEYS HOLDINGS CO.,LTD.",Retail Trade
2795.T,NIPPON PRIMEX INC.,Wholesale Trade
2796.T,Pharmarise Holdings Corporation,Retail Trade
2798.T,Y's table corporation,Retail Trade
2801.T,KIKKOMAN CORPORATION,Foods
2802.T,"Ajinomoto Co.,Inc.",Foods
2804.T,"BULL-DOG SAUCE CO.,LTD.",Foods
2805.T,S&B FOODS INC.,Foods
2806.T,YUTAKA FOODS CORPORATION,Foods
2809.T,Kewpie Corporation,Foods
2810.T,House Foods Group Inc.,Foods
2811.T,"KAGOME CO.,LTD.",Foods
2813.T,"Wakou Shokuhin Co.,Ltd.",Foods
2814.T,"SATO FOODS INDUSTRIES CO.,LTD.",Foods
2815.T,"ARIAKE JAPAN Co.,Ltd.",Foods
2816.T,"DAISHO CO.,LTD.",Foods
2818.T,"PIETRO Co.,Ltd.",Foods
2819.T,"EBARA Foods Industry,Inc.",Foods
2820.T,Yamami Company,Foods
2830.T,AOHATA Corporation,Foods
2831.T,HAGOROMO FOODS CORPORATION,Foods
2871.T,NICHIREI CORPORATION,Foods
2872.T,"SEIHYO CO.,LTD.",Foods
2874.T,"YOKOREI CO.,LTD.",Wholesale Trade
2875.T,"TOYO SUISAN KAISHA,LTD.",Foods
2876.T,Delsole Corporation,Foods
2877.T,NittoBest Corporation,Foods
2882.T,"EAT&HOLDINGS Co.,Ltd",Foods
2883.T,"DAIREI CO.,LTD.",Foods
2884.T,Yoshimura Food Holdings K.K.,Foods
2892.T,"NIHON SHOKUHIN KAKO CO.,LTD.",Foods
2894.T,"Ishii Food Co.,Ltd.",Foods
2897.T,"NISSIN FOODS HOLDINGS CO.,LTD.",Foods
2899.T,"NAGATANIEN HOLDINGS CO.,LTD.",Foods
2901.T,Wel-Dish.Incorporated,Foods
2903.T,"SHINOBU FOODS PRODUCTS CO.,LTD.",Foods
2904.T,"ICHIMASA KAMABOKO CO.,LTD.",Foods
2907.T,"AHJIKAN CO.,LTD.",Foods
2908.T,"FUJICCO CO.,LTD.",Foods
2910.T,"ROCK FIELD CO.,LTD.",Foods
2911.T,"ASAHIMATSU FOODS CO.,LTD.",Foods
2914.T,JAPAN TOBACCO INC.,Foods
2915.T,"KENKO Mayonnaise Co.,Ltd.",Foods
2916.T,"Semba Tohka Industries Co.,Ltd",Foods
2917.T,"OHMORIYA Co.,LTD.",Foods
2918.T,"WARABEYA NICHIYO HOLDINGS CO.,LTD.",Foods
2922.T,"NATORI CO.,LTD.",Foods
2923.T,"SATO FOODS CO.,LTD.",Foods
2924.T,"Ifuji Sangyo Co.,Ltd.",Foods
2926.T,"SHINOZAKIYA,INC.",Foods
2927.T,"AFC-HD AMS Life Science Co.,Ltd.",Foods
2929.T,"Pharma Foods International Co.,Ltd.",Foods
2930.T,Kitanotatsujin Corporation,Chemicals
2931.T,"Euglena Co.,Ltd.",Foods
2932.T,"STI Foods Holdings,Inc.",Foods
2933.T,KIBUN FOODS INC.,Foods
2934.T,"J Frontier Co.,Ltd.",Foods
2935.T,"PICKLES HOLDINGS CO.,LTD.",Foods
2936.T,"BASE FOOD,Inc.",Foods
2937.T,"St.Cousair CO.,LTD.",Foods
2938.T,"Okamura Foods Co.,Ltd.",Foods
2961.T,NITCHO CORPORATION,Metal Products
2962.T,"TECNISCO,LTD.",Metal Products
2970.T,"GOOD LIFE COMPANY,INC.",Real Estate
2975.T,"Star Mica Holdings Co.,Ltd.",Real Estate
2977.T,"Livenup Group Co.,Ltd.",Real Estate
2978.T,TSUKURUBA Inc.,Real Estate
2980.T,SRE Holdings Corporation,Real Estate
2981.T,Landix Inc.,Real Estate
2982.T,"A.D.Works Group Co.,Ltd.",Real Estate
2983.T,"Arr Planner Co.,Ltd.",Real Estate
2984.T,"Yamaichi Uniheim Real Estate Co.,Ltd",Real Estate
2985.T,First Stage Corporation,Real Estate
2986.T,"LA Holdings Co.,Ltd.",Real Estate
2990.T,"Aida Sekkei Co.,Ltd.",Real Estate
2991.T,LANDNET Inc.,Real Estate
2992.T,URBAN LiKE INC.,Real Estate
2993.T,Choei Inc.,Real Estate
2994.T,"Answer Holdings Co.,Ltd",Real Estate
2995.T,J-REX Corporation,Real Estate
2997.T,"STORAGE-OH Co.,Ltd.",Real Estate
2998.T,CREAL Inc.,Real Estate
2999.T,"Home Position Co.,Ltd.",Real Estate
3001.T,"Katakura Industries Co.,Ltd.",Textiles and Apparels
3002.T,GUNZE LIMITED,Textiles and Apparels
3003.T,"Hulic Co.,Ltd.",Real Estate
3004.T,SHINYEI KAISHA,Wholesale Trade
3010.T,"Polaris Holdings Co.,Ltd.",Services
3011.T,"BANNERS CO.,LTD.",Retail Trade
3020.T,"Applied Co.,Ltd.",Retail Trade
3021.T,"Pacific Net Co.,Ltd.",Services
3023.T,Rasa Corporation,Wholesale Trade
3024.T,CREATE CORPORATION,Wholesale Trade
3028.T,"Alpen Co.,Ltd.",Retail Trade
3030.T,"HUB CO.,LTD.",Retail Trade
3031.T,"RACCOON HOLDINGS,Inc.",Information & Communication
3034.T,"Qol Holdings Co.,Ltd.",Retail Trade
3035.T,ktk INC.,Wholesale Trade
3036.T,ALCONIX CORPORATION,Wholesale Trade
3038.T,"KOBE BUSSAN CO.,LTD.",Wholesale Trade
3039.T,"HEKI Co.,Ltd.",Retail Trade
3040.T,SOLITON SYSTEMS K.K.,Information & Communication
3041.T,"Beauty Kadan Holdings Co.,Ltd.",Wholesale Trade
3042.T,SecuAvail Inc.,Information & Communication
3045.T,"Kawasaki & Co.,Ltd.",Wholesale Trade
3046.T,JINS HOLDINGS Inc.,Retail Trade
3048.T,BIC CAMERA INC.,Retail Trade
3050.T,"DCM Holdings Co.,Ltd.",Retail Trade
3053.T,"PEPPER FOOD SERVICE CO.,LTD.",Retail Trade
3054.T,HYPER Inc.,Wholesale Trade
3058.T,Sanyodo Holdings Inc.,Retail Trade
3059.T,"HIRAKI CO.,LTD.",Retail Trade
3063.T,j-Group Holdings Corp.,Retail Trade
3064.T,"MonotaRO Co.,Ltd.",Retail Trade
3065.T,"Life Foods Co.,Ltd.",Retail Trade
3067.T,"TOKYO ICHIBAN FOODS CO.,LTD.",Retail Trade
3068.T,WDI Corporation,Retail Trade
3069.T,JFLA Holdings Inc.,Retail Trade
3070.T,"AMAGASA Co.,Ltd.",Wholesale Trade
3071.T,"Stream Co.,Ltd.",Retail Trade
3073.T,"DD GROUP Co.,Ltd.",Retail Trade
3075.T,"Choushimaru Co.,Ltd.",Retail Trade
3076.T,Ai Holdings Corporation,Wholesale Trade
3077.T,"Horiifoodservice Co.,Ltd.",Retail Trade
3079.T,DVx Inc.,Wholesale Trade
3080.T,"JASON CO.,LTD.",Retail Trade
3082.T,"KICHIRI HOLDINGS & Co.,Ltd.",Retail Trade
3083.T,"C'sMEN Co.,Ltd.",Retail Trade
3086.T,"J.FRONT RETAILING Co.,Ltd.",Retail Trade
3087.T,"DOUTOR・NICHIRES Holdings Co.,Ltd.",Retail Trade
3088.T,MatsukiyoCocokara & Co.,Retail Trade
3089.T,"Techno Alpha Co.,Ltd.",Wholesale Trade
3091.T,"BRONCO BILLY Co.,LTD.",Retail Trade
3092.T,"ZOZO,Inc.",Retail Trade
3093.T,"Treasure Factory Co.,LTD.",Retail Trade
3094.T,"SUPER VALUE CO.,LTD.",Retail Trade
3096.T,OCEAN SYSTEM CORPORATION,Retail Trade
3097.T,The Monogatari Corporation,Retail Trade
3099.T,Isetan Mitsukoshi Holdings Ltd.,Retail Trade
3101.T,"TOYOBO CO.,LTD.",Textiles and Apparels
3103.T,UNITIKA LTD.,Textiles and Apparels
3104.T,"Fujibo Holdings,Inc.",Textiles and Apparels
3105.T,Nisshinbo Holdings Inc.,Electric Appliances
3106.T,KURABO INDUSTRIES LTD.,Textiles and Apparels
3107.T,"Daiwabo Holdings Co.,Ltd.",Wholesale Trade
3109.T,SHIKIBO LTD.,Textiles and Apparels
3110.T,"NITTO BOSEKI CO.,LTD.",Glass and Ceramics Products
3111.T,"OMIKENSHI CO.,LTD.",Textiles and Apparels
3113.T,UNIVA Oak Holdings Limited,Securities and Commodities Futures
3116.T,TOYOTA BOSHOKU CORPORATION,Transportation Equipment
3121.T,"MBK Co.,Ltd.",Services
3123.T,"SAIBO Co.,Ltd.",Textiles and Apparels
3131.T,SHINDEN HIGHTEX CORPORATION,Wholesale Trade
3132.T,"MACNICA HOLDINGS,INC.",Wholesale Trade
3133.T,"kaihan co.,Ltd.",Retail Trade
3134.T,Hamee Corp.,Retail Trade
3135.T,"MarketEnterprise Co.,Ltd",Retail Trade
3137.T,"Fundely Co.,Ltd.",Retail Trade
3138.T,"Fujisan Magazine Service Co.,Ltd.",Retail Trade
3139.T,"Lacto Japan Co.,Ltd.",Wholesale Trade
3140.T,"BRUNO,Inc.",Wholesale Trade
3141.T,"WELCIA HOLDINGS CO.,LTD.",Retail Trade
3143.T,O'will Corporation,Wholesale Trade
3148.T,"CREATE SD HOLDINGS CO.,LTD.",Retail Trade
3150.T,"gremz,Inc.",Wholesale Trade
3151.T,"VITAL KSK HOLDINGS,INC.",Wholesale Trade
3153.T,"Yashima Denki Co.,Ltd.",Wholesale Trade
3154.T,"MEDIUS HOLDINGS Co.,Ltd.",Wholesale Trade
3156.T,Restar Corporation,Wholesale Trade
3157.T,GEOLIVE Group Corporation,Wholesale Trade
3159.T,"Maruzen CHI Holdings Co.,Ltd.",Retail Trade
3160.T,"OOMITSU CO.,LTD.",Wholesale Trade
3161.T,AZEARTH Corporation,Wholesale Trade
3166.T,"OCHI HOLDINGS CO.,LTD.",Wholesale Trade
3167.T,TOKAI Holdings Corporation,Wholesale Trade
3168.T,Kurotani Corporation,Wholesale Trade
3169.T,"Misawa & Co.,Ltd.",Retail Trade
3172.T,"Tea Life Co.,Ltd.",Retail Trade
3173.T,"Cominix Co.,Ltd.",Wholesale Trade
3174.T,"Happiness and D Co.,Ltd.",Retail Trade
3175.T,"AP HOLDINGS CO.,LTD.",Retail Trade
3176.T,"Sanyo Trading Co.,Ltd.",Wholesale Trade
3177.T,"ARIGATOU SERVICES COMPANY,LIMITED",Retail Trade
3178.T,"CHIMNEY CO.,LTD.",Retail Trade
3179.T,"Syuppin Co.,Ltd.",Retail Trade
3180.T,BEAUTY GARAGE Inc.,Wholesale Trade
3181.T,"KAITORI OKOKU CO.,LTD.",Retail Trade
3182.T,Oisix ra daichi Inc.,Retail Trade
3183.T,"WIN-Partners Co.,Ltd.",Wholesale Trade
3184.T,"International Conglomerate of Distribution for Automobile Holdings Co.,Ltd.",Retail Trade
3185.T,"DREAM VISION CO.,LTD.",Retail Trade
3186.T,"NEXTAGE Co.,Ltd.",Retail Trade
3187.T,sanwacompany ltd.,Retail Trade
3189.T,ANAP INC.,Retail Trade
3190.T,"HOTMAN Co.,Ltd.",Retail Trade
3191.T,"JOYFUL HONDA CO.,LTD.",Retail Trade
3192.T,"Shirohato Co.,Ltd.",Retail Trade
3193.T,"Eternal Hospitality Group Co.,Ltd.",Retail Trade
3195.T,"GENERATION PASS CO.,LTD.",Retail Trade
3196.T,"HOTLAND Co.,Ltd.",Retail Trade
3197.T,"SKYLARK HOLDINGS CO.,LTD.",Retail Trade
3198.T,"SFP Holdings Co.,Ltd.",Retail Trade
3199.T,"Watahan & Co.,Ltd.",Retail Trade
3201.T,"THE JAPAN WOOL TEXTILE CO.,LTD.",Textiles and Apparels
3202.T,"Daitobo Co.,Ltd.",Textiles and Apparels
3204.T,Toabo Corporation,Textiles and Apparels
3205.T,DAIDOH LIMITED,Textiles and Apparels
3221.T,"Yossix Holdings Co.,Ltd.",Retail Trade
3222.T,United Super Markets Holdings Inc.,Retail Trade
3223.T,SLD Entertainment Inc.,Retail Trade
3224.T,"General Oyster,Inc.",Retail Trade
3231.T,"Nomura Real Estate Holdings,Inc.",Real Estate
3232.T,"Mie Kotsu Group Holdings,Inc.",Real Estate
3236.T,"PROPERST CO.,LTD.",Real Estate
3237.T,"INTRANCE CO.,LTD.",Real Estate
3238.T,"CENTRAL GENERAL DEVELOPMENT CO.,LTD.",Real Estate
3241.T,"WILL,Co.,Ltd.",Real Estate
3242.T,"URBANET CORPORATION CO.,LTD.",Real Estate
3245.T,"DEAR LIFE CO.,LTD.",Real Estate
3246.T,"KOSE R.E. Co.,Ltd.",Real Estate
3248.T,"EARLY AGE CO.,Ltd.",Real Estate
3252.T,"JINUSHI Co.,Ltd.",Real Estate
3254.T,PRESSANCE CORPORATION,Real Estate
3261.T,"GRANDES,Inc.",Real Estate
3264.T,Ascot Corp.,Real Estate
3266.T,"Fund Creation Group Co.,Ltd.",Real Estate
3267.T,"Phil Company,Inc.",Construction
3271.T,The Global Ltd.,Real Estate
3275.T,HOUSECOM CORPORATION,Real Estate
3276.T,"Japan Property Management Center Co.,Ltd.",Real Estate
3277.T,"Sansei Landic Co.,Ltd",Real Estate
3280.T,"STrust Co.,Ltd.",Real Estate
3284.T,"Hoosiers Holdings Co.,Ltd.",Real Estate
3286.T,TRUST Holdings Inc.,Real Estate
3288.T,"Open House Group Co.,Ltd.",Real Estate
3289.T,Tokyu Fudosan Holdings Corporation,Real Estate
3291.T,"Iida Group Holdings Co.,Ltd.",Real Estate
3293.T,"AZUMA HOUSE Co.,Ltd.",Real Estate
3294.T,"e'grand Co.,Ltd",Real Estate
3297.T,"Toubujyuhan Co.,Ltd.",Real Estate
3299.T,"MUGEN ESTATE Co.,Ltd.",Real Estate
3300.T,"AMBITION DX HOLDINGS Co.,Ltd.",Real Estate
3302.T,"TEIKOKU SEN-I Co.,Ltd.",Textiles and Apparels
3306.T,"THE NIHON SEIMA CO.,LTD.",Wholesale Trade
3315.T,"NIPPON COKE & ENGINEERING COMPANY,LIMITED",Oil and Coal Products
3317.T,"FLYING GARDEN CO.,LTD.",Retail Trade
3319.T,Golf Digest Online Inc.,Retail Trade
3320.T,CROSS PLUS INC.,Wholesale Trade
3321.T,"MITACHI CO.,LTD.",Wholesale Trade
3322.T,Alpha Group Inc.,Wholesale Trade
3323.T,"RECOMM CO.,LTD.",Wholesale Trade
3326.T,"RUNSYSTEM CO.,LTD.",Services
3328.T,BEENOS Inc.,Retail Trade
3329.T,"TOWA FOOD SERVICE CO.,LTD.",Retail Trade
3333.T,"ASAHI CO.,LTD.",Retail Trade
3341.T,"NIHON CHOUZAI Co.,Ltd.",Retail Trade
3347.T,"TRUST CO.,LTD.",Retail Trade
3349.T,COSMOS Pharmaceutical Corporation,Retail Trade
3350.T,Metaplanet Inc.,Wholesale Trade
3352.T,"BUFFALO CO.,LTD.",Retail Trade
3353.T,"Medical Ikkou Group Co.,Ltd.",Retail Trade
3355.T,KURIYAMA HOLDINGS CORPORATION,Wholesale Trade
3358.T,"Y.S.FOOD CO.,LTD.",Retail Trade
3359.T,"cotta CO.,LTD",Wholesale Trade
3360.T,"SHIP HEALTHCARE HOLDINGS,INC.",Wholesale Trade
3361.T,"Toell Co.,Ltd.",Retail Trade
3370.T,"FUJITA CORPORATION Co.,Ltd.",Retail Trade
3371.T,SOFTCREATE HOLDINGS CORP.,Information & Communication
3372.T,"KANMONKAI Co.,Ltd.",Retail Trade
3374.T,Naigai Tec Corporation,Wholesale Trade
3375.T,ZOA CORPORATION,Retail Trade
3377.T,BIKE O & COMPANY Ltd.,Wholesale Trade
3382.T,"Seven & i Holdings Co.,Ltd.",Retail Trade
3386.T,"COSMO BIO COMPANY,LIMITED",Wholesale Trade
3387.T,create restaurants holdings inc.,Retail Trade
3388.T,"MEIJI ELECTRIC INDUSTRIES CO.,LTD.",Wholesale Trade
3391.T,TSURUHA HOLDINGS INC.,Retail Trade
3392.T,"DELICA FOODS HOLDINGS CO.,LTD.",Wholesale Trade
3393.T,"Startia Holdings,Inc.",Wholesale Trade
3395.T,"Saint Marc Holdings Co.,Ltd.",Retail Trade
3396.T,FELISSIMO CORPORATION,Retail Trade
3397.T,TORIDOLL Holdings Corporation,Retail Trade
3399.T,Maruchiyo Yamaokaya Corporation,Retail Trade
3401.T,TEIJIN LIMITED,Textiles and Apparels
3402.T,"TORAY INDUSTRIES,INC.",Textiles and Apparels
3405.T,"KURARAY CO.,LTD.",Chemicals
3407.T,ASAHI KASEI CORPORATION,Chemicals
3409.T,"KITANIHON SPINNING CO.,LTD",Textiles and Apparels
3415.T,"TOKYO BASE Co.,Ltd.",Retail Trade
3416.T,PIXTA Inc.,Retail Trade
3417.T,"OHKI HEALTHCARE HOLDINGS CO.,LTD.",Wholesale Trade
3418.T,"BALNIBARBI Co.,Ltd.",Retail Trade
3420.T,KFC Ltd,Metal Products
3421.T,"INABA SEISAKUSHO Co.,Ltd.",Metal Products
3422.T,"J-MAX Co.,Ltd.",Metal Products
3423.T,S E Corporation,Metal Products
3426.T,"ATOM LIVIN TECH Co.,Ltd.",Metal Products
3431.T,"MIYAJI ENGINEERING GROUP,INC.",Metal Products
3433.T,"TOCALO Co.,Ltd.",Metal Products
3434.T,ALPHA Corporation,Metal Products
3435.T,"SANKO TECHNO CO.,LTD.",Metal Products
3436.T,SUMCO CORPORATION,Metal Products
3437.T,"TOKUDEN CO.,LTD.",Metal Products
3439.T,Mitsuchi Corporation,Metal Products
3440.T,"NISSO PRONITY Co.,Ltd.",Metal Products
3441.T,"SANNO Co.,Ltd.",Metal Products
3443.T,"KAWADA TECHNOLOGIES,INC.",Metal Products
3444.T,"KIKUCHI SEISAKUSHO CO.,LTD.",Metal Products
3445.T,"RS Technologies Co.,Ltd.",Metal Products
3446.T,JTEC CORPORATION,Metal Products
3447.T,"Shinwa Co.,Ltd.",Metal Products
3448.T,"SUGA STEEL Co.,LTD.",Metal Products
3449.T,TECHNOFLEX CORPORATION,Metal Products
3450.T,"Sato Sangyo Co.,Ltd,",Metal Products
3452.T,B-Lot Company Limited,Real Estate
3454.T,"First Brothers Co.,Ltd.",Real Estate
3457.T,"&Do Holdings Co.,Ltd.",Real Estate
3458.T,"CRE,Inc.",Real Estate
3461.T,"Palma Co.,Ltd.",Real Estate
3465.T,"KI-STAR REAL ESTATE CO.,LTD",Real Estate
3467.T,Agratio urban design Inc.,Real Estate
3469.T,"Dualtap Co.,Ltd.",Real Estate
3474.T,"G-FACTORY CO.,LTD.",Real Estate
3475.T,"Good Com Asset Co.,Ltd.",Real Estate
3477.T,"FORLIFE Co.,Ltd.",Real Estate
3479.T,TKP Corporation,Real Estate
3480.T,"J.S.B.Co.,Ltd.",Real Estate
3482.T,Loadstar Capital K.K.,Real Estate
3483.T,"SHOEI CO.,LTD.",Real Estate
3484.T,"Tenpo Innovation CO.,LTD.",Real Estate
3486.T,GLOBAL LINK MANAGEMENT INC.,Real Estate
3489.T,"FaithNetwork Co.,Ltd",Real Estate
3490.T,"Azplanning Co.,Ltd.",Real Estate
3491.T,"GAtechnologies Co.,Ltd.",Real Estate
3494.T,"Mullion Co.,Ltd.",Real Estate
3495.T,"Koryojyuhan Co.,Ltd.",Real Estate
3496.T,"AZOOM CO.,LTD",Real Estate
3497.T,LeTech Corporation,Real Estate
3498.T,"Kasumigaseki Capital Co.,Ltd.",Real Estate
3501.T,"Suminoe Textile Co.,Ltd.",Textiles and Apparels
3512.T,Nippon Felt Company Limited,Textiles and Apparels
3513.T,"ICHIKAWA CO.,LTD.",Textiles and Apparels
3521.T,"ECONACH HOLDINGS CO.,LTD.",Services
3524.T,"NITTO SEIMO CO.,LTD.",Textiles and Apparels
3526.T,"ASHIMORI INDUSTRY CO.,LTD.",Transportation Equipment
3529.T,"ATSUGI CO.,LTD.",Textiles and Apparels
3536.T,"AXAS HOLDINGS CO.,LTD.",Retail Trade
3537.T,"SHOEI YAKUHIN CO.,LTD.",Wholesale Trade
3538.T,WILLPLUS Holdings Corporation,Retail Trade
3539.T,"JM HOLDINGS CO.,LTD.",Retail Trade
3540.T,"C.I.MEDICAL CO.,LTD.",Wholesale Trade
3541.T,Nousouken Corporation,Wholesale Trade
3542.T,"Vega corporation Co.,Ltd.",Retail Trade
3543.T,"KOMEDA Holdings Co.,Ltd.",Wholesale Trade
3544.T,"SATUDORA HOLDINGS CO.,LTD.",Retail Trade
3546.T,"Alleanza Holdings Co.,Ltd.",Retail Trade
3547.T,KUSHIKATSU TANAKA HOLDINGS CO.,Retail Trade
3548.T,BAROQUE JAPAN LIMITED,Retail Trade
3549.T,"KUSURI NO AOKI HOLDINGS CO.,LTD.",Retail Trade
3550.T,"STUDIO ATAO Co.,Ltd.",Retail Trade
3551.T,DYNIC CORPORATION,Textiles and Apparels
3553.T,"KYOWA LEATHER CLOTH CO.,LTD.",Chemicals
3556.T,"RenetJapanGroup,Inc.",Retail Trade
3557.T,UNITED&COLLECTIVE CO.LTD.,Retail Trade
3558.T,"JADE GROUP,Inc.",Retail Trade
3559.T,p-ban.com Corp.,Wholesale Trade
3560.T,"Hobonichi Co.,Ltd.",Retail Trade
3561.T,"CHIKARANOMOTO HOLDINGS Co.,Ltd.",Retail Trade
3562.T,"No.1 Co.,Ltd",Wholesale Trade
3563.T,FOOD & LIFE COMPANIES LTD.,Retail Trade
3565.T,Ascentech K.K.,Wholesale Trade
3566.T,"UNIFORM NEXT CO.,LTD.",Retail Trade
3569.T,"SEIREN CO.,LTD.",Textiles and Apparels
3571.T,"SOTOH CO.,LTD.",Textiles and Apparels
3577.T,Tokai Senko K.K.,Textiles and Apparels
3580.T,"KOMATSU MATERE Co.,Ltd.",Textiles and Apparels
3583.T,AuBEX CORPORATION,Textiles and Apparels
3591.T,WACOAL HOLDINGS CORP.,Textiles and Apparels
3593.T,"HOGY MEDICAL CO.,LTD.",Textiles and Apparels
3597.T,"JICHODO Co.,Ltd.",Textiles and Apparels
3598.T,"YAMAKI CO.,LTD.",Textiles and Apparels
3600.T,FUJIX Ltd.,Textiles and Apparels
3604.T,KAWAMOTO CORPORATION,Textiles and Apparels
3607.T,"KURAUDIA HOLDINGS CO.,LTD.",Textiles and Apparels
3608.T,"TSI HOLDINGS CO.,LTD.",Textiles and Apparels
3611.T,MATSUOKA CORPORATION,Textiles and Apparels
3612.T,"WORLD CO.,LTD.",Textiles and Apparels
3622.T,Netyear Group Corporation,Information & Communication
3623.T,Billing System Corporation,Information & Communication
3624.T,AXEL MARK INC.,Information & Communication
3625.T,Techfirm Holdings Inc.,Information & Communication
3626.T,TIS Inc.,Information & Communication
3627.T,TECMIRA HOLDINGS INC.,Information & Communication
3628.T,"DATA HORIZON CO.,LTD.",Information & Communication
3632.T,"GREE,Inc.",Information & Communication
3633.T,"GMO Pepabo,Inc.",Information & Communication
3634.T,Sockets Inc.,Information & Communication
3635.T,"KOEI TECMO HOLDINGS CO.,LTD.",Information & Communication
3636.T,"Mitsubishi Research Institute,Inc.",Information & Communication
3639.T,Voltage Incorporation,Information & Communication
3640.T,"DENSAN CO.,LTD.",Information & Communication
3641.T,"PAPYLESS CO.,LTD.",Information & Communication
3645.T,"Medical Net,Inc.",Information & Communication
3646.T,"Ekitan & Co.,Ltd.",Information & Communication
3647.T,G Three Holdings CORPORATION,Information & Communication
3648.T,AGS Corporation,Information & Communication
3649.T,FINDEX Inc.,Information & Communication
3652.T,Digital Media Professionals Inc.,Information & Communication
3653.T,"Morpho,Inc.",Information & Communication
3655.T,BrainPad Inc.,Information & Communication
3656.T,KLab Inc.,Information & Communication
3657.T,"Pole To Win Holdings,Inc.",Information & Communication
3659.T,"NEXON Co.,Ltd.",Information & Communication
3660.T,istyle Inc.,Information & Communication
3661.T,"m-up holdings,Inc.",Information & Communication
3662.T,Ateam Inc.,Information & Communication
3663.T,"CELSYS,Inc.",Information & Communication
3664.T,MOBCAST HOLDINGS INC.,Information & Communication
3665.T,Enigmo Inc.,Information & Communication
3666.T,TECNOS JAPAN INCORPORATED,Information & Communication
3667.T,"enish,inc.",Information & Communication
3668.T,"COLOPL,Inc.",Information & Communication
3670.T,"Kyoritsu Computer & Communication Co.,Ltd.",Information & Communication
3671.T,"SOFTMAX CO.,LTD",Information & Communication
3672.T,AltPlusInc.,Information & Communication
3673.T,"Broadleaf Co.,Ltd.",Information & Communication
3674.T,"Aucfan Co.,Ltd.",Information & Communication
3675.T,Cross Marketing Group Inc.,Information & Communication
3676.T,"DIGITAL HEARTS HOLDINGS Co.,Ltd.",Information & Communication
3678.T,"MEDIA DO Co.,Ltd.",Information & Communication
3679.T,"ZIGExN Co.,Ltd.",Information & Communication
3680.T,Hotto Link Inc.,Information & Communication
3681.T,"V-cube,Inc.",Information & Communication
3682.T,"Encourage Technologies Co.,Ltd.",Information & Communication
3683.T,"CYBERLINKS CO.,LTD.",Information & Communication
3686.T,DLE Inc.,Information & Communication
3687.T,Fixstars Corporation,Information & Communication
3688.T,"CARTA HOLDINGS,INC.",Information & Communication
3690.T,YRGLM Inc.,Information & Communication
3691.T,"DIGITAL PLUS,Inc.",Information & Communication
3692.T,"FFRI Security,Inc.",Information & Communication
3694.T,OPTiM CORPORATION,Information & Communication
3695.T,"GMO Research & AI,Inc.",Information & Communication
3696.T,CERES INC.,Information & Communication
3697.T,SHIFT Inc.,Information & Communication
3698.T,"CRI Middleware Co.,Ltd.",Information & Communication
3708.T,"Tokushu Tokai Paper Co.,Ltd.",Pulp and Paper
3710.T,"Jorudan Co.,Ltd.",Information & Communication
3712.T,"Information Planning CO.,LTD.",Information & Communication
3719.T,"GEXEED CO.,LTD.",Information & Communication
3723.T,NIHON FALCOM CORPORATION,Information & Communication
3726.T,"4Cs HD Co.,Ltd.",Retail Trade
3727.T,Aplix Corporation,Information & Communication
3733.T,"Software Service,Inc.",Information & Communication
3738.T,T-Gaia Corporation,Information & Communication
3741.T,"Systems Engineering Consultants Co.,LTD.",Information & Communication
3744.T,SIOS Corporation,Information & Communication
3747.T,"INTERTRADE Co.,Ltd.",Information & Communication
3750.T,"Cytori Cell Research Institute,Inc.",Information & Communication
3753.T,FLIGHT SOLUTIONS Inc.,Information & Communication
3758.T,Aeria Inc.,Information & Communication
3760.T,"CAVE Interactive CO.,LTD.",Information & Communication
3762.T,TECHMATRIX CORPORATION,Information & Communication
3763.T,Pro-Ship Incorporated,Information & Communication
3765.T,"GungHo Online Entertainment,Inc.",Information & Communication
3766.T,"SYSTEMS DESIGN Co.,Ltd.",Information & Communication
3768.T,Riskmonster.com,Information & Communication
3769.T,"GMO Payment Gateway,Inc.",Information & Communication
3770.T,"ZAPPALLAS,INC.",Information & Communication
3771.T,"SYSTEM RESEARCH CO.,LTD.",Information & Communication
3772.T,"Wealth Management,Inc.",Real Estate
3773.T,"Advanced Media,Inc.",Information & Communication
3774.T,Internet Initiative Japan Inc.,Information & Communication
3776.T,"BroadBand Tower,Inc.",Information & Communication
3777.T,Environment Friendly Holdings Corp.,Information & Communication
3778.T,SAKURA internet Inc.,Information & Communication
3779.T,"J ESCOM HOLDINGS,INC.",Information & Communication
3787.T,"Techno Mathematical Co.,Ltd.",Information & Communication
3788.T,GMO GlobalSign Holdings K.K.,Information & Communication
3791.T,"IG Port,Inc.",Information & Communication
3793.T,"Drecom Co.,Ltd.",Information & Communication
3796.T,"e-Seikatsu Co.,Ltd.",Information & Communication
3798.T,"ULS Group,Inc.",Information & Communication
3799.T,Keyware Solutions Inc.,Information & Communication
3800.T,UNIRITA Inc.,Information & Communication
3802.T,"ECOMIC CO.,LTD",Information & Communication
3803.T,Image Information Inc.,Information & Communication
3804.T,System D Inc.,Information & Communication
3807.T,FISCO Ltd.,Information & Communication
3810.T,"CyberStep,Inc.",Information & Communication
3814.T,"Alphax Food System Co.,LTD",Information & Communication
3815.T,"Media Kobo,Inc.",Information & Communication
3816.T,"DAIWA COMPUTER CO.,LTD.",Information & Communication
3817.T,"SRA Holdings,Inc.",Information & Communication
3823.T,"THE WHY HOW DO COMPANY,Inc.",Information & Communication
3825.T,"Remixpoint,inc.",Retail Trade
3826.T,System Integrator Corp.,Information & Communication
3834.T,"Asahi Net,Inc.",Information & Communication
3835.T,"eBASE Co.,Ltd.",Information & Communication
3836.T,AVANT GROUP CORPORATION,Information & Communication
3837.T,Ad-Sol Nissin Corporation,Information & Communication
3839.T,"ODK Solutions Company,Ltd.",Information & Communication
3840.T,PATH Corporation,Information & Communication
3841.T,Jedat Inc.,Information & Communication
3842.T,"Nextgen,Inc.",Information & Communication
3843.T,"FreeBit Co.,Ltd.",Information & Communication
3844.T,COMTURE CORPORATION,Information & Communication
3845.T,I-FREEK MOBILE INC.,Information & Communication
3847.T,PACIFIC SYSTEMS CORPORATION,Information & Communication
3848.T,"Data Applications Company,Limited",Information & Communication
3850.T,NTT DATA INTRAMART CORPORATION,Information & Communication
3851.T,"Nippon Ichi Software,Inc.",Information & Communication
3853.T,ASTERIA Corporation,Information & Communication
3854.T,I'LL INC,Information & Communication
3856.T,Abalance Corporation,Electric Appliances
3857.T,"LAC Co.,Ltd.",Information & Communication
3858.T,Ubiquitous AI Corporation,Information & Communication
3861.T,Oji Holdings Corporation,Pulp and Paper
3863.T,"Nippon Paper Industries Co.,Ltd.",Pulp and Paper
3864.T,Mitsubishi Paper Mills Limited,Pulp and Paper
3865.T,Hokuetsu Corporation,Pulp and Paper
3877.T,"Chuetsu Pulp & Paper Co.,Ltd.",Pulp and Paper
3878.T,TOMOEGAWA CORPORATION,Chemicals
3880.T,Daio Paper Corporation,Pulp and Paper
3891.T,NIPPON KODOSHI CORPORATION,Pulp and Paper
3892.T,"Okayama Paper Industries Co.,Ltd.",Pulp and Paper
3895.T,HAVIX CORPORATION,Pulp and Paper
3896.T,"AWA PAPER & TECHNOLOGICAL COMPANY,Inc.",Pulp and Paper
3900.T,CrowdWorks Inc.,Information & Communication
3901.T,"MarkLines Co.,Ltd.",Information & Communication
3902.T,"Medical Data Vision Co.,Ltd.",Information & Communication
3903.T,gumi Inc.,Information & Communication
3904.T,KAYAC Inc.,Information & Communication
3905.T,Datasection Inc.,Information & Communication
3907.T,Silicon Studio Corp.,Information & Communication
3908.T,Collabos Corporation,Information & Communication
3909.T,Showcase Inc.,Information & Communication
3910.T,MKSystem Corporation,Information & Communication
3911.T,Aiming Inc.,Information & Communication
3912.T,"Mobile Factory,Inc.",Information & Communication
3913.T,"GreenBee,Inc.",Information & Communication
3914.T,JIG-SAW INC.,Information & Communication
3915.T,"TerraSky Co.,Ltd",Information & Communication
3916.T,Digital Information Technologies Corporation,Information & Communication
3917.T,"iRidge,Inc.",Information & Communication
3918.T,"PCI Holdings,INC.",Information & Communication
3920.T,"Internetworking and Broadband Consulting Co.,Ltd.",Information & Communication
3921.T,NEOJAPAN Inc.,Information & Communication
3922.T,PR TIMES Corporation,Information & Communication
3923.T,"RAKUS Co.,Ltd.",Information & Communication
3924.T,"R&D COMPUTER CO.,LTD.",Information & Communication
3925.T,Double Standard Inc.,Information & Communication
3926.T,Open Door Inc.,Information & Communication
3927.T,Fuva Brain Limited,Information & Communication
3928.T,Mynet Inc.,Information & Communication
3929.T,"SOCIALWIRE CO.,LTD.",Information & Communication
3930.T,"Hatena Co.,Ltd.",Information & Communication
3931.T,VALUE GOLF Inc.,Information & Communication
3932.T,Akatsuki Inc.,Information & Communication
3933.T,"CHIeru Co.,Ltd.",Information & Communication
3934.T,"BENEFIT JAPAN Co.,LTD.",Information & Communication
3935.T,"Edia Co.,Ltd.",Information & Communication
3936.T,"Globalway,Inc.",Information & Communication
3937.T,"Ubicom Holdings,Inc.",Information & Communication
3939.T,"Kanamic Network Co.,LTD",Information & Communication
3940.T,"Nomura System Corporation Co,Ltd.",Information & Communication
3941.T,"Rengo Co.,Ltd.",Pulp and Paper
3943.T,"OHISHI SANGYO CO.,LTD.",Pulp and Paper
3944.T,"Furubayashi Shiko Co.,Ltd.",Pulp and Paper
3945.T,"Superbag Company,Limited",Pulp and Paper
3946.T,"TOMOKU CO.,LTD.",Pulp and Paper
3947.T,"Dynapac Co.,Ltd.",Pulp and Paper
3948.T,"HIKARI BUSINESS FORM CO.,LTD.",Pulp and Paper
3950.T,THE PACK CORPORATION,Pulp and Paper
3951.T,"ASAHI PRINTING CO.,LTD.",Pulp and Paper
3953.T,"OHMURA SHIGYO CO.,LTD.",Pulp and Paper
3954.T,SHOWA PAXXS CORPORATION,Pulp and Paper
3955.T,"IMURA & Co.,Ltd.",Pulp and Paper
3958.T,"Sasatoku Printing Co.,Ltd.",Pulp and Paper
3961.T,"Silver Egg Technology CO.,Ltd.",Information & Communication
3962.T,"CHANGE Holdings,Inc.",Information & Communication
3963.T,"Synchro Food Co.,Ltd.",Information & Communication
3964.T,AUCNET INC.,Information & Communication
3965.T,"Capital Asset Planning,Inc.",Information & Communication
3967.T,"Eltes Co.,Ltd.",Information & Communication
3968.T,"Segue Group Co.,Ltd.",Information & Communication
3969.T,ATLED CORP.,Information & Communication
3970.T,Innovation Inc.,Information & Communication
3974.T,SCAT Inc.,Information & Communication
3976.T,SHANON Inc.,Information & Communication
3978.T,"MACROMILL,INC.",Information & Communication
3979.T,"ULURU.CO.,LTD.",Information & Communication
3981.T,Beaglee Inc.,Information & Communication
3983.T,"ORO Co.,Ltd.",Information & Communication
3984.T,"User Local,Inc.",Information & Communication
3985.T,TEMONA.inc.,Information & Communication
3986.T,"bBreak Systems Company,Limited",Information & Communication
3987.T,Ecomott Inc.,Information & Communication
3988.T,"SYS Holdings Co.,Ltd.",Information & Communication
3989.T,SHARINGTECHNOLOGY.INC,Information & Communication
3990.T,"UUUM Co.,Ltd.",Information & Communication
3991.T,"Wantedly,Inc",Information & Communication
3992.T,Needs Well Inc.,Information & Communication
3993.T,PKSHA Technology Inc.,Information & Communication
3994.T,"Money Forward,Inc.",Information & Communication
3996.T,Signpost Corporation,Information & Communication
3997.T,"TRADE WORKS Co.,Ltd",Information & Communication
3998.T,"SuRaLa Net Co.,Ltd.",Information & Communication
4004.T,Resonac Holdings Corporation,Chemicals
4005.T,"SUMITOMO CHEMICAL COMPANY,LIMITED",Chemicals
4008.T,"Sumitomo Seika Chemicals Company,Limited.",Chemicals
4011.T,"Headwaters Co.,Ltd",Information & Communication
4012.T,"AXIS CO.,LTD.",Information & Communication
4013.T,"Kinjiro Co.,Ltd.",Information & Communication
4014.T,"KARADANOTE,INC.",Information & Communication
4015.T,Paycloud Holdings Inc.,Information & Communication
4016.T,"MIT Holdings CO.,LTD.",Information & Communication
4017.T,CREEMA LTD.,Information & Communication
4019.T,"Stmn,Inc.",Information & Communication
4020.T,BETREND CORPORATION,Information & Communication
4021.T,Nissan Chemical Corporation,Chemicals
4022.T,"Rasa Industries,Ltd.",Chemicals
4023.T,KUREHA CORPORATION,Chemicals
4025.T,"TAKI CHEMICAL CO.,LTD.",Chemicals
4026.T,"Konoshima Chemical Co.,Ltd.",Glass and Ceramics Products
4027.T,TAYCA CORPORATION,Chemicals
4028.T,"ISHIHARA SANGYO KAISHA,LTD.",Chemicals
4031.T,Katakura & Co-op Agri Corporation,Chemicals
4040.T,"NANKAI CHEMICAL COMPANY,LIMITED",Chemicals
4041.T,"Nippon Soda Co.,Ltd.",Chemicals
4042.T,TOSOH CORPORATION,Chemicals
4043.T,Tokuyama Corporation,Chemicals
4044.T,"Central Glass Co.,Ltd.",Chemicals
4045.T,"TOAGOSEI CO.,LTD.",Chemicals
4046.T,"OSAKA SODA CO.,LTD.",Chemicals
4047.T,"KANTO DENKA KOGYO CO.,LTD.",Chemicals
4051.T,"GMO Financial Gate,Inc.",Information & Communication
4052.T,Ficha Inc.,Information & Communication
4053.T,Sun* Inc.,Information & Communication
4054.T,"Japan PropTech Co.,Ltd.",Information & Communication
4055.T,T&S Group Inc.,Information & Communication
4056.T,Neural Group Inc.,Information & Communication
4057.T,"Interfactory,Inc.",Information & Communication
4058.T,"Toyokumo,Inc.",Information & Communication
4059.T,"Magmag,Inc.",Information & Communication
4060.T,rakumo Inc.,Information & Communication
4061.T,Denka Company Limited,Chemicals
4062.T,"IBIDEN CO.,LTD.",Electric Appliances
4063.T,"Shin-Etsu Chemical Co.,Ltd.",Chemicals
4064.T,"Nippon Carbide Industries Company,Incorporated",Chemicals
4068.T,Basis Corporation,Information & Communication
4069.T,BlueMeme Inc.,Information & Communication
4071.T,"Plus Alpha Consulting Co.,LTD.",Information & Communication
4072.T,"Densan System Holdings Co.,Ltd.",Information & Communication
4073.T,"Global Communication Planning Co.,Ltd.",Information & Communication
4074.T,"LaKeel,Inc.",Information & Communication
4075.T,"Brains Technology,Inc.",Information & Communication
4076.T,"CNS Co.,Ltd.",Information & Communication
4078.T,"Sakai Chemical Industry Co.,Ltd.",Chemicals
4080.T,TANAKA CHEMICAL CORPORATION,Chemicals
4082.T,"DAIICHI KIGENSO KAGAKU-KOGYO CO.,LTD",Chemicals
4088.T,AIR WATER INC.,Chemicals
4091.T,NIPPON SANSO HOLDINGS CORPORATION,Chemicals
4092.T,"Nippon Chemical Industrial Co.,Ltd.",Chemicals
4093.T,"Toho Acetylene Co.,Ltd.",Chemicals
4094.T,"NIHON KAGAKU SANGYO CO.,LTD.",Chemicals
4095.T,"NIHON PARKERIZING CO.,LTD.",Chemicals
4097.T,"KOATSU GAS KOGYO CO.,LTD.",Chemicals
4098.T,"Titan Kogyo ,Ltd.",Chemicals
4099.T,SHIKOKU KASEI HOLDINGS CORPORATION,Chemicals
4100.T,TODA KOGYO CORP.,Chemicals
4102.T,"Maruo Calcium Co.,Ltd.",Chemicals
4107.T,ISE CHEMICALS CORPORATION,Chemicals
4109.T,STELLA CHEMIFA CORPORATION,Chemicals
4112.T,"Hodogaya Chemical Co.,Ltd.",Chemicals
4113.T,"TAOKA CHEMICAL COMPANY,LIMITED",Chemicals
4114.T,"NIPPON SHOKUBAI CO.,LTD.",Chemicals
4116.T,"Dainichiseika Color & Chemicals Mfg.Co.,Ltd.",Chemicals
4118.T,KANEKA CORPORATION,Chemicals
4119.T,"Nippon Pigment Company,Limited",Chemicals
4120.T,"SUGAI CHEMICAL INDUSTRY CO.,LTD.",Chemicals
4124.T,OSAKA YUKA INDUSTRY LTD.,Chemicals
4125.T,SANWAYUKA INDUSTRY CORPORATION,Chemicals
4151.T,"Kyowa Kirin Co.,Ltd.",Pharmaceutical
4165.T,"PLAID,Inc.",Information & Communication
4166.T,Cacco Inc.,Information & Communication
4167.T,Kokopelli Inc.,Information & Communication
4168.T,"Yappli,Inc.",Information & Communication
4169.T,ENECHANGE Ltd.,Information & Communication
4170.T,"Kaizen Platform,Inc.",Information & Communication
4171.T,"Global Information,Inc.",Information & Communication
4172.T,"TOWA Hi SYSTEM CO.,LTD.",Information & Communication
4173.T,WACUL.INC,Information & Communication
4174.T,Appirits Inc.,Information & Communication
4175.T,coly Inc.,Information & Communication
4176.T,coconala Inc.,Information & Communication
4177.T,"i-plug,Inc.",Information & Communication
4178.T,Sharing Innovations Inc.,Information & Communication
4179.T,G-NEXT Inc.,Information & Communication
4180.T,"Appier Group,Inc.",Information & Communication
4182.T,"Mitsubishi Gas Chemical Company,Inc.",Chemicals
4183.T,"Mitsui Chemicals,Inc.",Chemicals
4186.T,"TOKYO OHKA KOGYO CO.,LTD.",Chemicals
4187.T,OSAKA ORGANIC CHEMICAL INDUSTRY LTD.,Chemicals
4188.T,Mitsubishi Chemical Group Corporation,Chemicals
4189.T,"KH Neochem Co.,Ltd.",Chemicals
4192.T,SpiderPlus & Co.,Information & Communication
4193.T,"Fabrica Holdings Co.,Ltd.",Information & Communication
4194.T,"Visional,Inc.",Information & Communication
4196.T,NEO MARKETING Inc.,Information & Communication
4197.T,"ASMARQ Co.,Ltd.",Information & Communication
4198.T,"TENDA Co.,LTD.",Information & Communication
4199.T,WonderPlanet Inc.,Information & Communication
4202.T,Daicel Corporation,Chemicals
4203.T,"Sumitomo Bakelite Company,Limited",Chemicals
4204.T,"Sekisui Chemical Co.,Ltd.",Chemicals
4205.T,ZEON CORPORATION,Chemicals
4206.T,"Aica Kogyo Company,Limited",Chemicals
4208.T,UBE Corporation,Chemicals
4212.T,Sekisui Jushi Corporation,Chemicals
4215.T,C.I. TAKIRON Corporation,Chemicals
4216.T,ASAHI YUKIZAI CORPORATION,Chemicals
4218.T,"NICHIBAN CO.,LTD.",Chemicals
4220.T,RIKEN TECHNOS CORPORATION,Chemicals
4221.T,"Okura Industrial Co.,Ltd.",Chemicals
4222.T,"KODAMA CHEMICAL INDUSTRY CO.,LTD.",Chemicals
4224.T,LONSEAL CORPORATION,Chemicals
4228.T,"Sekisui Kasei Co.,Ltd.",Chemicals
4229.T,"Gun Ei Chemical Industry Co.,Ltd.",Chemicals
4231.T,TIGERS POLYMER CORPORATION,Chemicals
4234.T,"Sun A.Kaken Company,Limited",Chemicals
4235.T,"Ultrafabrics Holdings Co.,Ltd.",Chemicals
4237.T,Fujipream Corporation,Chemicals
4238.T,"Miraial Co.,Ltd.",Chemicals
4240.T,"CLUSTER TECHNOLOGY CO.,LTD.",Chemicals
4241.T,atect corporation,Chemicals
4242.T,TAKAGI SEIKO CORPORATION,Chemicals
4243.T,"NIX,INC.",Chemicals
4245.T,"Daiki Axis Co.,Ltd.",Chemicals
4246.T,DaikyoNishikawa Corporation,Chemicals
4247.T,"POVAL KOGYO CO.,LTD.",Chemicals
4248.T,"Takemoto Yohki Co.,Ltd.",Chemicals
4249.T,"MORIROKU HOLDINGS COMPANY,LTD.",Chemicals
4251.T,KEIWA Incorporated,Chemicals
4255.T,THECOO Inc.,Information & Communication
4256.T,"CYND Co.,Ltd.",Information & Communication
4257.T,Evixar Inc.,Information & Communication
4258.T,AMIYA Corporation,Information & Communication
4259.T,ExaWizards Inc.,Information & Communication
4260.T,"Hybrid Technologies Co.,Ltd.",Information & Communication
4261.T,"AsiaQuest Co.,Ltd.",Information & Communication
4262.T,"NIFTY Lifestyle Co.,Ltd.",Information & Communication
4263.T,"SUSMED,Inc.",Information & Communication
4264.T,"SECURE,INC.",Information & Communication
4265.T,Institution for a Global Society Corporation,Information & Communication
4267.T,LIGHTWORKS Corporation,Information & Communication
4268.T,EDGE Technology Inc.,Information & Communication
4270.T,BeeX Inc.,Information & Communication
4272.T,"NIPPON KAYAKU CO.,LTD.",Chemicals
4274.T,"HOSOYA PYRO-ENGINEERING CO.,LTD.",Chemicals
4275.T,"Carlit Holdings Co.,Ltd.",Chemicals
4284.T,"SOLXYZ Co.,Ltd.",Information & Communication
4286.T,CL Holdings Inc.,Services
4287.T,JUST PLANNING INC.,Information & Communication
4288.T,"Asgent,Inc.",Information & Communication
4290.T,Prestige International Inc.,Services
4293.T,"SEPTENI HOLDINGS CO.,LTD.",Services
4295.T,"Faith, Inc.",Information & Communication
4298.T,PROTO CORPORATION,Information & Communication
4299.T,"HIMACS,Ltd.",Information & Communication
4301.T,AMUSE INC.,Services
4304.T,Estore Corporation,Information & Communication
4307.T,"Nomura Research Institute,Ltd.",Information & Communication
4308.T,J-Stream Inc.,Information & Communication
4310.T,Dream Incubator Inc.,Services
4316.T,"BeMap,Inc.",Information & Communication
4317.T,Ray Corporation,Services
4318.T,"QUICK CO.,LTD.",Services
4319.T,"TAC CO.,LTD.",Services
4320.T,"CE Holdings Co.,Ltd.",Information & Communication
4323.T,"Japan System Techniques Co.,Ltd.",Information & Communication
4324.T,DENTSU GROUP INC.,Services
4326.T,INTAGE HOLDINGS Inc.,Information & Communication
4331.T,"TAKE AND GIVE. NEEDS Co.,Ltd.",Services
4333.T,"TOHO SYSTEM SCIENCE CO.,LTD.",Information & Communication
4334.T,"YUKE'S Co.,Ltd.",Information & Communication
4335.T,"IPS CO.,LTD.",Information & Communication
4337.T,PIA CORPORATION,Services
4341.T,SEIRYO ELECTRIC CORPORATION,Services
4343.T,"AEON Fantasy Co.,LTD.",Services
4344.T,SOURCENEXT CORPORATION,Information & Communication
4345.T,"CTS Co.,Ltd.",Services
4346.T,NEXYZ.Group Corporation,Other Financing Business
4347.T,Broadmedia Corporation,Services
4348.T,INFOCOM CORPORATION,Information & Communication
4350.T,"MEDICAL SYSTEM NETWORK Co.,Ltd.",Retail Trade
4351.T,"YAMADA SERVICER SYNTHETIC OFFICE CO.,LTD",Other Financing Business
4356.T,"APPLIED TECHNOLOGY CO.,LTD.",Information & Communication
4360.T,"MANAC Chemical Partners Co.,Ltd",Chemicals
4361.T,"KAWAGUCHI CHEMICAL INDUSTRY CO.,LTD.",Chemicals
4362.T,"Nippon Fine Chemical Co.,Ltd.",Chemicals
4365.T,"MATSUMOTO YUSHI-SEIYAKU CO.,LTD.",Chemicals
4366.T,Daito Chemix Corporation,Chemicals
4367.T,"KOEI CHEMICAL COMPANY,LIMITED",Chemicals
4368.T,"FUSO CHEMICAL CO.,LTD.",Chemicals
4369.T,Tri Chemical Laboratories Inc.,Chemicals
4370.T,Mobilus Corporation,Information & Communication
4371.T,Core Concept Technologies Inc.,Information & Communication
4372.T,"YMIRLINK,Inc.",Information & Communication
4373.T,"Simplex Holdings,Inc.",Information & Communication
4374.T,ROBOT PAYMENT INC.,Information & Communication
4375.T,Safie Inc.,Information & Communication
4376.T,Kufu Company Inc.,Information & Communication
4377.T,ONE CAREER Inc.,Information & Communication
4378.T,CINC Corp.,Information & Communication
4379.T,Photosynth inc.,Information & Communication
4380.T,M - mart Inc.,Information & Communication
4381.T,"BPLATS,Inc.",Information & Communication
4382.T,"HEROZ,Inc.",Information & Communication
4384.T,RAKSUL INC.,Information & Communication
4385.T,"Mercari,Inc.",Information & Communication
4386.T,"SIG Group Co.,Ltd.",Information & Communication
4387.T,"ZUU Co.,Ltd.",Information & Communication
4388.T,"AI,Inc.",Information & Communication
4389.T,"Property Data Bank,Inc.",Information & Communication
4390.T,"IPS,Inc.",Information & Communication
4391.T,"Logizard Co.,Ltd.",Information & Communication
4392.T,"Future Innovation Group,Inc.",Information & Communication
4393.T,"Bank of Innovation,Inc.",Information & Communication
4394.T,"eXmotion Co.,Ltd.",Information & Communication
4395.T,Accrete Inc.,Information & Communication
4396.T,System Support Inc.,Information & Communication
4397.T,TeamSpirit Inc.,Information & Communication
4398.T,"BroadBand Security,Inc.",Information & Communication
4401.T,ADEKA CORPORATION,Chemicals
4403.T,NOF CORPORATION,Chemicals
4404.T,"Miyoshi Oil & Fat Co.,Ltd.",Foods
4406.T,"New Japan Chemical Co.,Ltd.",Chemicals
4409.T,"TOHO CHEMICAL INDUSTRY COMPANY,LIMITED",Chemicals
4410.T,"HARIMA CHEMICALS GROUP,INC.",Chemicals
4412.T,"Science Arts,Inc.",Information & Communication
4413.T,"baudroie,inc.",Information & Communication
4414.T,"FLECT Co.,Ltd.",Information & Communication
4415.T,"BROAD ENTERPRISE CO.,LTD.",Information & Communication
4416.T,True Data Inc.,Information & Communication
4417.T,Global Security Experts Inc.,Information & Communication
4418.T,Japan Data Science Consortium Co.Ltd.,Information & Communication
4419.T,Finatext Holdings Ltd.,Information & Communication
4420.T,"eSOL Co.,Ltd.",Information & Communication
4421.T,"D.I.System Co.,Ltd.",Information & Communication
4422.T,VALUENEX Japan Inc.,Information & Communication
4424.T,"Amazia,inc.",Information & Communication
4425.T,Kudan Inc.,Information & Communication
4426.T,"Passlogy Co.,Ltd.",Information & Communication
4427.T,"EduLab,Inc.",Information & Communication
4428.T,sinops Inc.,Information & Communication
4429.T,"Ricksoft Co.,Ltd.",Information & Communication
4430.T,"TOKAI SOFT CO.,LTD.",Information & Communication
4431.T,"Smaregi,Inc.",Information & Communication
4432.T,WingArc1st Inc.,Information & Communication
4433.T,"HITO-Communications Holdings,Inc.",Information & Communication
4434.T,"Serverworks Co.,Ltd.",Information & Communication
4435.T,"kaonavi,inc.",Information & Communication
4436.T,"MINKABU THE INFONOID,Inc.",Information & Communication
4437.T,"gooddays holdings,Inc.",Information & Communication
4438.T,Welby Inc.,Information & Communication
4439.T,"TOUMEI CO.,LTD.",Information & Communication
4440.T,WITZ Corporation,Information & Communication
4441.T,Tobila Systems Inc.,Information & Communication
4442.T,"VALTES HOLDINGS CO.,LTD.",Information & Communication
4443.T,"Sansan,Inc.",Information & Communication
4444.T,infoNet inc.,Information & Communication
4445.T,Living Technologies Inc.,Information & Communication
4446.T,Link-U Group Inc.,Information & Communication
4447.T,"PBsystems,Inc.",Information & Communication
4448.T,"Chatwork Co.,Ltd.",Information & Communication
4449.T,giftee Inc.,Information & Communication
4450.T,"Power Solutions,Ltd.",Information & Communication
4452.T,Kao Corporation,Chemicals
4461.T,DKS Co.Ltd.,Chemicals
4462.T,"ISHIHARA CHEMICAL CO.,LTD.",Chemicals
4463.T,"NICCA CHEMICAL CO.,LTD.",Chemicals
4464.T,SOFT99corporation,Chemicals
4465.T,"Niitaka Co., Ltd.",Chemicals
4471.T,"SANYO CHEMICAL INDUSTRIES,LTD.",Chemicals
4475.T,HENNGE K.K.,Information & Communication
4476.T,AI CROSS Inc.,Information & Communication
4477.T,"BASE,Inc.",Information & Communication
4478.T,freee K.K.,Information & Communication
4479.T,"Makuake,Inc.",Information & Communication
4480.T,"MEDLEY,INC.",Information & Communication
4481.T,"BASE CO.,LTD.",Information & Communication
4482.T,WILLs Inc.,Information & Communication
4483.T,JMDC Inc.,Information & Communication
4484.T,"LANCERS,INC.",Information & Communication
4485.T,JTOWER Inc.,Information & Communication
4486.T,Unite and Grow Inc.,Information & Communication
4487.T,"Spacemarket,Inc.",Information & Communication
4488.T,AI inside Inc.,Information & Communication
4490.T,VisasQ Inc.,Information & Communication
4491.T,"Computer Management Co.,Ltd.",Information & Communication
4492.T,GENETEC CORPORATION,Information & Communication
4493.T,"Cyber Security Cloud,Inc.",Information & Communication
4494.T,Vario Secure Inc.,Information & Communication
4495.T,"i Cubed Systems,Inc.",Information & Communication
4496.T,Commerce One Holdings Inc.,Information & Communication
4498.T,"Cybertrust Japan Co.,Ltd.",Information & Communication
4499.T,"Speee,Inc.",Information & Communication
4502.T,Takeda Pharmaceutical Company Limited,Pharmaceutical
4503.T,Astellas Pharma Inc.,Pharmaceutical
4506.T,"Sumitomo Pharma Co.,Ltd.",Pharmaceutical
4507.T,"Shionogi & Co.,Ltd.",Pharmaceutical
4512.T,"WAKAMOTO PHARMACEUTICAL CO.,LTD.",Pharmaceutical
4516.T,"Nippon Shinyaku Co.,Ltd.",Pharmaceutical
4519.T,"CHUGAI PHARMACEUTICAL CO.,LTD.",Pharmaceutical
4521.T,"KAKEN PHARMACEUTICAL CO.,LTD.",Pharmaceutical
4523.T,"Eisai Co.,Ltd.",Pharmaceutical
4524.T,"MORISHITA JINTAN CO.,LTD.",Pharmaceutical
4526.T,"RIKEN VITAMIN CO.,LTD.",Foods
4527.T,"ROHTO PHARMACEUTICAL CO.,LTD.",Pharmaceutical
4528.T,"ONO PHARMACEUTICAL CO.,LTD.",Pharmaceutical
4530.T,"HISAMITSU PHARMACEUTICAL CO.,INC.",Pharmaceutical
4531.T,"Yuki Gosei Kogyo Co.,Ltd.",Chemicals
4534.T,"Mochida Pharmaceutical Co.,Ltd.",Pharmaceutical
4536.T,"SANTEN PHARMACEUTICAL CO.,LTD.",Pharmaceutical
4538.T,"Fuso Pharmaceutical Industries,Ltd.",Pharmaceutical
4539.T,"NIPPON CHEMIPHAR CO.,LTD.",Pharmaceutical
4540.T,TSUMURA & CO.,Pharmaceutical
4543.T,TERUMO CORPORATION,Precision Instruments
4544.T,"H.U. Group Holdings,Inc.",Services
4547.T,"KISSEI PHARMACEUTICAL CO.,LTD.",Pharmaceutical
4548.T,SEIKAGAKU CORPORATION,Pharmaceutical
4549.T,"EIKEN CHEMICAL CO.,LTD.",Pharmaceutical
4551.T,"TORII PHARMACEUTICAL CO.,LTD.",Pharmaceutical
4552.T,"JCR Pharmaceuticals Co.,Ltd.",Pharmaceutical
4553.T,"TOWA PHARMACEUTICAL CO.,LTD.",Pharmaceutical
4554.T,"Fuji Pharma Co.,Ltd.",Pharmaceutical
4556.T,"KAINOS Laboratories,Inc.",Pharmaceutical
4558.T,"CHUKYO IYAKUHIN CO.,LTD.",Pharmaceutical
4559.T,"ZERIA PHARMACEUTICAL CO.,LTD.",Pharmaceutical
4563.T,"AnGes,Inc.",Pharmaceutical
4564.T,"OncoTherapy Science,Inc.",Pharmaceutical
4565.T,"Nxera Pharma Co.,Ltd.",Pharmaceutical
4568.T,"DAIICHI SANKYO COMPANY,LIMITED",Pharmaceutical
4569.T,"KYORIN Pharmaceutical Co.,Ltd.",Pharmaceutical
4570.T,"Immuno-Biological Laboratories Co.,Ltd.",Pharmaceutical
4571.T,"NANO MRNA Co.,Ltd.",Pharmaceutical
4572.T,"Carna Biosciences,Inc.",Pharmaceutical
4574.T,"TAIKO PHARMACEUTICAL CO.,LTD.",Pharmaceutical
4575.T,"CanBas Co.,Ltd.",Pharmaceutical
4576.T,"D.Western Therapeutics Institute, Inc.",Pharmaceutical
4577.T,"Daito Pharmaceutical Co.,Ltd.",Pharmaceutical
4578.T,"Otsuka Holdings Co.,Ltd.",Pharmaceutical
4579.T,RaQualia Pharma Inc.,Pharmaceutical
4582.T,SymBio Pharmaceuticals Limited,Pharmaceutical
4583.T,Chiome Bioscience Inc.,Pharmaceutical
4584.T,Kidswell Bio Corporation,Pharmaceutical
4586.T,"Medrx Co.,Ltd.",Pharmaceutical
4587.T,PeptiDream Inc.,Pharmaceutical
4588.T,Oncolys BioPharma Inc.,Pharmaceutical
4591.T,RIBOMIC Inc.,Pharmaceutical
4592.T,SanBio Company Limited,Pharmaceutical
4593.T,HEALIOS K.K.,Pharmaceutical
4594.T,"BrightPath Biotherapeutics Co.,Ltd.",Pharmaceutical
4595.T,"MIZUHO MEDY CO.,LTD.",Pharmaceutical
4596.T,"Kubota Pharmaceutical Holdings Co.,Ltd.",Pharmaceutical
4597.T,Solasia Pharma K.K.,Pharmaceutical
4598.T,"Delta-Fly Pharma,Inc.",Pharmaceutical
4599.T,StemRIM Inc.,Pharmaceutical
4611.T,"Dai Nippon Toryo Company,Limited",Chemicals
4612.T,"NIPPON PAINT HOLDINGS CO.,LTD.",Chemicals
4613.T,"KANSAI PAINT CO.,LTD.",Chemicals
4615.T,"SHINTO PAINT COMPANY,LIMITED",Chemicals
4616.T,"KAWAKAMI PAINT MANUFACTURING CO.,LTD.",Chemicals
4617.T,"Chugoku Marine Paints,Ltd.",Chemicals
4619.T,"Nihon Tokushu Toryo Co.,Ltd.",Chemicals
4620.T,"FUJIKURA KASEI CO.,LTD.",Chemicals
4623.T,ASAHIPEN CORPORATION,Chemicals
4624.T,"Isamu Paint Co.,Ltd.",Chemicals
4625.T,"ATOMIX CO.,LTD.",Chemicals
4626.T,"TAIYO HOLDINGS CO.,LTD.",Chemicals
4627.T,"NATOCO CO.,LTD.",Chemicals
4628.T,"SK KAKEN CO.,LTD.",Chemicals
4629.T,"DAISHIN CHEMICAL CO.,LTD.",Chemicals
4631.T,DIC Corporation,Chemicals
4633.T,SAKATA INX CORPORATION,Chemicals
4634.T,"artience Co.,Ltd.",Chemicals
4635.T,"TOKYO PRINTING INK MFG.CO.,LTD.",Chemicals
4641.T,Altech Corporation,Services
4642.T,"ORIGINAL ENGINEERING CONSULTANTS CO.,LTD.",Services
4644.T,"Imagineer Co.,Ltd.",Information & Communication
4645.T,"ICHISHIN HOLDINGS CO.,LTD.",Services
4650.T,"SD ENTERTAINMENT,Inc.",Services
4651.T,SANIX INCORPORATED,Services
4657.T,"ENVIRONMENTAL CONTROL CENTER CO.,LTD.",Services
4658.T,"Nippon Air Conditioning Services Co.,Ltd.",Services
4659.T,"AJIS CO.,LTD.",Services
4661.T,"ORIENTAL LAND CO.,LTD.",Services
4662.T,Focus Systems Corporation,Information & Communication
4664.T,JAPAN RELIANCE SERVICE CORPORATION,Services
4665.T,"DUSKIN CO.,LTD.",Services
4666.T,"PARK24 Co.,Ltd.",Real Estate
4667.T,"AISAN TECHNOLOGY CO.,LTD.",Information & Communication
4668.T,"MEIKO NETWORK JAPAN CO.,LTD.",Services
4671.T,"FALCO HOLDINGS Co.,Ltd.",Services
4673.T,"Kawasaki Geological Engineering Co.,Ltd.",Services
4674.T,CRESCO LTD.,Information & Communication
4676.T,"FUJI MEDIA HOLDINGS,INC.",Information & Communication
4678.T,"SHUEI YOBIKO Co.,Ltd.",Services
4679.T,"TAYA Co.,Ltd.",Services
4680.T,ROUND ONE Corporation,Services
4681.T,"RESORTTRUST,INC.",Services
4684.T,"OBIC Co.,Ltd.",Information & Communication
4685.T,"Ryoyu Systems Co.,Ltd.",Information & Communication
4686.T,JUSTSYSTEMS CORPORATION,Information & Communication
4687.T,TDC SOFT Inc.,Information & Communication
4689.T,LY Corporation,Information & Communication
4690.T,"NIPPON PALLET POOL CO.,LTD.",Services
4691.T,WASHINGTON HOTEL CORPORATION,Services
4694.T,"BML,INC.",Services
4704.T,Trend Micro Incorporated,Information & Communication
4705.T,CLIP Corporation,Services
4707.T,KITAC CORPORATION,Services
4709.T,ID Holdings Corporation,Information & Communication
4712.T,"KeyHolder,Inc.",Services
4714.T,"RISO KYOIKU CO.,LTD.",Services
4716.T,ORACLE CORPORATION JAPAN,Information & Communication
4718.T,"WASEDA ACADEMY CO.,LTD.",Services
4719.T,ALPHA SYSTEMS INC.,Information & Communication
4720.T,"JOHNAN ACADEMIC PREPARATORY INSTITUTE,INC.",Services
4722.T,Future Corporation,Information & Communication
4725.T,CAC Holdings Corporation,Information & Communication
4726.T,SB Technology Corp.,Information & Communication
4728.T,"TOSE CO.,LTD.",Information & Communication
4732.T,"USS Co.,Ltd.",Services
4733.T,"OBIC BUSINESS CONSULTANTS CO.,LTD.",Information & Communication
4735.T,"KYOSHIN CO.,LTD.",Services
4736.T,Nippon RAD Inc.,Information & Communication
4743.T,ITFOR Inc.,Information & Communication
4745.T,"Tokyo Individualized Educational Institute,INC.",Services
4746.T,"Toukei Computer Co.,Ltd.",Information & Communication
4750.T,"DAISAN CO.,LTD.",Services
4751.T,"CyberAgent,Inc.",Services
4752.T,SHOWA SYSTEM ENGINEERING CORPORATION,Information & Communication
4754.T,TOSNET CORPORATION,Services
4755.T,"Rakuten Group,Inc.",Services
4760.T,"ALPHA CO.,LTD.",Services
4761.T,SAKURA KCS Corporation,Information & Communication
4762.T,XNET Corporation,Information & Communication
4763.T,"CREEK & RIVER Co.,Ltd.",Services
4765.T,"SBI Global Asset Management Co.,Ltd.",Services
4766.T,"PA Co.,Ltd.",Services
4767.T,"TOW CO.,LTD.",Services
4768.T,OTSUKA CORPORATION,Information & Communication
4769.T,"IC CO.,LTD.",Information & Communication
4770.T,"ZUKEN ELMIC,INC.",Information & Communication
4771.T,"F&M CO.,LTD.",Services
4772.T,Stream Media Corporation,Information & Communication
4776.T,"Cybozu,Inc.",Information & Communication
4777.T,GALA INCORPORATED,Information & Communication
4781.T,"NIHON HOUSING CO.,LTD.",Services
4783.T,"NCD Co.,Ltd.",Information & Communication
4784.T,GMO AD Partners Inc.,Services
4792.T,"YAMADA Consulting Group Co.,Ltd.",Services
4800.T,Oricon Inc.,Information & Communication
4801.T,"CENTRAL SPORTS CO.,LTD.",Services
4809.T,Paraca Inc.,Real Estate
4811.T,DreamArts Corporation,Information & Communication
4812.T,DENTSU SOKEN INC.,Information & Communication
4813.T,"ACCESS CO.,LTD.",Information & Communication
4814.T,Nextware Ltd.,Information & Communication
4816.T,"TOEI ANIMATION CO.,LTD.",Information & Communication
4819.T,"Digital Garage,Inc.",Information & Communication
4820.T,"EM SYSTEMS CO.,LTD.",Information & Communication
4824.T,"MEDIASEEK,inc.",Information & Communication
4825.T,WEATHERNEWS INC.,Information & Communication
4826.T,"Computer Institute of Japan, Ltd.",Information & Communication
4828.T,Business Engineering Corporation,Information & Communication
4829.T,"Nihon Enterprise Co.,Ltd.",Information & Communication
4832.T,"JFE Systems, Inc.",Information & Communication
4833.T,"Success Holders,inc.",Services
4838.T,SPACE SHOWER SKIYAKI HOLDINGS INC.,Information & Communication
4839.T,WOWOW INC.,Information & Communication
4840.T,TriIs Incorporated,Services
4845.T,"Scala,Inc.",Information & Communication
4847.T,INTELLIGENT WAVE INC.,Information & Communication
4848.T,"FULLCAST HOLDINGS CO.,LTD.",Services
4849.T,en Japan Inc.,Services
4875.T,"MediciNova,Inc.",Pharmaceutical
4880.T,"CellSource Co.,Ltd.",Pharmaceutical
4881.T,FunPep Company Limited,Pharmaceutical
4882.T,Perseus Proteomics Inc.,Pharmaceutical
4883.T,Modalis Therapeutics Corporation,Pharmaceutical
4884.T,"Kringle Pharma,Inc.",Pharmaceutical
4885.T,MUROMACHI CHEMICALS INC.,Pharmaceutical
4886.T,"ASKA Pharmaceutical Holdings Co.,Ltd.",Pharmaceutical
4887.T,"SAWAI GROUP HOLDINGS Co.,Ltd.",Pharmaceutical
4888.T,STELLA PHARMA CORPORATION,Pharmaceutical
4889.T,Renascience Inc.,Pharmaceutical
4890.T,Tsubota Laboratory Incorporated,Pharmaceutical
4891.T,"TMS Co.,Ltd.",Pharmaceutical
4892.T,Cyfuse Biomedical K.K.,Pharmaceutical
4893.T,Noile-Immune Biotech Inc.,Pharmaceutical
4894.T,Cuorips Inc.,Pharmaceutical
4896.T,"K Pharma,Inc.",Pharmaceutical
4901.T,FUJIFILM Holdings Corporation,Chemicals
4902.T,"KONICA MINOLTA,INC.",Electric Appliances
4911.T,"Shiseido Company,Limited",Chemicals
4912.T,Lion Corporation,Chemicals
4914.T,TAKASAGO INTERNATIONAL CORPORATION,Chemicals
4917.T,MANDOM CORPORATION,Chemicals
4918.T,IVY COSMETICS CORPORATION,Chemicals
4919.T,"Milbon Co.,Ltd.",Chemicals
4920.T,"Nippon Shikizai,Inc.",Chemicals
4921.T,FANCL CORPORATION,Chemicals
4922.T,KOSE Corporation,Chemicals
4923.T,"COTA CO.,LTD.",Chemicals
4925.T,"HABA LABORATORIES,INC.",Chemicals
4926.T,"C'BON COSMETICS Co.,Ltd.",Chemicals
4927.T,POLA ORBIS HOLDINGS INC.,Chemicals
4928.T,"Noevir Holdings Co.,Ltd.",Chemicals
4929.T,"ADJUVANT HOLDINGS CO.,LTD.",Chemicals
4930.T,"GRAPHICO,Inc.",Chemicals
4931.T,"Shinnihonseiyaku Co.,Ltd.",Chemicals
4932.T,"ALMADO,INC.",Chemicals
4933.T,"I-ne CO.,LTD.",Chemicals
4934.T,"Premier Anti-Aging Co.,Ltd.",Chemicals
4935.T,"LIBERTA CO.,LTD.",Chemicals
4936.T,AXXZIA Inc.,Chemicals
4937.T,Waqoo Inc.,Chemicals
4951.T,S.T.CORPORATION,Chemicals
4955.T,"AGRO-KANESHO CO.,LTD.",Chemicals
4956.T,"KONISHI CO.,LTD.",Chemicals
4957.T,"YASUHARA CHEMICAL CO.,LTD.",Chemicals
4958.T,"T.HASEGAWA CO.,LTD.",Chemicals
4960.T,"CHEMIPRO KASEI KAISHA,LTD.",Chemicals
4966.T,"C.Uyemura & Co.,Ltd.",Chemicals
4967.T,"KOBAYASHI PHARMACEUTICAL CO.,LTD.",Chemicals
4968.T,"ARAKAWA CHEMICAL INDUSTRIES,LTD.",Chemicals
4970.T,"Toyo Gosei Co.,Ltd.",Chemicals
4971.T,MEC COMPANY LTD.,Chemicals
4972.T,"Soken Chemical & Engineering Co.,Ltd.",Chemicals
4973.T,"JAPAN PURE CHEMICAL CO.,LTD.",Chemicals
4974.T,TAKARA BIO INC.,Chemicals
4975.T,JCU CORPORATION,Chemicals
4976.T,"TOYO DRILUBE CO.,LTD.",Chemicals
4977.T,Nitta Gelatin Inc.,Chemicals
4978.T,ReproCELL Incorporated,Chemicals
4979.T,"OAT Agrio Co.,Ltd.",Chemicals
4980.T,Dexerials Corporation,Chemicals
4985.T,Earth Corporation,Chemicals
4990.T,"Showa Chemical Industry Co.,Ltd.",Chemicals
4992.T,"HOKKO CHEMICAL INDUSTRY CO.,LTD.",Chemicals
4994.T,"Taisei Lamick Co.,Ltd.",Chemicals
4996.T,"KUMIAI CHEMICAL INDUSTRY CO.,LTD.",Chemicals
4997.T,"NIHON NOHYAKU CO.,LTD.",Chemicals
4998.T,FUMAKILLA LIMITED,Chemicals
5009.T,"FUJI KOSAN COMPANY,LTD.",Wholesale Trade
5010.T,"NIPPON SEIRO CO.,LTD.",Oil and Coal Products
5011.T,"NICHIREKI CO.,LTD.",Oil and Coal Products
5013.T,"Yushiro Chemical Industry Co.,Ltd.",Oil and Coal Products
5015.T,BP Castrol K.K.,Oil and Coal Products
5017.T,"Fuji Oil Company,Ltd.",Oil and Coal Products
5018.T,MORESCO Corporation,Oil and Coal Products
5019.T,"Idemitsu Kosan Co.,Ltd.",Oil and Coal Products
5020.T,"ENEOS Holdings,Inc.",Oil and Coal Products
5021.T,"COSMO ENERGY HOLDINGS COMPANY,LIMITED",Oil and Coal Products
5022.T,REVO International Inc.,Oil and Coal Products
5025.T,MERCURY REALTECH INNOVATOR Inc.,Information & Communication
5026.T,"TRIPLEIZE CO.,LTD.",Information & Communication
5027.T,AnyMind Group Inc.,Information & Communication
5028.T,"SecondXight Analytica,Inc.",Information & Communication
5029.T,circlace Inc,Information & Communication
5031.T,Moi Corporation,Information & Communication
5032.T,ANYCOLOR Inc.,Information & Communication
5033.T,Nulab Inc.,Information & Communication
5034.T,"unerry,Inc.",Information & Communication
5035.T,HOUSEI Inc.,Information & Communication
5036.T,"Japan Business Systems,Inc.",Information & Communication
5037.T,"Fitworks Co.,Ltd.",Information & Communication
5038.T,"eWeLL Co.,Ltd.",Information & Communication
5070.T,DRAFT Inc.,Construction
5071.T,VIS co.ltd.,Construction
5072.T,"ART FORCE JAPAN Co.,Ltd.",Construction
5074.T,"TESS Holdings Co.,Ltd.",Construction
5076.T,INFRONEER Holdings Inc.,Construction
5077.T,"Hands Co.,Ltd.",Construction
5078.T,CEL Corporation,Construction
5079.T,"NOVAC CO.,LTD.",Construction
5101.T,"The Yokohama Rubber Company,Limited",Rubber Products
5103.T,"Showa Holdings Co.,Ltd.",Rubber Products
5105.T,Toyo Tire Corporation,Rubber Products
5108.T,BRIDGESTONE CORPORATION,Rubber Products
5110.T,"Sumitomo Rubber Industries,Ltd.",Rubber Products
5121.T,FUJIKURA COMPOSITES Inc.,Rubber Products
5122.T,"OKAMOTO INDUSTRIES,INC.",Rubber Products
5125.T,Fines inc.,Information & Communication
5126.T,PORTERS CORPORATION,Information & Communication
5129.T,FIXER Inc.,Information & Communication
5130.T,"HiroHoldings Co.,ltd.",Information & Communication
5131.T,Linkers Corporation,Information & Communication
5132.T,"pluszero,Inc.",Information & Communication
5133.T,Terilogy Holdings Corporation,Information & Communication
5134.T,"POPER Co.,Ltd.",Information & Communication
5135.T,AIR-U LTD.,Information & Communication
5136.T,"tripla Co.,Ltd.",Information & Communication
5137.T,SmartDrive inc.,Information & Communication
5138.T,"Rebase,Inc.",Information & Communication
5139.T,OpenWork Inc.,Information & Communication
5142.T,Achilles Corporation,Chemicals
5161.T,"NISHIKAWA RUBBER CO.,LTD.",Rubber Products
5162.T,ASAHI RUBBER INC.,Rubber Products
5184.T,"NICHIRIN CO.,LTD.",Rubber Products
5185.T,"Fukoku Co.,Ltd.",Rubber Products
5186.T,Nitta Corporation,Rubber Products
5187.T,"CREATE MEDIC CO.,LTD.",Precision Instruments
5189.T,"SAKURA RUBBER CO.,LTD.",Rubber Products
5191.T,Sumitomo Riko Company Limited,Rubber Products
5192.T,Mitsuboshi Belting Ltd.,Rubber Products
5194.T,"SAGAMI RUBBER INDUSTRIES CO.,LTD.",Rubber Products
5195.T,"Bando Chemical Industries,Ltd.",Rubber Products
5199.T,"FUJI LATEX CO.,LTD.",Rubber Products
5201.T,AGC Inc.,Glass and Ceramics Products
5202.T,"Nippon Sheet Glass Company,Limited",Glass and Ceramics Products
5204.T,"ISHIZUKA GLASS CO.,LTD.",Glass and Ceramics Products
5208.T,"Arisawa Mfg.Co.,Ltd.",Chemicals
5210.T,"Nihon Yamamura Glass Co.,Ltd.",Glass and Ceramics Products
5214.T,"Nippon Electric Glass Co.,Ltd.",Glass and Ceramics Products
5216.T,"KURAMOTO CO.,LTD.",Glass and Ceramics Products
5217.T,Techno Quartz Inc.,Glass and Ceramics Products
5218.T,OHARA INC.,Glass and Ceramics Products
5232.T,"Sumitomo Osaka Cement Co.,Ltd.",Glass and Ceramics Products
5233.T,TAIHEIYO CEMENT CORPORATION,Glass and Ceramics Products
5237.T,NOZAWA CORPORATION,Glass and Ceramics Products
5240.T,"monoAI technology Co.,Ltd.",Information & Communication
5241.T,"Nihon Office Automation Research Co.,Ltd.",Information & Communication
5242.T,"EYEZ,INC.",Information & Communication
5243.T,note inc.,Information & Communication
5244.T,"jig.jp co.,ltd.",Information & Communication
5246.T,"ELEMENTS,Inc.",Information & Communication
5247.T,"BTM,Inc.",Information & Communication
5248.T,"TECHNOLOGIES,Inc.",Information & Communication
5249.T,"Asakawa Systems Co.,Ltd.",Information & Communication
5250.T,"PRIME STRATEGY CO.,LTD.",Information & Communication
5251.T,"WISS1 Co.,Ltd.",Information & Communication
5252.T,"Nihon Knowledge Co,Ltd.",Information & Communication
5253.T,COVER Corporation,Information & Communication
5254.T,Arent Inc.,Information & Communication
5255.T,Monstarlab Holdings Inc.,Information & Communication
5256.T,"Fusic Co.,Ltd.",Information & Communication
5257.T,"NOVA SYSTEM CO.,LTD.",Information & Communication
5258.T,Transaction Media Networks Inc.,Information & Communication
5259.T,BBD Initiative Inc.,Information & Communication
5261.T,"RESOL HOLDINGS Co.,Ltd.",Services
5262.T,Nippon Hume Corporation,Glass and Ceramics Products
5268.T,"ASAHI CONCRETE WORKS CO.,LTD.",Glass and Ceramics Products
5269.T,"NIPPON CONCRETE INDUSTRIES CO.,LTD.",Glass and Ceramics Products
5271.T,"TOYO ASANO FOUNDATION CO.,LTD.",Glass and Ceramics Products
5273.T,"MITANI SEKISAN CO.,LTD.",Glass and Ceramics Products
5277.T,SPANCRETE CORPORATION,Glass and Ceramics Products
5279.T,"NIHON KOGYO CO.,LTD.",Glass and Ceramics Products
5280.T,"Yoshicon Co.,Ltd.",Real Estate
5282.T,GEOSTR Corporation,Glass and Ceramics Products
5283.T,"TAKAMISAWA CO.,LTD.",Wholesale Trade
5284.T,"YAMAU HOLDINGS CO.,LTD.",Glass and Ceramics Products
5285.T,YAMAX Corp.,Glass and Ceramics Products
5287.T,"ITO YOGYO CO.,LTD.",Glass and Ceramics Products
5288.T,ASIA PILE HOLDINGS CORPORATION,Glass and Ceramics Products
5290.T,Vertex Corporation,Glass and Ceramics Products
5301.T,"TOKAI CARBON CO.,LTD.",Glass and Ceramics Products
5302.T,"Nippon Carbon Co.,Ltd.",Glass and Ceramics Products
5304.T,"SEC CARBON,LIMITED",Glass and Ceramics Products
5310.T,"TOYO TANSO CO.,LTD.",Glass and Ceramics Products
5331.T,"NORITAKE CO.,LIMITED",Glass and Ceramics Products
5332.T,TOTO LTD.,Glass and Ceramics Products
5333.T,"NGK INSULATORS,LTD.",Glass and Ceramics Products
5334.T,"Niterra Co.,Ltd.",Glass and Ceramics Products
5337.T,DANTO HOLDINGS CORPORATION,Glass and Ceramics Products
5341.T,"ASAHI EITO HOLDINGS CO.,LTD.",Glass and Ceramics Products
5344.T,"MARUWA CO.,LTD.",Glass and Ceramics Products
5351.T,"SHINAGAWA REFRACTORIES CO.,LTD.",Glass and Ceramics Products
5352.T,KROSAKI HARIMA CORPORATION,Glass and Ceramics Products
5355.T,"Nippon Crucible Co.,Ltd.",Glass and Ceramics Products
5356.T,"MINO CERAMIC CO.,LTD.",Glass and Ceramics Products
5357.T,"YOTAI REFRACTORIES CO.,LTD.",Glass and Ceramics Products
5363.T,TYK CORPORATION,Glass and Ceramics Products
5367.T,NIKKATO CORPORATION,Glass and Ceramics Products
5368.T,"JAPAN INSULATION CO.,LTD.",Glass and Ceramics Products
5380.T,SHINTO COMPANY LIMITED,Glass and Ceramics Products
5381.T,Mipox Corporation,Glass and Ceramics Products
5384.T,FUJIMI INCORPORATED,Glass and Ceramics Products
5386.T,"TSURUYA CO.,LTD.",Glass and Ceramics Products
5388.T,"KUNIMINE INDUSTRIES CO.,LTD.",Glass and Ceramics Products
5391.T,A&A Material Corporation,Glass and Ceramics Products
5393.T,NICHIAS CORPORATION,Glass and Ceramics Products
5395.T,Riken Corundum Company Limited,Glass and Ceramics Products
5401.T,NIPPON STEEL CORPORATION,Iron and Steel
5406.T,"Kobe Steel,Ltd.",Iron and Steel
5408.T,"NAKAYAMA STEEL WORKS,LTD.",Iron and Steel
5410.T,"Godo Steel,Ltd.",Iron and Steel
5411.T,"JFE Holdings,Inc.",Iron and Steel
5423.T,"TOKYO STEEL MANUFACTURING CO.,LTD.",Iron and Steel
5440.T,KYOEI STEEL LTD.,Iron and Steel
5444.T,"YAMATO KOGYO CO.,LTD.",Iron and Steel
5445.T,"TOKYO TEKKO CO.,LTD.",Iron and Steel
5446.T,"HOKUETSU METAL Co.,Ltd.",Iron and Steel
5449.T,"OSAKA STEEL CO.,LTD.",Iron and Steel
5451.T,"Yodogawa Steel Works,Ltd.",Iron and Steel
5458.T,TAKASAGO TEKKO K.K.,Iron and Steel
5461.T,"Chubu Steel Plate Co.,Ltd.",Iron and Steel
5463.T,Maruichi Steel Tube Ltd.,Iron and Steel
5464.T,MORY INDUSTRIES INC.,Iron and Steel
5471.T,"Daido Steel Co.,Ltd.",Iron and Steel
5476.T,"Nippon Koshuha Steel Co.,Ltd.",Iron and Steel
5480.T,"Nippon Yakin kogyo Co.,Ltd.",Iron and Steel
5481.T,"Sanyo Special Steel Co.,Ltd.",Iron and Steel
5482.T,AICHI STEEL CORPORATION,Iron and Steel
5484.T,"Tohoku Steel Co.,Ltd.",Iron and Steel
5491.T,"NIPPON KINZOKU CO.,LTD.",Iron and Steel
5525.T,"Frontier Holdings Co.,Ltd.",Real Estate
5527.T,property technologies Inc.,Real Estate
5528.T,"Frontier House Co.,Ltd.",Real Estate
5529.T,"No.1 Urban Development Co.,Ltd.",Real Estate
5531.T,"NAKAYAMA FUDOUSAN Co.,Ltd.",Real Estate
5532.T,REALGATE INC.,Real Estate
5533.T,"Elitz Holdings Co.,Ltd.",Real Estate
5534.T,Angel Group Inc.,Real Estate
5535.T,MIGALO HOLDINGS Inc.,Real Estate
5536.T,"Kyobashi Art Residence Co.,Ltd.",Real Estate
5537.T,"AlbaLink Co.,Ltd.",Real Estate
5541.T,"PACIFIC METALS CO.,LTD.",Iron and Steel
5542.T,Shinhokoku Material Corp.,Iron and Steel
5563.T,"Nippon Denko Co.,Ltd.",Iron and Steel
5570.T,"JENOBA CO.,LTD.",Information & Communication
5571.T,"Excite Holdings Co.,Ltd.",Information & Communication
5572.T,Ridge-i Inc.,Information & Communication
5573.T,"Doraku Holdings Co.,Ltd.",Information & Communication
5574.T,"ABEJA,Inc.",Information & Communication
5575.T,Globee Inc.,Information & Communication
5576.T,O.B.System Inc.,Information & Communication
5577.T,Aidemy Inc.,Information & Communication
5578.T,"AR advanced technology,Inc.",Information & Communication
5580.T,"Prodelight Co.,Ltd.",Information & Communication
5581.T,"Chi-technology Co.,Ltd.",Information & Communication
5582.T,GRID Inc.,Information & Communication
5584.T,"Strawberry jams Co.,Ltd.",Information & Communication
5585.T,"EcoNaviSta,Inc.",Information & Communication
5586.T,Laboro.AI Inc.,Information & Communication
5587.T,Inbound Platform Corp.,Information & Communication
5588.T,"Fast Accounting Co.,Ltd.",Information & Communication
5589.T,"AUTOSERVER CO.,LTD.",Information & Communication
5590.T,"NETSTARS Co.,Ltd.",Information & Communication
5591.T,AVILEN Inc.,Information & Communication
5592.T,"Kusurinomadoguchi,Inc.",Information & Communication
5594.T,M.D.B Corporation,Information & Communication
5595.T,"Institute for Q-shu Pioneers of Space,Inc.",Information & Communication
5596.T,"OutlookConsulting Co.,Ltd.",Information & Communication
5597.T,"Blue innovation Co.,Ltd.",Information & Communication
5598.T,"Yottavias Co.,Ltd.",Information & Communication
5599.T,S&J Corporation,Information & Communication
5602.T,"Kurimoto,Ltd.",Iron and Steel
5603.T,KOGI CORPORATION,Iron and Steel
5609.T,NIPPON CHUZO K.K.,Iron and Steel
5610.T,"Daiwa Heavy Industry Co.,Ltd.",Iron and Steel
5612.T,NIPPON CHUTETSUKAN K.K.,Iron and Steel
5616.T,"Ame Kaze Taiyo,Inc.",Information & Communication
5617.T,WiLLDo Inc.,Information & Communication
5618.T,Nyle Inc.,Information & Communication
5619.T,"MRSO.,Inc",Information & Communication
5620.T,SPO Entertainment Inc.,Information & Communication
5621.T,"Human Technologies,Inc.",Information & Communication
5622.T,"OneBe,Inc.",Information & Communication
5631.T,"The Japan Steel Works,Ltd.",Machinery
5632.T,"Mitsubishi Steel Mfg.Co.,Ltd.",Iron and Steel
5644.T,METALART CORPORATION,Iron and Steel
5658.T,"NICHIA STEEL WORKS,LTD.",Iron and Steel
5659.T,"Nippon Seisen Co.,Ltd.",Iron and Steel
5660.T,"KOBELCO WIRE COMPANY,LTD.",Iron and Steel
5695.T,"Powdertech Co.,Ltd.",Iron and Steel
5697.T,"SANYU CO.,LTD.",Iron and Steel
5698.T,ENVIPRO HOLDINGS Inc.,Iron and Steel
5699.T,"IBOKIN Co.,Ltd.",Iron and Steel
5702.T,"DAIKI ALUMINIUM INDUSTRY CO.,LTD.",Nonferrous Metals
5703.T,"Nippon Light Metal Holdings Company,Ltd.",Nonferrous Metals
5704.T,JMC Corporation,Nonferrous Metals
5706.T,"Mitsui Mining and Smelting Company,Limited",Nonferrous Metals
5707.T,"Toho Zinc CO.,Ltd.",Nonferrous Metals
5711.T,Mitsubishi Materials Corporation,Nonferrous Metals
5713.T,"Sumitomo Metal Mining Co.,Ltd.",Nonferrous Metals
5714.T,"DOWA HOLDINGS CO.,LTD.",Nonferrous Metals
5715.T,"FURUKAWA CO.,LTD.",Nonferrous Metals
5721.T,"S・Science Company,Ltd.",Nonferrous Metals
5724.T,"Asaka Riken Co.,Ltd.",Nonferrous Metals
5726.T,"OSAKA Titanium technologies Co.,Ltd.",Nonferrous Metals
5727.T,"TOHO TITANIUM COMPANY,LIMITED",Nonferrous Metals
5729.T,"NIHON SEIKO CO.,LTD",Nonferrous Metals
5741.T,UACJ Corporation,Nonferrous Metals
5742.T,"NIC Autotec,Inc.",Nonferrous Metals
5753.T,"NIPPON SHINDO CO.,LTD.",Nonferrous Metals
5757.T,"CK SAN-ETSU Co.,Ltd.",Nonferrous Metals
5759.T,"Nippon Denkai,Ltd.",Nonferrous Metals
5801.T,"Furukawa Electric Co.,Ltd.",Nonferrous Metals
5802.T,"Sumitomo Electric Industries,Ltd.",Nonferrous Metals
5803.T,Fujikura Ltd.,Nonferrous Metals
5805.T,SWCC Corporation,Nonferrous Metals
5809.T,"TATSUTA ELECTRIC WIRE AND CABLE CO.,LTD.",Nonferrous Metals
5816.T,"Onamba Co.,Ltd.",Nonferrous Metals
5817.T,"JMACS Japan Co.,Ltd.",Nonferrous Metals
5819.T,"Canare Electric Co.,Ltd.",Nonferrous Metals
5820.T,"MITSUBOSHI CO.,LTD.",Nonferrous Metals
5821.T,HIRAKAWA HEWTECH CORP.,Nonferrous Metals
5830.T,"Iyogin Holdings,Inc.",Banks
5831.T,"Shizuoka Financial Group,Inc.",Banks
5832.T,"Chugin Financial Group,Inc.",Banks
5834.T,"SBI Leasing Services Co.,Ltd.",Securities and Commodities Futures
5838.T,"Rakuten Bank,Ltd.",Banks
5840.T,"Nippon Souken Co.,Ltd.",Insurance
5842.T,Integral Corporation,Securities and Commodities Futures
5843.T,"Nippon Insure Co.,Ltd.",Other Financing Business
5844.T,"Kyoto Financial Group,Inc.",Banks
5845.T,"ZENHOREN CO.,LTD.",Other Financing Business
5851.T,RYOBI LIMITED,Nonferrous Metals
5852.T,AHRESTY CORPORATION,Nonferrous Metals
5856.T,"Life Intelligent Enterprise Holdings Co.,Ltd.",Retail Trade
5857.T,"ARE Holdings,Inc.",Nonferrous Metals
5858.T,"STG CO.,LTD.",Nonferrous Metals
5865.T,"MY FARM,INC.",Services
5866.T,WizBiz Inc.,Services
5867.T,"ES NETWORKS CO.,LTD.",Services
5868.T,Rococo Co.Ltd.,Services
5869.T,"WASEDA GAKUSHUKENKYUKAI CO.,LTD.",Services
5870.T,Nalnet Communications Inc.,Services
5871.T,SOLIZE Corporation,Services
5881.T,Sun Feste Corporation,Retail Trade
5883.T,"GT Holdings Co.,Ltd.",Wholesale Trade
5884.T,"KURADASHI.Co.,Ltd.",Retail Trade
5885.T,"GDEP ADVANCE,Inc.",Wholesale Trade
5886.T,"OOKABE GLASS CO.,LTD.",Wholesale Trade
5887.T,"Kokyo,Inc.",Wholesale Trade
5888.T,"DAIWA CYCLE CO.,LTD.",Retail Trade
5889.T,"Japan Eyewear Holdings Co.,Ltd.",Retail Trade
5890.T,OFFICEBUSTERS CORPORATION,Retail Trade
5891.T,"Kairikiya Co.,Ltd.",Retail Trade
5892.T,"yutori,Inc.",Retail Trade
5893.T,RAVIPA Ltd.,Retail Trade
5900.T,"DAIKEN CO.,LTD.",Metal Products
5901.T,"Toyo Seikan Group Holdings,Ltd.",Metal Products
5902.T,HOKKAN HOLDINGS LIMITED,Metal Products
5903.T,"SHINPO CO.,LTD.",Metal Products
5905.T,NIHON SEIKAN K.K.,Metal Products
5906.T,"MK SEIKO CO.,LTD.",Metal Products
5909.T,CORONA CORPORATION,Metal Products
5911.T,Yokogawa Bridge Holdings Corp.,Metal Products
5915.T,KOMAIHALTEC Inc.,Metal Products
5918.T,"The Takigami Steel Construction Co.,Ltd.",Metal Products
5921.T,"Kawagishi Bridge Works Co.,Ltd.",Metal Products
5922.T,"NASU DENKI-TEKKO CO.,LTD.",Metal Products
5923.T,"TAKADAKIKO(Steel Construction)CO.,LTD.",Metal Products
5928.T,"ALMETAX MANUFACTURING CO,LTD.",Metal Products
5929.T,Sanwa Holdings Corporation,Metal Products
5930.T,"Bunka Shutter Co.,Ltd.",Metal Products
5932.T,"Sankyo Tateyama,Inc.",Metal Products
5933.T,ALINCO INCORPORATED,Metal Products
5935.T,"GANTAN BEAUTY INDUSTRY CO.,LTD.",Metal Products
5936.T,"TOYO SHUTTER CO.,LTD.",Metal Products
5938.T,LIXIL Corporation,Metal Products
5939.T,"OTANI KOGYO CO.,LTD.",Metal Products
5940.T,"FUJISASH CO.,LTD.",Metal Products
5941.T,"NAKANISHI MFG. CO.,LTD.",Metal Products
5942.T,"NIPPON FILCON CO.,LTD.",Metal Products
5943.T,NORITZ CORPORATION,Metal Products
5945.T,"Tenryu Saw Mfg.Co.,Ltd.",Metal Products
5946.T,"CHOFU SEISAKUSHO CO.,LTD.",Metal Products
5947.T,RINNAI CORPORATION,Metal Products
5949.T,UNIPRES CORPORATION,Transportation Equipment
5950.T,"JAPAN POWER FASTENING CO.,LTD.",Metal Products
5951.T,"Dainichi Co.,Ltd.",Metal Products
5952.T,Amatei Incorporated,Metal Products
5955.T,YAMASHINA CORPORATION,Metal Products
5956.T,"TOSO CO.,LTD.",Metal Products
5957.T,"NITTOSEIKO CO.,LTD.",Metal Products
5958.T,"SANYO INDUSTRIES,LTD.",Metal Products
5959.T,"OKABE CO.,LTD.",Metal Products
5962.T,"ASAKA INDUSTRIAL CO.,LTD.",Other Products
5965.T,FUJIMAK CORPORATION,Metal Products
5966.T,"KYOTO TOOL CO.,LTD.",Metal Products
5967.T,"TONE CO.,LTD.",Metal Products
5969.T,"LOBTEX Co.,Ltd.",Metal Products
5970.T,G-TEKT CORPORATION,Metal Products
5971.T,"KYOWAKOGYOSYO CO.,LTD.",Metal Products
5973.T,TOAMI CORPORATION,Metal Products
5974.T,"CHUGOKUKOGYO CO.,LTD.",Metal Products
5975.T,Topre Corporation,Metal Products
5976.T,"Neturen Co.,Ltd.",Metal Products
5981.T,"TOKYO ROPE MFG.CO.,LTD",Metal Products
5982.T,"MARUZEN CO.,LTD.",Metal Products
5983.T,IWABUCHI CORPORATION,Metal Products
5984.T,KANEFUSA CORPORATION,Metal Products
5985.T,SUNCALL CORPORATION,Metal Products
5986.T,"MOLITEC STEEL CO.,LTD.",Metal Products
5987.T,ONEX Corporation,Metal Products
5988.T,"PIOLAX,INC.",Metal Products
5989.T,"H-ONE CO.,LTD.",Metal Products
5990.T,"SUPER TOOL CO.,LTD.",Metal Products
5991.T,"NHK SPRING CO.,LTD.",Metal Products
5992.T,"CHUO SPRING CO.,LTD.",Metal Products
5994.T,"FINE SINTER CO.,LTD.",Metal Products
5997.T,KYORITSU AIR TECH INC.,Metal Products
5998.T,Advanex Inc.,Metal Products
6005.T,"MIURA CO.,LTD.",Machinery
6013.T,"TAKUMA CO.,LTD.",Machinery
6016.T,Japan Engine Corporation,Transportation Equipment
6018.T,"THE HANSHIN DIESEL WORKS,LTD.",Transportation Equipment
6022.T,Akasaka Diesels Ltd.,Machinery
6023.T,"DAIHATSU DIESEL MFG. CO.,LTD.",Transportation Equipment
6026.T,"GMO TECH,Inc.",Services
6027.T,"Bengo4.com,Inc.",Services
6028.T,"TechnoPro Holdings,Inc.",Services
6029.T,Artra Group Corporation,Services
6030.T,"Adventure,Inc.",Services
6031.T,Scigineer Inc.,Services
6033.T,"EXTREME CO.,LTD.",Services
6034.T,MRT Inc.,Services
6035.T,"IR Japan Holdings,Ltd.",Services
6036.T,"KeePer Technical Laboratory Co.,Ltd.",Services
6037.T,"FIRSTLOGIC,INC.",Services
6038.T,"IID,Inc.",Services
6039.T,"Japan Animal Referral Medical Center Co.,Ltd.",Services
6040.T,"Nippon Ski Resort Development Co.,Ltd.",Services
6042.T,"NIKKI CO.,LTD.",Transportation Equipment
6044.T,SANKI SERVICE CORPORATION,Services
6045.T,"Rentracks CO.,LTD.",Services
6046.T,LINKBAL INC.,Services
6047.T,Gunosy Inc.,Services
6048.T,"DesignOne Japan,Inc.",Services
6049.T,ItoKuro Inc.,Services
6050.T,E-Guardian Inc.,Services
6054.T,Livesense Inc.,Services
6055.T,"JAPAN MATERIAL Co.,Ltd.",Services
6058.T,VECTOR INC.,Services
6059.T,"UCHIYAMA HOLDINGS Co.,Ltd.",Services
6060.T,"Cocolonet CO., LTD.",Services
6061.T,"UNIVERSAL ENGEISHA CO.,LTD",Services
6062.T,CHARM CARE CORPORATION,Services
6063.T,"Emergency Assistance Japan Co., Ltd.",Services
6069.T,"Trenders,Inc.",Services
6070.T,"CAREERLINK CO.,LTD.",Services
6071.T,"IBJ,Inc.",Services
6072.T,"Jibannet Holdings Co.,Ltd.",Services
6073.T,ASANTE INCORPORATED,Services
6074.T,JSS CORPORATION,Services
6078.T,"Value HR Co.,Ltd.",Services
6080.T,"M&A Capital Partners Co.,Ltd.",Services
6081.T,"Allied Architects,Inc.",Services
6082.T,"RIDE ON EXPRESS HOLDINGS Co.,Ltd.",Services
6083.T,"ERI HOLDINGS CO.,LTD.",Services
6085.T,ARCHITECTS STUDIO JAPAN INC.,Services
6086.T,"Shin Maint Holdings Co.,Ltd.",Services
6087.T,"ABIST Co.,Ltd.",Services
6088.T,SIGMAXYZ Holdings Inc.,Services
6089.T,"WILL GROUP,INC.",Services
6090.T,"Human Metabolome Technologies,Inc.",Services
6091.T,Wesco Holdings Inc.,Services
6092.T,"EnBio Holdings,Inc",Services
6093.T,"Escrow Agent Japan,Inc.",Services
6094.T,"FreakOut Holdings,inc.",Services
6095.T,"MedPeer,Inc.",Services
6096.T,"RareJob,Inc.",Services
6098.T,"Recruit Holdings Co.,Ltd.",Services
6099.T,ELAN Corporation,Services
6101.T,TSUGAMI CORPORATION,Machinery
6103.T,OKUMA Corporation,Machinery
6104.T,"SHIBAURA MACHINE CO.,LTD.",Machinery
6113.T,"AMADA CO.,LTD.",Machinery
6118.T,"AIDA ENGINEERING,LTD.",Machinery
6125.T,"OKAMOTO MACHINE TOOL WORKS,LTD.",Machinery
6131.T,"HAMAI CO.,LTD.",Machinery
6134.T,FUJI CORPORATION,Machinery
6135.T,"Makino Milling Machine Co.,Ltd.",Machinery
6136.T,OSG Corporation,Machinery
6137.T,"KOIKE SANSO KOGYO CO.,LTD.",Machinery
6138.T,"DIJET INDUSTRIAL CO.,LTD.",Machinery
6140.T,"Asahi Diamond Industrial Co.,Ltd.",Machinery
6141.T,"DMG MORI CO.,LTD.",Machinery
6143.T,"Sodick Co.,Ltd.",Machinery
6144.T,"Seibu Electric & Machinery Co.,Ltd.",Machinery
6145.T,"NITTOKU CO.,LTD.",Machinery
6146.T,DISCO CORPORATION,Machinery
6147.T,"YAMAZAKI CO.,LTD.",Machinery
6149.T,"Odawara Engineering Co.,Ltd.",Machinery
6150.T,"TAKEDA MACHINERY CO.,LTD.",Machinery
6151.T,"NITTO KOHKI CO.,LTD.",Machinery
6155.T,"TAKAMATSU MACHINERY CO.,LTD.",Machinery
6156.T,A-ONE SEIMITSU INC.,Machinery
6157.T,"NS TOOL CO.,LTD.",Machinery
6158.T,"WAIDA MFG.CO.,LTD.",Machinery
6159.T,"MICRON MACHINERY CO.,LTD.",Machinery
6161.T,ESTIC CORPORATION,Machinery
6164.T,"TAIYO KOKI CO.,LTD.",Machinery
6165.T,"PUNCH INDUSTRY CO.,LTD.",Machinery
6166.T,"NAKAMURA CHOUKOU CO.,LTD.",Machinery
6167.T,"Fuji Die Co.,Ltd.",Machinery
6168.T,ONE GROUP CORP.,Machinery
6171.T,C.E.Management Integrated Laboratory Co.Ltd,Services
6173.T,Aqualine Ltd.,Services
6174.T,"DENTAS CO.,LTD.",Services
6176.T,Brangista Inc.,Services
6177.T,AppBank Inc.,Services
6178.T,"JAPAN POST HOLDINGS Co.,Ltd.",Services
6180.T,"GMO Media,Inc.",Services
6181.T,Tameny Inc.,Services
6182.T,MetaReal Corporation,Services
6183.T,"BELLSYSTEM24 HOLDINGS,INC.",Services
6184.T,"Kamakura Shinsho,Ltd.",Services
6185.T,SMN Corporation,Services
6186.T,"ICHIKURA CO.,LTD.",Services
6189.T,Global Kids Company Corp.,Services
6190.T,"PhoenixBio Co.,Ltd.",Services
6191.T,AirTrip Corp.,Services
6193.T,"Virtualex Holdings,Inc.",Services
6194.T,"Atrae,Inc.",Services
6195.T,"HOPE,INC.",Services
6196.T,"Strike Company,Limited",Services
6197.T,Solasto Corporation,Services
6198.T,"CAREER CO.,LTD.",Services
6199.T,"SERAKU Co.,Ltd.",Services
6200.T,"Insource Co.,Ltd.",Services
6201.T,TOYOTA INDUSTRIES CORPORATION,Transportation Equipment
6203.T,"Howa Machinery,Ltd.",Machinery
6208.T,"Ishikawa Seisakusho,Ltd.",Machinery
6209.T,NPR-RIKEN CORPORATION,Machinery
6210.T,"TOYO MACHINERY & METAL CO.,Ltd.",Machinery
6217.T,TSUDAKOMA Corp.,Machinery
6218.T,ENSHU Limited,Machinery
6222.T,"SHIMA SEIKI MFG.,LTD.",Machinery
6223.T,"Seibu Giken Co.,Ltd.",Machinery
6224.T,"JRC Co.,Ltd.",Machinery
6226.T,"Moriya Transportation Engineering and Manufacturing Co.,Ltd.",Machinery
6227.T,"AIMECHATEC,Ltd.",Machinery
6228.T,"J.E.T.Co.,LTD.",Machinery
6229.T,OKUMURA ENGINEERING corp.,Machinery
6230.T,SANEI LTD.,Machinery
6231.T,"KIMURA KOHKI Co.,Ltd.",Machinery
6232.T,ACSL Ltd.,Machinery
6233.T,KLASS Corporation,Machinery
6235.T,"OPTORUN CO.,LTD.",Machinery
6236.T,"NC Holdings Co.,Ltd.",Machinery
6237.T,"IWAKI CO.,LTD.",Machinery
6238.T,FURYU CORPORATION,Machinery
6239.T,NAGAOKA INTERNATIONAL CORPORATION,Machinery
6240.T,YAMASHIN-FILTER CORP.,Machinery
6245.T,"HIRANO TECSEED CO.,LTD.",Machinery
6246.T,Techno Smart Corp.,Machinery
6247.T,"HISAKA WORKS,LTD.",Machinery
6248.T,"Yokota Manufacturing Co., Ltd.",Machinery
6249.T,"Gamecard-Joyco Holdings,Inc.",Machinery
6250.T,YAMABIKO CORPORATION,Machinery
6254.T,"Nomura Micro Science Co.,Ltd.",Machinery
6255.T,NPC Incorporated,Machinery
6257.T,"FUJISHOJI CO.,LTD.",Machinery
6258.T,HIRATA Corporation,Machinery
6262.T,"PEGASUS CO.,LTD.",Machinery
6264.T,"Marumae Co.,Ltd.",Machinery
6265.T,CONVUM Ltd.,Machinery
6266.T,"TAZMO CO.,LTD.",Machinery
6267.T,"GENERAL PACKER CO.,LTD.",Machinery
6268.T,Nabtesco Corporation,Machinery
6269.T,"MODEC,INC.",Machinery
6272.T,"RHEON AUTOMATIC MACHINERY CO.,LTD.",Machinery
6273.T,SMC CORPORATION,Machinery
6276.T,"SiriusVision CO.,LTD.",Electric Appliances
6277.T,HOSOKAWA MICRON CORPORATION,Machinery
6278.T,UNION TOOL CO.,Machinery
6279.T,ZUIKO CORPORATION,Machinery
6282.T,OILES CORPORATION,Machinery
6284.T,"NISSEI ASB MACHINE CO.,LTD.",Machinery
6286.T,SEIKO CORPORATION,Machinery
6287.T,SATO HOLDINGS CORPORATION,Machinery
6289.T,GIKEN LTD.,Machinery
6291.T,"AIRTECH JAPAN,LTD.",Machinery
6292.T,"KAWATA MFG. CO.,LTD.",Machinery
6293.T,"NISSEI PLASTIC INDUSTRIAL CO.,LTD.",Machinery
6294.T,OKADA AIYON CORPORATION,Machinery
6297.T,"KOKEN BORING MACHINE CO.,LTD.",Machinery
6298.T,"Y.A.C.HOLDINGS CO.,LTD.",Machinery
6301.T,KOMATSU LTD.,Machinery
6302.T,"SUMITOMO HEAVY INDUSTRIES,LTD.",Machinery
6305.T,"Hitachi Construction Machinery Co.,Ltd.",Machinery
6306.T,"NIKKO CO.,LTD.",Machinery
6307.T,"SANSEI CO.,LTD.",Machinery
6309.T,"TOMOE ENGINEERING CO.,LTD.(TOMOE KOGYO CO.,LTD.)",Machinery
6310.T,"ISEKI & CO.,LTD.",Machinery
6312.T,Freund Corporation,Machinery
6315.T,TOWA CORPORATION,Machinery
6316.T,"MARUYAMA MFG.CO.,INC.",Machinery
6317.T,Kitagawa Corporation,Machinery
6319.T,SNT CORPORATION,Iron and Steel
6322.T,TACMINA CORPORATION,Machinery
6323.T,RORZE CORPORATION,Machinery
6324.T,Harmonic Drive Systems Inc.,Machinery
6325.T,"TAKAKITA CO.,LTD.",Machinery
6326.T,KUBOTA CORPORATION,Machinery
6327.T,"KITAGAWA SEIKI CO.,LTD.",Machinery
6328.T,"EBARA JITSUGYO CO.,LTD.",Machinery
6330.T,TOYO ENGINEERING CORPORATION,Construction
6331.T,"Mitsubishi Kakoki Kaisha,Ltd.",Machinery
6332.T,"TSUKISHIMA HOLDINGS CO.,LTD.",Machinery
6333.T,"TEIKOKU ELECTRIC MFG. CO.,LTD.",Machinery
6334.T,"Meiji Machine Co.,Ltd.",Machinery
6335.T,"TOKYO KIKAI SEISAKUSHO,LTD.",Machinery
6336.T,"ISHII HYOKI CO.,LTD.",Machinery
6337.T,TESEC Corporation,Machinery
6338.T,Takatori Corporation,Machinery
6339.T,"Sintokogio,Ltd.",Machinery
6340.T,SHIBUYA CORPORATION,Machinery
6342.T,"Taihei Machinery Works,Limited",Machinery
6343.T,FREESIA MACROSS CORPORATION,Machinery
6345.T,AICHI CORPORATION,Machinery
6346.T,"KIKUKAWA ENTERPRISE,INC.",Machinery
6347.T,"PLACO CO.,LTD.",Machinery
6349.T,KOMORI CORPORATION,Machinery
6351.T,"TSURUMI MANUFACTURING CO.,LTD.",Machinery
6356.T,"NIPPON GEAR CO.,LTD.",Machinery
6357.T,"Sansei Technologies,Inc.",Machinery
6358.T,"SAKAI HEAVY INDUSTRIES,LTD.",Machinery
6360.T,"TOKYO AUTOMATIC MACHINERY WORKS,LTD.",Machinery
6361.T,EBARA CORPORATION,Machinery
6362.T,"Ishii Iron Works Co.,Ltd.",Machinery
6363.T,"Torishima Pump Mfg.Co.,Ltd.",Machinery
6364.T,"HOKUETSU INDUSTRIES CO.,LTD.",Machinery
6365.T,DMW CORPORATION,Machinery
6366.T,Chiyoda Corporation,Construction
6367.T,"DAIKIN INDUSTRIES,LTD.",Machinery
6368.T,ORGANO CORPORATION,Machinery
6369.T,TOYO KANETSU K.K.,Machinery
6370.T,Kurita Water Industries Ltd.,Machinery
6371.T,TSUBAKIMOTO CHAIN CO.,Machinery
6373.T,"DAIDO KOGYO CO.,LTD.",Machinery
6376.T,"NIKKISO CO.,LTD.",Precision Instruments
6378.T,"KIMURA CHEMICAL PLANTS CO.,LTD.",Machinery
6379.T,RAIZNEXT Corporation,Construction
6380.T,"ORIENTAL CHAIN MFG. CO.,LTD.",Machinery
6381.T,ANEST IWATA Corporation,Machinery
6382.T,TRINITY INDUSTRIAL CORPORATION,Machinery
6383.T,"DAIFUKU CO.,LTD.",Machinery
6384.T,"SHOWA SHINKU CO.,LTD.",Machinery
6387.T,SAMCO INC.,Machinery
6390.T,"KATO WORKS CO.,LTD.",Machinery
6391.T,KAJI TECHNOLOGY CORPORATION,Machinery
6392.T,YAMADA CORPORATION,Machinery
6393.T,"YUKEN KOGYO CO.,LTD.",Machinery
6395.T,TADANO LTD.,Machinery
6396.T,"Unozawa-gumi Iron Works,Limited",Machinery
6400.T,"FUJI SEIKI CO.,LTD.",Machinery
6402.T,"KANEMATSU ENGINEERING CO.,LTD.",Machinery
6403.T,"SUIDO KIKO KAISHA,LTD.",Machinery
6405.T,"Suzumo Machinery Co.,Ltd.",Machinery
6406.T,"FUJITEC CO.,LTD.",Machinery
6407.T,CKD Corporation,Machinery
6408.T,"OGURA CLUTCH CO.,LTD.",Machinery
6411.T,"NAKANO REFRIGERATORS CO.,LTD.",Machinery
6412.T,Heiwa Corporation,Machinery
6413.T,RISO KAGAKU CORPORATION,Machinery
6416.T,"KATSURAGAWA ELECTRIC CO.,LTD.",Machinery
6417.T,"SANKYO CO.,LTD.",Machinery
6418.T,"JAPAN CASH MACHINE CO.,LTD.",Machinery
6419.T,Mars Group Holdings Corporation,Machinery
6420.T,FUKUSHIMA GALILEI CO.LTD.,Machinery
6424.T,"TAKAMISAWA CYBERNETICS COMPANY,LTD.",Machinery
6425.T,Universal Entertainment Corporation,Machinery
6428.T,OIZUMI Corporation,Machinery
6430.T,"DAIKOKU DENKI CO.,LTD.",Machinery
6432.T,"TAKEUCHI MFG.CO.,LTD.",Machinery
6433.T,"HEPHAIST CO.,LTD.",Machinery
6436.T,Amano Corporation,Machinery
6440.T,JUKI CORPORATION,Machinery
6444.T,SANDEN CORPORATION,Machinery
6445.T,JANOME Corporation,Machinery
6448.T,"BROTHER INDUSTRIES,LTD.",Electric Appliances
6454.T,"MAX CO.,LTD.",Machinery
6455.T,MORITA HOLDINGS CORPORATION,Transportation Equipment
6457.T,GLORY LTD.,Machinery
6458.T,SINKO INDUSTRIES LTD.,Machinery
6459.T,DAIWA INDUSTRIES LTD.,Machinery
6460.T,SEGA SAMMY HOLDINGS INC.,Machinery
6463.T,"TPR CO.,LTD.",Machinery
6464.T,"TSUBAKI NAKASHIMA CO.,LTD.",Machinery
6465.T,HOSHIZAKI CORPORATION,Machinery
6466.T,"TVE Co.,Ltd.",Machinery
6467.T,NICHIDAI CORPORATION,Machinery
6469.T,"HODEN SEIMITSU KAKO KENKYUSHO CO.,LTD.",Machinery
6470.T,"TAIHO KOGYO CO.,LTD.",Machinery
6471.T,NSK Ltd.,Machinery
6472.T,NTN CORPORATION,Machinery
6473.T,JTEKT Corporation,Machinery
6474.T,NACHI-FUJIKOSHI CORP.,Machinery
6479.T,MINEBEA MITSUMI Inc.,Electric Appliances
6480.T,"NIPPON THOMPSON CO.,LTD.",Machinery
6481.T,"THK CO.,LTD.",Machinery
6482.T,"YUSHIN PRECISION EQUIPMENT CO.,LTD.",Machinery
6484.T,KVK CORPORATION,Machinery
6485.T,"MAEZAWA KYUSO INDUSTRIES CO.,LTD.",Machinery
6486.T,"EAGLE INDUSTRY CO.,LTD.",Machinery
6488.T,Yoshitake Inc.,Machinery
6489.T,"Maezawa Industries,Inc.",Machinery
6490.T,"NIPPON PILLAR PACKING CO.,LTD.",Machinery
6492.T,OKANO VALVE MFG.CO.LTD.,Machinery
6493.T,NITTAN Corporation,Transportation Equipment
6494.T,"NFK HOLDINGS CO.,Ltd",Machinery
6495.T,"MIYAIRI VALVE MFG.CO.,LTD.",Machinery
6496.T,"NAKAKITA SEISAKUSHO CO.,LTD.",Machinery
6497.T,HAMAI INDUSTRIES LTD,Machinery
6498.T,KITZ CORPORATION,Machinery
6501.T,"Hitachi,Ltd.",Electric Appliances
6503.T,Mitsubishi Electric Corporation,Electric Appliances
6504.T,"FUJI ELECTRIC CO.,LTD.",Electric Appliances
6505.T,"TOYO DENKI SEIZO K.K.(TOYO ELECTRIC MFG.CO.,LTD.)",Electric Appliances
6506.T,YASKAWA Electric Corporation,Electric Appliances
6507.T,"SINFONIA TECHNOLOGY CO.,LTD.",Electric Appliances
6508.T,MEIDENSHA CORPORATION,Electric Appliances
6513.T,"Origin Company,Limited",Electric Appliances
6516.T,"SANYO DENKI CO.,LTD.",Electric Appliances
6517.T,"Denyo Co.,Ltd.",Electric Appliances
6518.T,"SANSO ELECTRIC CO.,LTD.",Electric Appliances
6521.T,OXIDE Corporation,Electric Appliances
6522.T,Asterisk Inc.,Electric Appliances
6523.T,PHC Holdings Corporation,Electric Appliances
6524.T,"KOHOKU KOGYO CO.,LTD.",Electric Appliances
6525.T,KOKUSAI ELECTRIC CORPORATION,Electric Appliances
6526.T,Socionext Inc.,Electric Appliances
6527.T,"WAKA MANUFACTURING CO.,LTD.",Electric Appliances
6532.T,"BayCurrent Consulting,Inc.",Services
6533.T,Orchestra Holdings Inc.,Services
6535.T,"i-mobile Co.,Ltd.",Services
6537.T,"WASHHOUSE CO.,LTD.",Services
6538.T,CareerIndex Inc.,Services
6539.T,"MATCHING SERVICE JAPAN CO.,LTD.",Services
6540.T,SEMBA CORPORATION,Services
6542.T,Founder's Consultants Holdings Inc.,Services
6543.T,NISSEN INC.,Services
6544.T,"JAPAN ELEVATOR SERVICE HOLDINGS CO.,LTD.",Services
6545.T,internet infinity INC.,Services
6546.T,Fulltech Co.Ltd.,Services
6547.T,"GREENS CO.,LTD.",Services
6548.T,TABIKOBO Co.Ltd.,Services
6549.T,"DM Solutions Co.,Ltd",Services
6550.T,Unipos Inc.,Services
6551.T,TSUNAGU GROUP HOLDINGS Inc.,Services
6552.T,"GameWith,Inc.",Services
6554.T,"SUS Co.,Ltd.",Services
6555.T,"MS&Consulting Co.,Ltd.",Services
6557.T,AIAI Group Corporation,Services
6558.T,"Cookbiz Co.,Ltd.",Services
6560.T,"LTS,Inc.",Services
6561.T,"HANATOUR JAPAN CO.,LTD.",Services
6562.T,"Geniee,Inc.",Services
6563.T,Mirai Works Inc.,Services
6564.T,"MIDAC HOLDINGS CO.,LTD.",Services
6565.T,"ABHOTEL CO.,LTD.",Services
6566.T,"KANAME KOGYO CO.,LTD.",Services
6568.T,"KNC Laboratories Co.,Ltd.",Services
6570.T,Kyowa Corporation,Services
6571.T,"QB Net Holdings Co.,Ltd.",Services
6572.T,"OPEN Group,Inc.",Services
6573.T,Agile Media Network Inc.,Services
6574.T,Convano Inc.,Services
6576.T,"Youkosha Co.,Ltd.",Services
6577.T,"Bestone.Com Co.,Ltd",Services
6578.T,"CORREC Co.,Ltd.",Services
6579.T,"logly,Inc.",Services
6580.T,"Writeup Co.,Ltd.",Services
6584.T,"Sanoh Industrial Co.,Ltd.",Transportation Equipment
6586.T,Makita Corporation,Machinery
6588.T,TOSHIBA TEC CORPORATION,Electric Appliances
6590.T,SHIBAURA MECHATRONICS CORPORATION,Electric Appliances
6592.T,"MABUCHI MOTOR CO.,LTD.",Electric Appliances
6594.T,NIDEC CORPORATION,Electric Appliances
6596.T,"TSUKUBASEIKO Co.,Ltd.",Electric Appliances
6597.T,HPC SYSTEMS Inc.,Electric Appliances
6599.T,"EBRAINS,INC.",Electric Appliances
6612.T,BALMUDA Inc.,Electric Appliances
6613.T,"QD Laser,Inc.",Electric Appliances
6614.T,"Shikino High-Tech CO.,LTD.",Electric Appliances
6615.T,"UMC Electronics Co.,Ltd.",Electric Appliances
6616.T,TOREX SEMICONDUCTOR LTD.,Electric Appliances
6617.T,"TAKAOKA TOKO CO.,LTD.",Electric Appliances
6619.T,W-SCOPE Corporation,Electric Appliances
6620.T,"Miyakoshi Holdings,Inc.",Real Estate
6622.T,DAIHEN CORPORATION,Electric Appliances
6625.T,JALCO Holdings Inc.,Real Estate
6626.T,SEMITEC Corporation,Electric Appliances
6627.T,"Tera Probe,Inc.",Electric Appliances
6629.T,"TECHNO HORIZON CO.,LTD.",Electric Appliances
6630.T,YA-MAN LTD.,Electric Appliances
6632.T,JVCKENWOOD Corporation,Electric Appliances
6633.T,C&G SYSTEMS INC.,Electric Appliances
6634.T,NCXX Group Inc.,Electric Appliances
6635.T,KK DI-NIKKO ENGINEERING,Electric Appliances
6637.T,"TERASAKI ELECTRIC CO.,LTD.",Electric Appliances
6638.T,"MIMAKI ENGINEERING CO.,LTD.",Electric Appliances
6640.T,I-PEX Inc.,Electric Appliances
6643.T,"Togami Electric Mfg.Co.,Ltd.",Electric Appliances
6644.T,"Osaki Electric Co.,Ltd.",Electric Appliances
6645.T,OMRON Corporation,Electric Appliances
6647.T,"MORIO DENKI CO.,LTD.",Electric Appliances
6648.T,KAWADEN CORPORATION,Electric Appliances
6651.T,NITTO KOGYO CORPORATION,Electric Appliances
6652.T,IDEC CORPORATION,Electric Appliances
6653.T,"SEIKO ELECTRIC CO.,LTD.",Electric Appliances
6654.T,"FUJI ELECTRIC INDUSTRY CO.,LTD.",Electric Appliances
6656.T,inspec Inc.,Electric Appliances
6658.T,"Shirai Electronics Industrial Co.,Ltd.",Electric Appliances
6659.T,"MEDIA LINKS CO.,LTD.",Electric Appliances
6662.T,"Ubiteq,INC.",Electric Appliances
6663.T,"TAIYO TECHNOLEX CO.,LTD.",Electric Appliances
6664.T,"OPTOELECTRONICS CO.,LTD.",Electric Appliances
6666.T,RIVER ELETEC CORPORATION,Electric Appliances
6668.T,"ADTEC PLASMA TECHNOLOGY CO.,LTD.",Electric Appliances
6670.T,"MCJ Co.,Ltd.",Electric Appliances
6674.T,GS Yuasa Corporation,Electric Appliances
6675.T,"SAXA Holdings,Inc.",Electric Appliances
6676.T,MELCO HOLDINGS INC.,Electric Appliances
6677.T,"SK-Electronics CO.,LTD.",Electric Appliances
6678.T,"Techno Medica Co.,Ltd.",Electric Appliances
6694.T,ZOOM CORPORATION,Electric Appliances
6695.T,"Castrico Co.,ltd.",Electric Appliances
6696.T,TRaaS On Product Inc.,Electric Appliances
6697.T,"Techpoint,Inc.",Electric Appliances
6698.T,ViSCO Technologies Corporation,Electric Appliances
6699.T,"DIAMOND ELECTRIC HOLDINGS Co.,Ltd.",Electric Appliances
6701.T,NEC Corporation,Electric Appliances
6702.T,Fujitsu Limited,Electric Appliances
6703.T,"Oki Electric Industry Company,Limited",Electric Appliances
6704.T,"IWATSU ELECTRIC CO.,LTD.",Electric Appliances
6706.T,"DKK Co.,Ltd.",Electric Appliances
6707.T,"Sanken Electric Co.,Ltd.",Electric Appliances
6715.T,"NAKAYO,INC.",Electric Appliances
6718.T,"AIPHONE CO.,LTD.",Electric Appliances
6721.T,Wintest Corp.,Electric Appliances
6723.T,Renesas Electronics Corporation,Electric Appliances
6724.T,SEIKO EPSON CORPORATION,Electric Appliances
6727.T,"Wacom Co.,Ltd.",Electric Appliances
6728.T,"ULVAC, Inc.",Electric Appliances
6730.T,AXELL CORPORATION,Electric Appliances
6731.T,PIXELA CORPORATION,Electric Appliances
6734.T,"Newtech Co.,Ltd.",Electric Appliances
6736.T,SUNCORPORATION,Electric Appliances
6737.T,EIZO Corporation,Electric Appliances
6740.T,Japan Display Inc.,Electric Appliances
6741.T,"Nippon Signal Company,Limited",Electric Appliances
6742.T,"Kyosan Electric Manufacturing Co.,Ltd.",Electric Appliances
6743.T,"Daido Signal Co.,Ltd.",Electric Appliances
6744.T,NOHMI BOSAI LTD.,Electric Appliances
6745.T,HOCHIKI CORPORATION,Electric Appliances
6748.T,"SEIWA ELECTRIC MFG. CO.,LTD.",Electric Appliances
6750.T,"ELECOM CO.,LTD.",Electric Appliances
6752.T,Panasonic Holdings Corporation,Electric Appliances
6753.T,Sharp Corporation,Electric Appliances
6754.T,ANRITSU CORPORATION,Electric Appliances
6755.T,FUJITSU GENERAL LIMITED,Electric Appliances
6757.T,"OSG CORPORATION CO.,LTD.",Electric Appliances
6758.T,SONY GROUP CORPORATION,Electric Appliances
6762.T,TDK Corporation,Electric Appliances
6763.T,"Teikoku Tsushin Kogyo Co.,Ltd.",Electric Appliances
6768.T,TAMURA CORPORATION,Electric Appliances
6769.T,"THine Electronics,Inc.",Electric Appliances
6770.T,"ALPS ALPINE CO.,LTD.",Electric Appliances
6771.T,"IKEGAMI TSUSHINKI CO.,LTD.",Electric Appliances
6772.T,"Tokyo Cosmos Electric Co.,Ltd.",Electric Appliances
6775.T,TB GROUP INC.,Electric Appliances
6776.T,"Tensho Electric Industries Co.,Ltd.",Chemicals
6777.T,santec Holdings Corporation,Electric Appliances
6778.T,"Artiza Networks,Inc.",Electric Appliances
6779.T,"NIHON DEMPA KOGYO CO.,LTD.",Electric Appliances
6785.T,"SUZUKI CO.,LTD.",Electric Appliances
6786.T,RVH Inc.,Services
6787.T,"Meiko Electronics Co.,Ltd.",Electric Appliances
6788.T,"NIHON TRIM CO.,LTD.",Electric Appliances
6789.T,Roland DG Corporation,Electric Appliances
6794.T,"Foster Electric Company,Limited",Electric Appliances
6797.T,"NAGOYA ELECTRIC WORKS CO.,LTD.",Electric Appliances
6798.T,SMK Corporation,Electric Appliances
6800.T,"YOKOWO CO.,LTD.",Electric Appliances
6803.T,TEAC CORPORATION,Electric Appliances
6804.T,Hosiden Corporation,Electric Appliances
6806.T,"HIROSE ELECTRIC CO.,LTD.",Electric Appliances
6807.T,"Japan Aviation Electronics Industry,Limited",Electric Appliances
6809.T,TOA CORPORATION,Electric Appliances
6810.T,"Maxell,Ltd.",Electric Appliances
6814.T,"FURUNO ELECTRIC CO.,LTD.",Electric Appliances
6817.T,SUMIDA CORPORATION,Electric Appliances
6819.T,"Izu Shaboten Resort Co.,Ltd",Services
6820.T,ICOM INCORPORATED,Electric Appliances
6822.T,"Oi Electric Co.,Ltd.",Electric Appliances
6823.T,"RION CO.,LTD.",Electric Appliances
6824.T,"NEW COSMOS ELECTRIC CO.,LTD.",Electric Appliances
6832.T,"AOI ELECTRONICS CO.,LTD.",Electric Appliances
6834.T,"SEIKOH GIKEN Co.,Ltd.",Electric Appliances
6835.T,ALLIED TELESIS HOLDINGS K.K.,Electric Appliances
6836.T,"PLAT'HOME CO.,LTD.",Electric Appliances
6837.T,"KYOSHA CO.,LTD.",Electric Appliances
6838.T,"TAMAGAWA HOLDINGS CO.,LTD.",Electric Appliances
6840.T,"AKIBA Holdings Co.,Ltd.",Electric Appliances
6841.T,YOKOGAWA ELECTRIC CORPORATION,Electric Appliances
6844.T,"Shindengen Electric Manufacturing Co.,Ltd.",Electric Appliances
6845.T,Azbil Corporation,Electric Appliances
6848.T,DKK-TOA CORPORATION,Electric Appliances
6849.T,NIHON KOHDEN CORPORATION,Electric Appliances
6850.T,Chino Corporation,Electric Appliances
6853.T,"KYOWA ELECTRONIC INSTRUMENTS CO.,LTD.",Electric Appliances
6855.T,JAPAN ELECTRONIC MATERIALS CORPORATION,Electric Appliances
6856.T,"HORIBA,Ltd.",Electric Appliances
6857.T,ADVANTEST CORPORATION,Electric Appliances
6858.T,"ONO SOKKI Co.,Ltd.",Electric Appliances
6859.T,ESPEC CORP.,Electric Appliances
6861.T,KEYENCE CORPORATION,Electric Appliances
6862.T,MINATO HOLDINGS INC.,Electric Appliances
6863.T,NIRECO CORPORATION,Electric Appliances
6864.T,NF HOLDINGS CORPORATION,Electric Appliances
6866.T,HIOKI E.E.CORPORATION,Electric Appliances
6867.T,LEADER ELECTRONICS CORPORATION,Electric Appliances
6869.T,SYSMEX CORPORATION,Electric Appliances
6870.T,"Fenwal Controls of Japan,Ltd.",Electric Appliances
6871.T,"MICRONICS JAPAN CO.,LTD.",Electric Appliances
6874.T,KYORITSU ELECTRIC CORPORATION,Electric Appliances
6875.T,MegaChips Corporation,Electric Appliances
6877.T,Obara Group Incorporated,Electric Appliances
6879.T,IMAGICA GROUP Inc.,Information & Communication
6882.T,"Sansha Electric Manufacturing Co.,Ltd.",Electric Appliances
6888.T,ACMOS INC.,Information & Communication
6890.T,Ferrotec Holdings Corporation,Electric Appliances
6894.T,"PULSTEC INDUSTRIAL CO.,LTD.",Electric Appliances
6897.T,TWINBIRD CORPORATION,Electric Appliances
6898.T,"TOMITA ELECTRIC CO.,LTD.",Electric Appliances
6899.T,ASTI CORPORATION,Electric Appliances
6901.T,"SAWAFUJI ELECTRIC CO.,LTD.",Electric Appliances
6902.T,DENSO CORPORATION,Transportation Equipment
6904.T,"HARADA INDUSTRY CO.,LTD.",Electric Appliances
6905.T,"COSEL CO.,LTD.",Electric Appliances
6907.T,"GEOMATEC CO.,LTD.",Electric Appliances
6908.T,"IRISO ELECTRONICS CO.,LTD.",Electric Appliances
6912.T,KIKUSUI HOLDINGS CORPORATION,Electric Appliances
6914.T,"OPTEX GROUP Company,Limited",Electric Appliances
6915.T,"CHIYODA INTEGRE CO.,LTD.",Electric Appliances
6918.T,AVAL DATA CORPORATION,Electric Appliances
6919.T,KEL CORPORATION,Electric Appliances
6920.T,Lasertec Corporation,Electric Appliances
6923.T,"Stanley Electric Co.,Ltd.",Electric Appliances
6925.T,USHIO INC.,Electric Appliances
6926.T,"OKAYA ELECTRIC INDUSTRIES CO.,LTD.",Electric Appliances
6927.T,"Helios Techno Holding Co.,Ltd.",Electric Appliances
6928.T,"ENOMOTO Co.,Ltd.",Electric Appliances
6929.T,"NIPPON CERAMIC CO.,LTD.",Electric Appliances
6930.T,"NIPPON ANTENNA CO.,LTD.",Electric Appliances
6932.T,ENDO Lighting Corporation,Electric Appliances
6937.T,"The Furukawa Battery Co.,Ltd.",Electric Appliances
6938.T,"SOSHIN ELECTRIC CO.,LTD.",Electric Appliances
6941.T,"YAMAICHI ELECTRONICS CO.,LTD.",Electric Appliances
6942.T,"SOPHIA HOLDINGS CO.,LTD.",Information & Communication
6943.T,"NKK SWITCHES CO.,LTD.",Electric Appliances
6946.T,"Nippon Avionics Co.,Ltd.",Electric Appliances
6947.T,ZUKEN INC.,Electric Appliances
6951.T,JEOL Ltd.,Electric Appliances
6952.T,"CASIO COMPUTER CO.,LTD.",Electric Appliances
6954.T,FANUC CORPORATION,Electric Appliances
6955.T,FDK CORPORATION,Electric Appliances
6957.T,"SHIBAURA ELECTRONICS CO.,LTD.",Electric Appliances
6958.T,CMK CORPORATION,Electric Appliances
6960.T,"FUKUDA DENSHI CO.,LTD.",Electric Appliances
6961.T,ENPLAS CORPORATION,Electric Appliances
6962.T,DAISHINKU CORP.,Electric Appliances
6963.T,ROHM COMPANY LIMITED,Electric Appliances
6964.T,"SANKO CO.,LTD.",Electric Appliances
6965.T,HAMAMATSU PHOTONICS K.K.,Electric Appliances
6966.T,"Mitsui High-tec,Inc.",Electric Appliances
6967.T,"SHINKO ELECTRIC INDUSTRIES CO.,LTD.",Electric Appliances
6969.T,"MATSUO ELECTRIC CO.,LTD.",Electric Appliances
6971.T,KYOCERA CORPORATION,Electric Appliances
6973.T,"KYOEI SANGYO CO.,LTD.",Wholesale Trade
6976.T,"TAIYO YUDEN CO.,LTD.",Electric Appliances
6977.T,"JAPAN RESISTOR MFG. CO.,LTD.",Electric Appliances
6981.T,"Murata Manufacturing Co.,Ltd.",Electric Appliances
6982.T,"The Lead Co.,Inc.",Transportation Equipment
6986.T,FUTABA CORPORATION,Electric Appliances
6988.T,NITTO DENKO CORPORATION,Chemicals
6989.T,"HOKURIKU ELECTRIC INDUSTRY CO.,LTD.",Electric Appliances
6993.T,"Daikokuya Holdings Co.,Ltd.",Retail Trade
6994.T,SHIZUKI ELECTRIC COMPANY INC.,Electric Appliances
6995.T,"TOKAI RIKA CO.,LTD.",Transportation Equipment
6996.T,NICHICON CORPORATION,Electric Appliances
6997.T,NIPPON CHEMI-CON CORPORATION,Electric Appliances
6998.T,"Nippon Tungsten Co.,Ltd.",Electric Appliances
6999.T,KOA CORPORATION,Electric Appliances
7003.T,"MITSUI E&S Co.,Ltd.",Machinery
7004.T,Hitachi Zosen Corporation,Machinery
7011.T,"Mitsubishi Heavy Industries,Ltd.",Machinery
7012.T,"Kawasaki Heavy Industries,Ltd.",Transportation Equipment
7013.T,IHI Corporation,Machinery
7014.T,"Namura Shipbuilding Co.,Ltd.",Transportation Equipment
7018.T,Naikai Zosen Corporation,Transportation Equipment
7021.T,"NITCHITSU CO.,LTD.",Machinery
7022.T,Sanoyas Holdings Corporation,Machinery
7030.T,SPRIX Inc.,Services
7031.T,Inbound Tech Inc.,Services
7033.T,"Management Solutions Co.,Ltd.",Services
7034.T,"Prored Partners CO.,LTD.",Services
7035.T,"and factory,inc",Services
7036.T,eMnet Japan.co.ltd.,Services
7037.T,teno.Holdings Company Limited,Services
7038.T,Frontier Management Inc.,Services
7039.T,BRIDGE International Corp.,Services
7040.T,"SUN-LIFE HOLDING CO.,LTD.",Services
7041.T,"CRG HOLDINGS CO.,LTD.",Services
7042.T,"ACCESS GROUP HOLDINGS CO.,LTD.",Services
7043.T,"Alue Co.,Ltd.",Services
7044.T,PIALA INC.,Services
7046.T,TDSE Inc.,Services
7047.T,PORT INC.,Services
7048.T,VELTRA Corporation,Services
7049.T,"SHIKIGAKU.Co.,Ltd.",Services
7050.T,FRONTIER INTERNATIONAL INC.,Services
7056.T,"Maruc Co.,Ltd.",Services
7057.T,"New Constructor's Network Co.,Ltd.",Services
7058.T,"Kyoei Security Service Co.,Ltd.",Services
7059.T,"COPRO-HOLDINGS.Co.,Ltd.",Services
7060.T,geechs inc.,Services
7061.T,Japan Hospice Holdings Inc.,Services
7062.T,"Fureasu Co.,Ltd.",Services
7063.T,Birdman Inc.,Services
7064.T,"Howtelevision,Inc.",Services
7065.T,UPR Corporation,Services
7066.T,"Peers Co.,Ltd.",Services
7067.T,Branding Technology Inc.,Services
7068.T,Feedforce Group Inc.,Services
7069.T,"CyberBuzz,Inc.",Services
7071.T,"Amvis Holdings,Inc.",Services
7072.T,"Intimate Merger,Inc.",Services
7073.T,"JAIC Co.,Ltd.",Services
7074.T,Twenty-four seven Inc.,Services
7077.T,"ALiNK Internet,INC.",Services
7078.T,INCLUSIVE Inc.,Services
7079.T,"WDB coco CO.,LTD.",Services
7080.T,"Sportsfield Co.,Ltd.",Services
7081.T,"Koyou Rentia Co.,Ltd.",Services
7082.T,"Jimoty,Inc.",Services
7083.T,AHC GROUP INC.,Services
7084.T,Kids Smile Holdings Inc.,Services
7085.T,"CURVES HOLDINGS Co.,Ltd.",Services
7086.T,KIZUNA HOLDINGS Corp.,Services
7087.T,"WILLTEC Co.,Ltd.",Services
7088.T,Forum Engineering Inc.,Services
7089.T,"for Startups,Inc.",Services
7090.T,Ligua Inc.,Services
7091.T,"Living Platform,Ltd.",Services
7092.T,Fast Fitness Japan Incorporated,Services
7093.T,"adish Co.,Ltd.",Services
7094.T,NexTone Inc.,Services
7095.T,"Macbee Planet,Inc.",Services
7096.T,StemCell Institute,Services
7097.T,"SAKURASAKU PLUS,Co.,Ltd.",Services
7098.T,Agent Inc.,Services
7102.T,"NIPPON SHARYO,LTD.",Transportation Equipment
7105.T,"Mitsubishi Logisnext Co.,Ltd.",Transportation Equipment
7110.T,Kurashicom Inc.,Retail Trade
7111.T,"INEST,Inc.",Wholesale Trade
7112.T,"CUBE CO.,LTD.",Retail Trade
7113.T,"MANABE INTERIOR HEARTS Co.,Ltd.",Retail Trade
7114.T,"Foodison,Inc.",Wholesale Trade
7115.T,"Alpha Purchase Co.,Ltd.",Wholesale Trade
7116.T,"DAIWA TSUSHIN Co.,Ltd",Wholesale Trade
7117.T,"Mimona Co.,Ltd",Retail Trade
7118.T,"Shinwa-holdings Co.,Ltd.",Retail Trade
7119.T,"halmek holdings Co.,Ltd.",Retail Trade
7120.T,SHINKO Inc.,Wholesale Trade
7122.T,"THE KINKI SHARYO CO.,LTD.",Transportation Equipment
7125.T,"IVRESSE CO.,LTD.",Wholesale Trade
7126.T,"Global Style Co.,Ltd.",Retail Trade
7127.T,"Ikka Holdings Co.,Ltd.",Retail Trade
7128.T,MARUKA FURUSATO Corporation,Wholesale Trade
7129.T,Miahelsa Holdings Corporation,Retail Trade
7130.T,"YAMAE GROUP HOLDINGS CO.,LTD.",Wholesale Trade
7131.T,NOMURA CORPORATION,Wholesale Trade
7132.T,FLOBAL CORPORATION,Wholesale Trade
7133.T,"HYUGA PRIMARY CARE Co.,Ltd.",Retail Trade
7134.T,"UP GARAGE GROUP Co.,Ltd.",Retail Trade
7135.T,"JAPAN CRAFT HOLDINGS CO.,LTD.",Retail Trade
7136.T,"Wellbin Group Co.,Ltd.",Retail Trade
7137.T,"Grantomato Co.,Ltd.",Retail Trade
7138.T,"TORICO Co.,Ltd.",Retail Trade
7139.T,"TOKYO KOATSU Co.,Ltd.",Wholesale Trade
7140.T,Petgo Corporation,Retail Trade
7148.T,"Financial Partners Group Co.,Ltd.",Securities and Commodities Futures
7150.T,"THE SHIMANE BANK,LTD.",Banks
7157.T,LIFENET INSURANCE COMPANY,Insurance
7161.T,"Jimoto Holdings,Inc.",Banks
7162.T,"ASTMAX Co.,Ltd.",Securities and Commodities Futures
7163.T,"SBI Sumishin Net Bank,Ltd.",Banks
7164.T,"ZENKOKU HOSHO Co.,Ltd.",Other Financing Business
7167.T,"Mebuki Financial Group,Inc.",Banks
7170.T,"CHUOU INTERNATIONAL GROUP CO.,LTD.",Insurance
7172.T,"Japan Investment Adviser Co.,Ltd.",Securities and Commodities Futures
7173.T,"Tokyo Kiraboshi Financial Group,Inc.",Banks
7175.T,"The Imamura Securities Co.,Ltd.",Securities and Commodities Futures
7176.T,"Simplex Financial Holdings Co.,Ltd.",Securities and Commodities Futures
7177.T,"GMO Financial Holdings,Inc.",Securities and Commodities Futures
7180.T,"Kyushu Financial Group,Inc.",Banks
7181.T,"JAPAN POST INSURANCE Co.,Ltd.",Insurance
7182.T,"JAPAN POST BANK Co.,Ltd.",Banks
7183.T,"Anshin Guarantor Service Co.,Ltd.",Other Financing Business
7184.T,"THE FIRST BANK OF TOYAMA,LTD.",Banks
7185.T,Hirose Tusyo Inc.,Securities and Commodities Futures
7186.T,"Concordia Financial Group,Ltd.",Banks
7187.T,"J-LEASE CO.,LTD.",Other Financing Business
7189.T,"Nishi-Nippon Financial Holdings,Inc.",Banks
7191.T,Entrust Inc.,Other Financing Business
7192.T,Mortgage Service Japan Limited,Other Financing Business
7196.T,Casa Inc.,Other Financing Business
7198.T,SBI ARUHI Corporation,Other Financing Business
7199.T,"Premium Group Co.,Ltd.",Other Financing Business
7201.T,"NISSAN MOTOR CO.,LTD.",Transportation Equipment
7202.T,ISUZU MOTORS LIMITED,Transportation Equipment
7203.T,TOYOTA MOTOR CORPORATION,Transportation Equipment
7205.T,"HINO MOTORS,LTD.",Transportation Equipment
7208.T,KANEMITSU CORPORATION,Transportation Equipment
7211.T,MITSUBISHI MOTORS CORPORATION,Transportation Equipment
7212.T,F-TECH INC.,Transportation Equipment
7213.T,LECIP HOLDINGS CORPORATION,Transportation Equipment
7214.T,GMB CORPORATION,Transportation Equipment
7215.T,"FALTEC Co.,Ltd.",Transportation Equipment
7217.T,"TEIN,INC.",Transportation Equipment
7218.T,"TANAKA SEIMITSU KOGYO CO.,LTD.",Transportation Equipment
7219.T,"HKS CO.,LTD.",Transportation Equipment
7220.T,"MUSASHI SEIMITSU INDUSTRY CO.,LTD.",Transportation Equipment
7222.T,"NISSAN SHATAI CO.,LTD.",Transportation Equipment
7224.T,"ShinMaywa Industries,LTD.",Transportation Equipment
7226.T,"KYOKUTO KAIHATSU KOGYO CO.,LTD.",Transportation Equipment
7228.T,DAYTONA CORPORATION,Transportation Equipment
7229.T,"YUTAKA GIKEN CO.,LTD.",Transportation Equipment
7231.T,"TOPY INDUSTRIES,LIMITED",Transportation Equipment
7235.T,"TOKYO RADIATOR MFG.CO.,LTD.",Transportation Equipment
7236.T,"T.RAD Co., Ltd.",Transportation Equipment
7238.T,"AKEBONO BRAKE INDUSTRY CO.,LTD.",Transportation Equipment
7239.T,"TACHI-S CO.,LTD.",Transportation Equipment
7240.T,NOK CORPORATION,Transportation Equipment
7241.T,"FUTABA INDUSTRIAL CO.,LTD.",Transportation Equipment
7242.T,KYB Corporation,Transportation Equipment
7244.T,"ICHIKOH INDUSTRIES,LTD.",Electric Appliances
7245.T,"DAIDO METAL CO.,LTD.",Transportation Equipment
7246.T,"PRESS KOGYO CO.,LTD.",Transportation Equipment
7247.T,MIKUNI CORPORATION,Transportation Equipment
7250.T,"PACIFIC INDUSTRIAL CO.,LTD.",Transportation Equipment
7254.T,UNIVANCE CORPORATION,Transportation Equipment
7255.T,SAKURAI LTD.,Transportation Equipment
7256.T,"KASAI KOGYO CO.,LTD.",Transportation Equipment
7259.T,AISIN CORPORATION,Transportation Equipment
7261.T,Mazda Motor Corporation,Transportation Equipment
7264.T,MURO CORPORATION,Transportation Equipment
7265.T,"EIKEN INDUSTRIES CO.,LTD",Transportation Equipment
7266.T,"Imasen Electric Industrial Co.,Ltd.",Transportation Equipment
7267.T,"HONDA MOTOR CO.,LTD.",Transportation Equipment
7268.T,TATSUMI Corporation,Transportation Equipment
7269.T,SUZUKI MOTOR CORPORATION,Transportation Equipment
7270.T,SUBARU CORPORATION,Transportation Equipment
7271.T,YASUNAGA CORPORATION,Transportation Equipment
7272.T,"Yamaha Motor Co.,Ltd.",Transportation Equipment
7273.T,"IKUYO CO.,LTD.",Transportation Equipment
7276.T,"KOITO MANUFACTURING CO.,LTD.",Electric Appliances
7277.T,"TBK Co.,Ltd.",Transportation Equipment
7278.T,EXEDY Corporation,Transportation Equipment
7279.T,HI-LEX CORPORATION,Transportation Equipment
7280.T,MITSUBA Corporation,Electric Appliances
7282.T,"TOYODA GOSEI CO.,LTD.",Transportation Equipment
7283.T,"AISAN INDUSTRY CO.,LTD.",Transportation Equipment
7284.T,"MEIWA INDUSTRY CO.,LTD.",Transportation Equipment
7287.T,"NIPPON SEIKI CO.,LTD.",Transportation Equipment
7291.T,"NIHON PLAST CO.,LTD.",Transportation Equipment
7292.T,MURAKAMI CORPORATION,Transportation Equipment
7294.T,YOROZU CORPORATION,Transportation Equipment
7296.T,"F.C.C.CO.,LTD.",Transportation Equipment
7297.T,"CAR MATE MFG. CO.,LTD.",Transportation Equipment
7299.T,FUJI OOZX Inc.,Transportation Equipment
7305.T,"ARAYA INDUSTRIAL CO.,LTD.",Iron and Steel
7309.T,SHIMANO INC.,Transportation Equipment
7313.T,"TS TECH CO.,LTD.",Transportation Equipment
7314.T,"ODAWARA AUTO-MACHINE MFG.CO.,LTD.",Transportation Equipment
7317.T,"Matsuya R&D Co.,Ltd",Transportation Equipment
7318.T,"SERENDIP HOLDINGS Co.,Ltd.",Transportation Equipment
7320.T,Japan Living Warranty Inc.,Other Financing Business
7322.T,"San ju San Financial Group,Inc.",Banks
7325.T,IRRC Corporation,Insurance
7326.T,"SBI Insurance Group Co.,Ltd.",Insurance
7327.T,"Daishi Hokuetsu Financial Group,Inc.",Banks
7337.T,"Hirogin Holdings,Inc.",Banks
7342.T,WealthNavi Inc.,Securities and Commodities Futures
7343.T,"Broad-Minded Co.,Ltd.",Insurance
7345.T,Ai Partners Financial Inc.,Other Financing Business
7347.T,"Mercuria Holdings Co.,Ltd.",Securities and Commodities Futures
7350.T,"Okinawa Financial Group,Inc.",Banks
7351.T,Goodpatch Inc.,Services
7352.T,TWOSTONE&Sons Inc.,Services
7353.T,"KIYO Learning Co.,Ltd.",Services
7354.T,Direct Marketing MiX Inc.,Services
7355.T,"Issunbou Co.,Ltd.",Services
7356.T,Retty Inc.,Services
7357.T,"GEOCODE CO.,Ltd.",Services
7358.T,Poppins Corporation,Services
7359.T,"Tokyo Communications Group,Inc.",Services
7360.T,"ONDECK Co.,Ltd.",Services
7361.T,"Human Creation Holdings,Inc.",Services
7362.T,Terminalcare Support Institute Inc.,Services
7363.T,baby calendar Inc.,Services
7364.T,"RYUKYU ASTEEDA Sports Club Co.,Ltd.",Services
7366.T,LITALICO Inc.,Services
7367.T,"CELM,Inc.",Services
7368.T,"HYOJITO Co.,Ltd.",Services
7369.T,"Meiho Holdings,Inc.",Services
7370.T,"Enjin Co.,Ltd.",Services
7371.T,Zenken Corporation,Services
7372.T,Decollte Holdings Corporation,Services
7373.T,"Aidma Holdings,Inc.",Services
7374.T,Interworks Confidence Inc.,Services
7375.T,"REFINVERSE Group,Inc.",Services
7376.T,"BCC Co.,Ltd.",Services
7377.T,"DN HOLDINGS CO.,LTD.",Services
7378.T,ASIRO Inc.,Services
7379.T,"CIRCULATION Co.,Ltd.",Services
7380.T,"Juroku Financial Group,Inc.",Banks
7381.T,"Hokkoku Financial Holdings,Inc.",Banks
7383.T,"Net Protections Holdings,Inc.",Other Financing Business
7384.T,"Procrea Holdings,Inc.",Banks
7386.T,"Japan Warranty Support Co.,Ltd.",Other Financing Business
7388.T,FP Partner Inc.,Insurance
7389.T,"Aichi Financial Group,Inc.",Banks
7399.T,"NANSIN CO.,LTD.",Transportation Equipment
7408.T,JAMCO CORPORATION,Transportation Equipment
7409.T,"AeroEdge Co.,Ltd",Transportation Equipment
7412.T,ATOM CORPORATION,Retail Trade
7413.T,"Sokensha Co.,Ltd.",Wholesale Trade
7414.T,"ONOKEN CO.,LTD.",Wholesale Trade
7416.T,Haruyama Holdings Inc.,Retail Trade
7417.T,NANYO CORPORATION,Wholesale Trade
7419.T,"Nojima Co.,Ltd.",Retail Trade
7420.T,"SATORI ELECTRIC CO.,LTD.",Wholesale Trade
7421.T,"KAPPA・CREATE CO.,LTD.",Retail Trade
7422.T,"TOHO LAMAC CO.,LTD.",Wholesale Trade
7425.T,"HATSUHO SHOUJI CO.,LTD.",Wholesale Trade
7426.T,Yamadai Corporation,Wholesale Trade
7427.T,"ECHO TRADING CO.,LTD.",Wholesale Trade
7433.T,"Hakuto Co.,Ltd.",Wholesale Trade
7434.T,OTAKE CORPORATION,Wholesale Trade
7435.T,"NADEX CO.,LTD.",Wholesale Trade
7438.T,KONDOTEC INC.,Wholesale Trade
7442.T,"NAKAYAMAFUKU CO.,LTD.",Wholesale Trade
7443.T,"YOKOHAMA GYORUI CO.,LTD.",Wholesale Trade
7444.T,"Harima-Kyowa Co.,LTD.",Wholesale Trade
7445.T,"RIGHT ON Co.,Ltd.",Retail Trade
7446.T,"TOHOKU CHEMICAL Co.,LTD.",Wholesale Trade
7447.T,"NAGAILEBEN Co.,Ltd.",Wholesale Trade
7450.T,"SUNDAY CO.,LTD.",Retail Trade
7451.T,"Mitsubishi Shokuhin Co.,Ltd.",Wholesale Trade
7453.T,"RYOHIN KEIKAKU CO.,LTD.",Retail Trade
7455.T,PARIS MIKI HOLDINGS Inc.,Retail Trade
7456.T,"MATSUDA SANGYO Co.,Ltd.",Wholesale Trade
7458.T,"DAIICHIKOSHO CO.,LTD.",Wholesale Trade
7459.T,MEDIPAL HOLDINGS CORPORATION,Wholesale Trade
7460.T,"YAGI & CO.,LTD.",Wholesale Trade
7461.T,"KIMURA CO.,LTD.",Wholesale Trade
7462.T,CAPITA Inc.,Retail Trade
7463.T,"ADVAN GROUP CO.,LTD.",Retail Trade
7464.T,"SAFTEC CO.,LTD.",Wholesale Trade
7466.T,SPK CORPORATION,Wholesale Trade
7467.T,"HAGIWARA ELECTRIC HOLDINGS CO.,LTD.",Wholesale Trade
7472.T,"TOBA,INC.",Wholesale Trade
7475.T,"ALBIS Co.,Ltd.",Retail Trade
7476.T,AS ONE CORPORATION,Wholesale Trade
7477.T,MURAKI CORPORATION,Wholesale Trade
7480.T,SUZUDEN CORPORATION,Wholesale Trade
7481.T,"OIE SANGYO CO.,LTD.",Wholesale Trade
7482.T,"SHIMOJIMA Co.,Ltd.",Wholesale Trade
7483.T,"DOSHISHA CO.,LTD.",Wholesale Trade
7486.T,"SANRIN CO.,LTD.",Wholesale Trade
7487.T,OZU CORPORATION,Wholesale Trade
7490.T,"NISSIN SHOJI CO.,LTD.",Wholesale Trade
7494.T,"KONAKA CO.,LTD.",Retail Trade
7500.T,"NISHIKAWA KEISOKU Co.,Ltd.",Wholesale Trade
7501.T,TIEMCO LTD.,Wholesale Trade
7502.T,"PLAZA HOLDINGS CO.,LTD.",Services
7504.T,KOHSOKU CORPORATION,Wholesale Trade
7505.T,"FUSO DENTSU CO.,LTD.",Wholesale Trade
7506.T,"HOUSE OF ROSE Co.,Ltd.",Retail Trade
7508.T,G-7 HOLDINGS Inc.,Retail Trade
7509.T,I.A GROUP CORPORATION,Retail Trade
7510.T,TAKEBISHI CORPORATION,Wholesale Trade
7512.T,Aeon Hokkaido Corporation,Retail Trade
7513.T,"Kojima Co.,Ltd.",Retail Trade
7514.T,"HIMARAYA Co.,Ltd.",Retail Trade
7515.T,Maruyoshi Center Inc.,Retail Trade
7516.T,"KOHNAN SHOJI CO.,LTD.",Retail Trade
7518.T,"Net One Systems Co.,Ltd.",Information & Communication
7520.T,"Eco's Co.,Ltd.",Retail Trade
7521.T,"MUSASHI CO.,LTD.",Wholesale Trade
7522.T,"WATAMI CO.,LTD.",Retail Trade
7523.T,"ART VIVANT CO.,LTD.",Retail Trade
7524.T,MARCHE CORPORATION,Retail Trade
7525.T,RIX CORPORATION,Wholesale Trade
7527.T,SystemSoft Corporation,Information & Communication
7531.T,SEIWA CHUO HOLDINGS CORPORATION,Wholesale Trade
7532.T,Pan Pacific International Holdings Corporation,Retail Trade
7537.T,MARUBUN CORPORATION,Wholesale Trade
7538.T,"DAISUI CO.,LTD.",Wholesale Trade
7539.T,"AINAVO HOLDINGS Co.,Ltd.",Wholesale Trade
7544.T,"Three F Co.,Ltd.",Retail Trade
7545.T,"NISHIMATSUYA CHAIN Co.,Ltd.",Retail Trade
7550.T,"ZENSHO HOLDINGS CO.,LTD.",Retail Trade
7551.T,"WEDS CO.,LTD.",Transportation Equipment
7552.T,HAPPINET CORPORATION,Wholesale Trade
7554.T,KOURAKUEN HOLDINGS CORPORATION,Retail Trade
7555.T,"Ota Floriculture Auction Co.,Ltd.",Wholesale Trade
7559.T,"GLOBAL FOOD CREATORS CO.,LTD.",Wholesale Trade
7561.T,HURXLEY CORPORATION,Retail Trade
7562.T,"ANRAKUTEI Co.,Ltd",Retail Trade
7564.T,"WORKMAN CO.,LTD.",Retail Trade
7565.T,MANSEI CORPORATION,Wholesale Trade
7567.T,SAKAE ELECTRONICS CORPORATION,Wholesale Trade
7570.T,"HASHIMOTO SOGYO HOLDINGS CO.,LTD.",Wholesale Trade
7571.T,YAMANO HOLDINGS CORPORATION,Retail Trade
7575.T,"Japan Lifeline Co.,Ltd.",Wholesale Trade
7578.T,"NICHIRYOKU CO.,LTD.",Retail Trade
7581.T,"SAIZERIYA CO.,LTD.",Retail Trade
7585.T,KAN-NANMARU CORPORATION,Retail Trade
7590.T,"TAKASHO CO.,LTD.",Wholesale Trade
7593.T,"VT HOLDINGS CO.,LTD.",Retail Trade
7595.T,ARGO GRAPHICS Inc.,Information & Communication
7596.T,"UORIKI CO.,LTD.",Retail Trade
7599.T,IDOM Inc.,Wholesale Trade
7600.T,"Japan Medical Dynamic Marketing,INC.",Precision Instruments
7601.T,"POPLAR CO.,Ltd.",Retail Trade
7602.T,"Carchs Holdings Co.,Ltd.",Wholesale Trade
7603.T,"MAC HOUSE CO.,LTD.",Retail Trade
7604.T,"UMENOHANA CO.,LTD.",Retail Trade
7605.T,FUJI CORPORATION,Retail Trade
7606.T,UNITED ARROWS LTD.,Retail Trade
7607.T,"Shinwa Co.,Ltd.",Wholesale Trade
7608.T,"SK JAPAN CO.,LTD.",Wholesale Trade
7609.T,"Daitron Co.,Ltd.",Wholesale Trade
7610.T,"TAY TWO CO.,LTD.",Retail Trade
7611.T,HIDAY HIDAKA Corp.,Retail Trade
7613.T,SIIX CORPORATION,Wholesale Trade
7614.T,"OM2Network Co.,Ltd.",Retail Trade
7615.T,"YU-WA Creation Holdings Co.,Ltd.",Retail Trade
7616.T,"COLOWIDE CO.,LTD.",Retail Trade
7619.T,"TANAKA CO.,LTD.",Wholesale Trade
7621.T,"UKAI CO.,LTD.",Retail Trade
7623.T,"SUNAUTAS CO.,LTD.",Retail Trade
7624.T,"Naito & Co.,Ltd.",Wholesale Trade
7625.T,"GLOBAL-DINING,INC.",Retail Trade
7628.T,OHASHI TECHNICA INC.,Wholesale Trade
7630.T,"ICHIBANYA CO.,LTD.",Retail Trade
7634.T,"HOSHIIRYO-SANKI CO.,LTD.",Wholesale Trade
7635.T,"SUGITA ACE CO.,LTD.",Wholesale Trade
7636.T,"HANDSMAN CO.,LTD",Retail Trade
7637.T,"Hakudo Co.,Ltd.",Wholesale Trade
7638.T,"NEW ART HOLDINGS Co.,Ltd.",Retail Trade
7640.T,"TOP CULTURE Co.,Ltd.",Retail Trade
7643.T,"DAIICHI CO.,LTD.",Retail Trade
7646.T,"PLANT Co.,Ltd.",Retail Trade
7647.T,"ONTSU Co.,Ltd.",Services
7649.T,"SUGI HOLDINGS Co.,LTD.",Retail Trade
7670.T,O-WELL CORPORATION,Wholesale Trade
7673.T,"DAIKO TSUSAN CO.,LTD.",Wholesale Trade
7674.T,"NATTY SWANKY holdings Co.,Ltd.",Retail Trade
7676.T,"GOODSPEED.CO.,LTD.",Retail Trade
7677.T,"Yashima & Co.,Ltd.",Wholesale Trade
7678.T,"ASAKUMA CO.,LTD.",Retail Trade
7679.T,"YAKUODO HOLDINGS Co.,Ltd.",Retail Trade
7680.T,"KEIJIDOUSHAKAN.Co.,Ltd.",Retail Trade
7681.T,"LEOCLAN Co.,Ltd.",Wholesale Trade
7682.T,"HAMAYUU CO.,LTD.",Retail Trade
7683.T,"WA,Inc.",Retail Trade
7685.T,"BuySell Technologies Co.,Ltd.",Wholesale Trade
7686.T,"Kakuyasu Group Co.,Ltd.",Retail Trade
7687.T,"MICREED Co.,Ltd.",Wholesale Trade
7689.T,Copa Corporation Inc.,Wholesale Trade
7690.T,CURRENT MOTOR Corporation,Wholesale Trade
7691.T,C Channel Corporation,Retail Trade
7692.T,EARTH INFINITY CO.LTD.,Electric Power and Gas
7693.T,"Hokkaido Shika Sangyo Co.,Ltd.",Wholesale Trade
7694.T,itsumo.inc.,Retail Trade
7695.T,"Koukandekirukun,Inc.",Retail Trade
7698.T,Iceco Inc.,Wholesale Trade
7699.T,OMNI-PLUS SYSTEM LIMITED,Wholesale Trade
7701.T,Shimadzu Corporation,Precision Instruments
7702.T,"JMS CO.,LTD.",Precision Instruments
7705.T,GL Sciences Inc.,Precision Instruments
7707.T,"Precision System Science Co.,Ltd.",Precision Instruments
7709.T,KUBOTEK CORPORATION,Precision Instruments
7711.T,"SUKEGAWA ELECTRIC CO.,LTD.",Precision Instruments
7713.T,"SIGMA KOKI CO.,LTD.",Precision Instruments
7715.T,"NAGANO KEIKI CO.,LTD.",Precision Instruments
7716.T,NAKANISHI INC.,Precision Instruments
7717.T,"V Technology Co.,Ltd.",Precision Instruments
7718.T,"STAR MICRONICS CO.,LTD.",Machinery
7719.T,TOKYO KOKI CO.LTD.,Precision Instruments
7721.T,TOKYO KEIKI INC.,Precision Instruments
7722.T,"KOKUSAI CO.,LTD.",Precision Instruments
7723.T,"Aichi Tokei Denki Co.,Ltd.",Precision Instruments
7725.T,INTER ACTION Corporation,Precision Instruments
7726.T,KURODA PRECISION INDUSTRIES LTD.,Machinery
7727.T,OVAL Corporation,Precision Instruments
7729.T,"TOKYO SEIMITSU CO.,LTD.",Precision Instruments
7730.T,"MANI,INC.",Precision Instruments
7731.T,NIKON CORPORATION,Precision Instruments
7732.T,TOPCON CORPORATION,Precision Instruments
7733.T,OLYMPUS CORPORATION,Precision Instruments
7734.T,"RIKEN KEIKI CO.,LTD.",Precision Instruments
7735.T,"SCREEN Holdings Co.,Ltd.",Electric Appliances
7739.T,CANON ELECTRONICS INC.,Electric Appliances
7740.T,"Tamron Co.,Ltd.",Precision Instruments
7741.T,HOYA CORPORATION,Precision Instruments
7743.T,"SEED CO.,LTD.",Precision Instruments
7744.T,"Noritsu Koki Co.,Ltd.",Precision Instruments
7745.T,"A&D HOLON Holdings Company,Limited",Precision Instruments
7746.T,"OKAMOTO GLASS CO.,LTD.",Precision Instruments
7747.T,"ASAHI INTECC CO.,LTD.",Precision Instruments
7749.T,"MEDIKIT CO.,LTD.",Precision Instruments
7751.T,CANON INC.,Electric Appliances
7752.T,"RICOH COMPANY,LTD.",Electric Appliances
7760.T,IMV CORPORATION,Precision Instruments
7762.T,"Citizen Watch Co.,Ltd.",Precision Instruments
7769.T,"RHYTHM CO.,LTD.",Precision Instruments
7771.T,"Nihon Seimitsu Co.,Ltd.",Precision Instruments
7774.T,"Japan Tissue Engineering Co.,Ltd.",Precision Instruments
7775.T,"DAIKEN MEDICAL CO.,LTD.",Precision Instruments
7776.T,CellSeed Inc.,Precision Instruments
7777.T,"3-D Matrix,Ltd.",Precision Instruments
7779.T,"CYBERDYNE,INC.",Precision Instruments
7780.T,"Menicon Co.,Ltd.",Precision Instruments
7781.T,"HIRAYAMA HOLDINGS Co.,Ltd.",Precision Instruments
7782.T,"Sincere Co.,LTD.",Precision Instruments
7790.T,"BARCOS Co.,Ltd.",Other Products
7791.T,"DREAMBED CO.,LTD.",Other Products
7792.T,"Colan Totte.Co.,Ltd.",Other Products
7793.T,IMAGE MAGIC Inc.,Other Products
7794.T,EDP Corporation,Other Products
7795.T,"KYORITSU CO.,LTD.",Other Products
7800.T,"Amifa Co.,Ltd.",Other Products
7803.T,Bushiroad Inc.,Other Products
7804.T,"B&P Co.,Ltd.",Other Products
7805.T,PRINTNET INC.,Other Products
7806.T,"MTG Co.,Ltd.",Other Products
7807.T,"KOWA CO.,LTD.",Other Products
7808.T,"C.S. LUMBER CO.,INC",Other Products
7809.T,"KOTOBUKIYA CO.,LTD.",Other Products
7810.T,"Crossfor Co.,Ltd.",Other Products
7811.T,"NAKAMOTO PACKS CO.,LTD.",Other Products
7812.T,CRESTEC Inc.,Other Products
7813.T,"PLATZ Co.,Ltd.",Other Products
7814.T,"JAPAN Creative Platform Group Co.,Ltd.",Other Products
7815.T,"TOKYO BOARD INDUSTRIES CO.,LTD.",Other Products
7816.T,"Snow Peak,Inc.",Other Products
7817.T,"PARAMOUNT BED HOLDINGS CO.,LTD.",Other Products
7818.T,"TRANSACTION CO.,Ltd.",Other Products
7819.T,SHOBIDO Corporation,Other Products
7820.T,"NIHON FLUSH CO.,LTD.",Other Products
7821.T,"MAEDA KOSEN CO.,LTD.",Other Products
7822.T,"Eidai Co.,Ltd.",Other Products
7823.T,ARTNATURE INC.,Other Products
7826.T,"FURUYA METAL CO.,LTD.",Other Products
7827.T,ORVIS CORPORATION,Other Products
7831.T,Wellco Holdings Corporation,Other Products
7832.T,Bandai Namco Holdings Inc.,Other Products
7833.T,IFIS JAPAN LTD.,Other Products
7836.T,"AVIX,Inc.",Other Products
7837.T,"R.C.CORE CO.,LTD.",Other Products
7839.T,"SHOEI CO.,LTD.",Other Products
7840.T,"FRANCE BED HOLDINGS CO.,LTD.",Other Products
7841.T,"ENDO MANUFACTURING CO.,LTD.",Other Products
7844.T,Marvelous Inc.,Information & Communication
7846.T,PILOT CORPORATION,Other Products
7847.T,GRAPHITE DESIGN INC.,Other Products
7849.T,Starts Publishing Corporation,Information & Communication
7850.T,"SOUGOU SHOUKEN CO.,LTD.",Other Products
7851.T,"KAWASE COMPUTER SUPPLIES CO,LTD.",Other Products
7856.T,HAGIHARA INDUSTRIES INC.,Other Products
7857.T,"SEKI CO.,LTD.",Other Products
7859.T,ALMEDIO INC.,Other Products
7860.T,Avex Inc.,Information & Communication
7863.T,"HIRAGA CO.,LTD.",Other Products
7864.T,"FUJI SEAL INTERNATIONAL,INC.",Other Products
7865.T,"People Co.,Ltd.",Other Products
7867.T,"TOMY COMPANY,LTD.",Other Products
7868.T,"KOSAIDO Holdings Co.,Ltd.",Other Products
7871.T,"FUKUVI CHEMICAL INDUSTRY CO.,LTD.",Chemicals
7872.T,"ESTELLE HOLDINGS CO.,LTD.",Other Products
7874.T,"LEC,INC.",Chemicals
7875.T,"TAKEDA iP HOLDINGS CO.,LTD.",Other Products
7877.T,"EIDAI KAKO CO.,LTD.",Chemicals
7878.T,"Kohsai Co.,Ltd.",Other Products
7879.T,NODA CORPORATION,Other Products
7883.T,"Sun Messe Co.,Ltd.",Other Products
7885.T,"TAKANO Co.,Ltd.",Other Products
7886.T,"YAMATO INDUSTRY CO.,LTD.",Chemicals
7887.T,"NANKAI PLYWOOD CO.,LTD.",Other Products
7888.T,SANKO GOSEI LTD.,Chemicals
7893.T,PRONEXUS INC.,Other Products
7896.T,"SEVEN INDUSTRIES CO.,LTD.",Other Products
7897.T,"HOKUSHIN CO.,LTD.",Other Products
7898.T,"WOOD ONE CO.,LTD.",Other Products
7901.T,MATSUMOTO INC.,Other Products
7902.T,"SONOCOM CO.,LTD.",Other Products
7906.T,"YONEX CO.,LTD.",Other Products
7908.T,"KIMOTO CO.,LTD.",Chemicals
7911.T,TOPPAN Holdings Inc.,Other Products
7912.T,"Dai Nippon Printing Co.,Ltd.",Other Products
7914.T,"Kyodo Printing Co.,Ltd.",Other Products
7915.T,"Nissha Co.,Ltd.",Other Products
7916.T,"MITSUMURA PRINTING CO.,LTD.",Other Products
7917.T,"FUJIMORI KOGYO CO.,LTD.",Chemicals
7918.T,"VIA Holdings,Inc.",Retail Trade
7919.T,"Nozaki Insatsu Shigyo Co.,Ltd.",Other Products
7921.T,TAKARA & COMPANY LTD.,Other Products
7922.T,"SANKO SANGYO CO.,LTD.",Other Products
7923.T,TOIN CORPORATION,Other Products
7925.T,"MAEZAWA KASEI INDUSTRIES CO.,LTD.",Chemicals
7927.T,MUTO SEIKO CO.,Chemicals
7928.T,"ASAHI KAGAKU KOGYO CO.,LTD.",Chemicals
7931.T,"MIRAI INDUSTRY CO.,LTD.",Chemicals
7932.T,"Nippi,Incorporated",Other Products
7936.T,ASICS Corporation,Other Products
7937.T,"TSUTSUMI JEWELRY CO.,LTD.",Other Products
7938.T,REGAL CORPORATION,Other Products
7939.T,"KENSOH CO.,LTD.",Other Products
7940.T,"WAVELOCK HOLDINGS CO.,LTD.",Chemicals
7942.T,JSP Corporation,Chemicals
7943.T,NICHIHA CORPORATION,Glass and Ceramics Products
7944.T,Roland Corporation,Other Products
7946.T,KOYOSHA INC.,Other Products
7947.T,FP CORPORATION,Chemicals
7949.T,"KOMATSU WALL INDUSTRY CO.,LTD.",Other Products
7951.T,YAMAHA CORPORATION,Other Products
7952.T,"Kawai Musical Instruments Manufacturing Co.,Ltd.",Other Products
7953.T,"KIKUSUI CHEMICAL INDUSTRIES CO.,LTD.",Other Products
7955.T,Cleanup Corporation,Other Products
7956.T,PIGEON CORPORATION,Other Products
7957.T,"FUJICOPIAN CO.,LTD.",Other Products
7958.T,TENMA CORPORATION,Chemicals
7962.T,"KING JIM CO.,LTD.",Other Products
7963.T,KOKEN LTD.,Other Products
7965.T,Zojirushi Corporation,Electric Appliances
7966.T,LINTEC Corporation,Other Products
7970.T,"Shin-Etsu Polymer Co.,Ltd.",Chemicals
7971.T,TOLI Corporation,Chemicals
7972.T,ITOKI CORPORATION,Other Products
7974.T,"Nintendo Co.,Ltd.",Other Products
7975.T,"LIHIT LAB.,INC.",Other Products
7976.T,"MITSUBISHI PENCIL COMPANY,LIMITED",Other Products
7979.T,SHOFU INC.,Precision Instruments
7980.T,"SHIGEMATSU WORKS CO.,LTD.",Other Products
7981.T,"TAKARA STANDARD CO.,LTD.",Other Products
7983.T,Miroku Corporation,Other Products
7984.T,"KOKUYO CO.,LTD.",Other Products
7985.T,NEPON Inc.,Metal Products
7986.T,"NIHON ISK Company,Limited",Other Products
7987.T,"NAKABAYASHI CO.,LTD.",Other Products
7988.T,NIFCO INC.,Chemicals
7989.T,TACHIKAWA CORPORATION,Metal Products
7990.T,"GLOBERIDE,Inc.",Other Products
7991.T,"MAMIYA-OP CO.,LTD",Machinery
7992.T,"The Sailor Pen Co.,Ltd.",Other Products
7994.T,OKAMURA CORPORATION,Other Products
7995.T,"VALQUA,LTD.",Chemicals
7997.T,Kurogane Kosakusho Ltd.,Other Products
7999.T,"MUTOH HOLDINGS CO.,LTD.",Electric Appliances
8001.T,ITOCHU Corporation,Wholesale Trade
8002.T,Marubeni Corporation,Wholesale Trade
8005.T,Scroll Corporation,Retail Trade
8006.T,"YUASA FUNASHOKU Co.,Ltd.",Wholesale Trade
8007.T,"Takashima & Co.,Ltd.",Wholesale Trade
8008.T,YONDOSHI HOLDINGS INC.,Retail Trade
8011.T,SANYO SHOKAI LTD.,Textiles and Apparels
8012.T,"NAGASE & CO.,LTD.",Wholesale Trade
8013.T,"NAIGAI CO.,LTD.",Textiles and Apparels
8014.T,"CHORI CO.,LTD.",Wholesale Trade
8015.T,TOYOTA TSUSHO CORPORATION,Wholesale Trade
8016.T,"ONWARD HOLDINGS CO.,LTD.",Textiles and Apparels
8018.T,"SANKYO SEIKO CO.,LTD.",Wholesale Trade
8020.T,KANEMATSU CORPORATION,Wholesale Trade
8022.T,Mizuno Corporation,Other Products
8023.T,"DAIKO DENSHI TSUSHIN,LTD.",Information & Communication
8025.T,"TSUKAMOTO CORPORATION CO.,LTD.",Wholesale Trade
8029.T,LOOK HOLDINGS INCORPORATED,Textiles and Apparels
8030.T,"Chuo Gyorui Co.,Ltd.",Wholesale Trade
8031.T,"MITSUI & CO.,LTD.",Wholesale Trade
8032.T,JAPAN PULP AND PAPER COMPANY LIMITED,Wholesale Trade
8035.T,Tokyo Electron Limited,Electric Appliances
8037.T,KAMEI CORPORATION,Wholesale Trade
8038.T,"TOHTO SUISAN CO.,LTD.",Wholesale Trade
8039.T,"TSUKIJI UOICHIBA COMPANY,LIMITED",Wholesale Trade
8040.T,"TOKYO SOIR CO.,LTD.",Textiles and Apparels
8041.T,OUG Holdings Inc.,Wholesale Trade
8043.T,Starzen Company Limited,Wholesale Trade
8045.T,"Yokohama Maruuo Co.,Ltd.",Wholesale Trade
8046.T,"MARUFUJI SHEET PILING CO.,LTD.",Wholesale Trade
8050.T,SEIKO GROUP CORPORATION,Precision Instruments
8051.T,YAMAZEN CORPORATION,Wholesale Trade
8052.T,"TSUBAKIMOTO KOGYO CO.,LTD.",Wholesale Trade
8053.T,"SUMITOMO CORPORATION (SUMITOMO SHOJI KAISHA,LTD.)",Wholesale Trade
8056.T,BIPROGY Inc.,Information & Communication
8057.T,"UCHIDA YOKO CO.,LTD.",Wholesale Trade
8058.T,Mitsubishi Corporation,Wholesale Trade
8059.T,"DAIICHI JITSUGYO CO.,LTD.",Wholesale Trade
8060.T,Canon Marketing Japan Inc.,Wholesale Trade
8061.T,SEIKA CORPORATION,Wholesale Trade
8065.T,SATO SHO-JI CORPORATION,Wholesale Trade
8066.T,MITANI CORPORATION,Wholesale Trade
8070.T,"TOKYO SANGYO CO.,LTD.",Wholesale Trade
8072.T,"JAPAN PUBLICATIONS TRADING CO.,LTD.",Wholesale Trade
8074.T,"YUASA TRADING CO.,LTD.",Wholesale Trade
8075.T,Shinsho Corporation,Wholesale Trade
8076.T,CANOX CORPORATION,Wholesale Trade
8077.T,TORQ Inc.,Wholesale Trade
8078.T,"HANWA CO.,LTD.",Wholesale Trade
8079.T,SHOEI FOODS CORPORATION,Wholesale Trade
8081.T,KANADEN CORPORATION,Wholesale Trade
8084.T,RYODEN CORPORATION,Wholesale Trade
8085.T,"NARASAKI SANGYO CO.,LTD.",Wholesale Trade
8086.T,NIPRO CORPORATION,Precision Instruments
8088.T,IWATANI  CORPORATION,Wholesale Trade
8089.T,Nice Corporation,Wholesale Trade
8091.T,"NICHIMO CO.,LTD.",Wholesale Trade
8093.T,"Kyokuto Boeki Kaisha,Limited",Wholesale Trade
8095.T,"Astena Holdings Co.,Ltd.",Wholesale Trade
8097.T,"SAN-AI OBBLI CO.,LTD.",Wholesale Trade
8098.T,"Inabata & Co.,Ltd.",Wholesale Trade
8101.T,GSI Creos Corporation,Wholesale Trade
8103.T,Meiwa Corporation,Wholesale Trade
8104.T,KUWAZAWA Holdings Corporation,Wholesale Trade
8105.T,"MARUSHO HOTTA CO.,LTD.",Wholesale Trade
8107.T,KIMURATAN CORPORATION,Textiles and Apparels
8111.T,Goldwin Inc.,Textiles and Apparels
8113.T,UNICHARM CORPORATION,Chemicals
8114.T,"DESCENTE,LTD.",Textiles and Apparels
8115.T,"MOONBAT Co.,Ltd.",Wholesale Trade
8117.T,CENTRAL AUTOMOTIVE PRODUCTS LTD.,Wholesale Trade
8118.T,"KING Co.,Ltd.",Textiles and Apparels
8119.T,SANYEI CORPORATION,Wholesale Trade
8123.T,"T.KAWABE & CO.,LTD.",Wholesale Trade
8125.T,"Wakita & Co.,LTD.",Wholesale Trade
8127.T,YAMATO INTERNATIONAL INC.,Textiles and Apparels
8129.T,"TOHO HOLDINGS CO.,LTD.",Wholesale Trade
8130.T,Sangetsu Corporation,Wholesale Trade
8131.T,"Mitsuuroko Group Holdings Co.,Ltd.",Wholesale Trade
8132.T,"SINANEN HOLDINGS CO.,LTD.",Wholesale Trade
8133.T,"ITOCHU ENEX CO.,LTD.",Wholesale Trade
8135.T,ZETT CORPORATION,Wholesale Trade
8136.T,"Sanrio Company,Ltd.",Wholesale Trade
8137.T,SUN-WA TECHNOS CORPORATION,Wholesale Trade
8138.T,SANKYO KASEI CORPORATION,Wholesale Trade
8139.T,NAGAHORI CORPORATION,Wholesale Trade
8141.T,"Shinko Shoji Co.,Ltd.",Wholesale Trade
8142.T,"TOHO Co.,Ltd.",Wholesale Trade
8143.T,"LAPINE CO.,LTD.",Textiles and Apparels
8144.T,"Denkyo Group Holdings Co.,Ltd.",Wholesale Trade
8147.T,TOMITA CO.LTD.,Wholesale Trade
8150.T,"SANSHIN ELECTRONICS CO.,LTD.",Wholesale Trade
8151.T,TOYO Corporation,Wholesale Trade
8152.T,SOMAR CORPORATION,Wholesale Trade
8153.T,"MOS FOOD SERVICES,INC.",Wholesale Trade
8154.T,"KAGA ELECTRONICS CO.,LTD.",Wholesale Trade
8155.T,"MIMASU SEMICONDUCTOR INDUSTRY CO.,LTD.",Metal Products
8157.T,"TSUZUKI DENKI CO.,LTD.",Information & Communication
8158.T,"SODA NIKKA CO.,LTD.",Wholesale Trade
8159.T,"TACHIBANA ELETECH CO.,LTD.",Wholesale Trade
8160.T,"KISOJI CO.,LTD.",Retail Trade
8163.T,"SRS HOLDINGS CO.,LTD.",Retail Trade
8165.T,"SENSHUKAI CO.,LTD.",Retail Trade
8166.T,"Taka-Q Co.,Ltd.",Retail Trade
8167.T,"RETAIL PARTNERS CO.,LTD.",Retail Trade
8173.T,"Joshin Denki Co.,Ltd.",Retail Trade
8174.T,"NIPPON GAS CO.,LTD.",Retail Trade
8179.T,"ROYAL HOLDINGS Co., Ltd.",Retail Trade
8181.T,"Totenko Co.,Ltd.",Retail Trade
8182.T,"Inageya Co.,Ltd.",Retail Trade
8185.T,"CHIYODA CO.,LTD.",Retail Trade
8194.T,LIFE CORPORATION,Retail Trade
8198.T,"Maxvalu Tokai Co.,Ltd.",Retail Trade
8200.T,"RINGER HUT CO.,LTD.",Retail Trade
8202.T,"Laox Holdings CO.,LTD.",Retail Trade
8203.T,MrMax Holdings Ltd.,Retail Trade
8207.T,"TEN ALLIED Co.,Ltd.",Retail Trade
8208.T,"ENCHO CO.,LTD.",Retail Trade
8209.T,FRIENDLY CORPORATION,Retail Trade
8214.T,AOKI Holdings Inc.,Retail Trade
8215.T,"GINZA YAMAGATAYA CO.,LTD.",Retail Trade
8217.T,"OKUWA CO.,LTD.",Retail Trade
8218.T,"KOMERI CO.,LTD.",Retail Trade
8219.T,"AOYAMA TRADING Co.,Ltd.",Retail Trade
8225.T,"Takachiho Co.,Ltd.",Wholesale Trade
8226.T,RIKEI CORPORATION,Wholesale Trade
8227.T,"SHIMAMURA Co.,Ltd.",Retail Trade
8230.T,"HASEGAWA CO.,LTD.",Retail Trade
8233.T,"Takashimaya Company,Limited",Retail Trade
8237.T,"MATSUYA CO.,LTD.",Retail Trade
8242.T,H2O RETAILING CORPORATION,Retail Trade
8244.T,"Kintetsu Department Store CO.,Ltd.",Retail Trade
8247.T,"Daiwa Co.,Ltd.",Retail Trade
8252.T,"MARUI GROUP CO.,LTD.",Retail Trade
8253.T,"Credit Saison Co.,Ltd.",Other Financing Business
8254.T,"Saikaya Department Store Co.,Ltd.",Retail Trade
8255.T,Axial Retailing Inc.,Retail Trade
8260.T,"IZUTSUYA CO.,LTD.",Retail Trade
8267.T,"AEON CO.,LTD.",Retail Trade
8273.T,"IZUMI CO.,LTD.",Retail Trade
8275.T,FORVAL CORPORATION,Wholesale Trade
8276.T,"HEIWADO CO.,LTD.",Retail Trade
8278.T,"FUJI CO.,LTD.",Retail Trade
8279.T,"YAOKO CO.,LTD",Retail Trade
8281.T,"XEBIO holdings CO.,LTD.",Retail Trade
8282.T,K'S HOLDINGS CORPORATION,Retail Trade
8283.T,PALTAC CORPORATION,Wholesale Trade
8285.T,"MITANI SANGYO CO.,LTD.",Wholesale Trade
8289.T,Olympic Group Corporation,Retail Trade
8291.T,"NISSAN TOKYO SALES HOLDINGS CO.,LTD.",Retail Trade
8304.T,"Aozora Bank,Ltd.",Banks
8306.T,"Mitsubishi UFJ Financial Group,Inc.",Banks
8308.T,"Resona Holdings, Inc.",Banks
8309.T,"Sumitomo Mitsui Trust Holdings,Inc.",Banks
8316.T,"Sumitomo Mitsui Financial Group,Inc.",Banks
8331.T,"The Chiba Bank,Ltd.",Banks
8334.T,"The Gunma Bank,Ltd.",Banks
8336.T,"The Musashino Bank,Ltd.",Banks
8337.T,"The Chiba Kogyo Bank,Ltd.",Banks
8338.T,"Tsukuba Bank,Ltd.",Banks
8341.T,"The 77 Bank,Ltd.",Banks
8343.T,"THE AKITA BANK,LTD.",Banks
8344.T,"The Yamagata Bank,Ltd.",Banks
8345.T,"The Bank of Iwate,Ltd.",Banks
8346.T,"The Toho Bank,Ltd.",Banks
8349.T,"THE TOHOKU BANK,LTD.",Banks
8354.T,"Fukuoka Financial Group,Inc.",Banks
8358.T,Suruga Bank Ltd.,Banks
8359.T,"The Hachijuni Bank,Ltd.",Banks
8360.T,"The Yamanashi Chuo Bank,Ltd.",Banks
8361.T,"The Ogaki Kyoritsu Bank,Ltd.",Banks
8362.T,"The Fukui Bank,Ltd.",Banks
8364.T,"THE SHIMIZU BANK,LTD.",Banks
8365.T,"The Bank of Toyama,Ltd.",Banks
8366.T,"THE SHIGA BANK,LTD.",Banks
8367.T,"The Nanto Bank,Ltd.",Banks
8368.T,"The Hyakugo Bank,Ltd.",Banks
8370.T,"The Kiyo Bank,Ltd.",Banks
8377.T,"Hokuhoku Financial Group, Inc.",Banks
8381.T,"The San-in Godo Bank,Ltd.",Banks
8383.T,"THE TOTTORI BANK,LTD.",Banks
8386.T,"The Hyakujushi Bank,Ltd.",Banks
8387.T,The Shikoku Bank Ltd.,Banks
8388.T,"The Awa Bank,Ltd.",Banks
8392.T,"THE OITA BANK,LTD.",Banks
8393.T,"The Miyazaki Bank,Ltd.",Banks
8395.T,THE BANK OF SAGA LTD.,Banks
8399.T,"Bank of The Ryukyus,Limited",Banks
8410.T,"Seven Bank,Ltd.",Banks
8411.T,"Mizuho Financial Group,Inc.",Banks
8416.T,"THE BANK OF KOCHI,LTD.",Banks
8418.T,"Yamaguchi Financial Group,Inc.",Banks
8424.T,"Fuyo General Lease Co.,Ltd.",Other Financing Business
8425.T,"Mizuho Leasing Company,Limited",Other Financing Business
8439.T,Tokyo Century Corporation,Other Financing Business
8462.T,"Future Venture Capital Co.,Ltd.",Securities and Commodities Futures
8473.T,"SBI Holdings,Inc.",Securities and Commodities Futures
8508.T,"J Trust Co.,Ltd.",Other Financing Business
8511.T,"Japan Securities Finance Co.,Ltd.",Other Financing Business
8515.T,AIFUL CORPORATION,Other Financing Business
8518.T,"Japan Asia Investment Company,Limited",Securities and Commodities Futures
8522.T,"The Bank of Nagoya,Ltd.",Banks
8524.T,"North Pacific Bank,Ltd.",Banks
8537.T,"THE TAIKO BANK,LTD.",Banks
8541.T,"The Ehime Bank,Ltd.",Banks
8542.T,"TOMATO BANK,LTD.",Banks
8544.T,"The Keiyo Bank,Ltd.",Banks
8550.T,"THE TOCHIGI BANK,LTD.",Banks
8551.T,"The Kita-Nippon Bank,Ltd.",Banks
8558.T,"THE TOWA BANK,LTD.",Banks
8562.T,"THE FUKUSHIMA BANK,LTD.",Banks
8563.T,"THE DAITO BANK,LTD.",Banks
8566.T,"RICOH LEASING COMPANY,LTD.",Other Financing Business
8570.T,"AEON Financial Service Co.,Ltd.",Other Financing Business
8572.T,"ACOM CO.,LTD.",Other Financing Business
8584.T,"JACCS CO.,LTD.",Other Financing Business
8585.T,Orient Corporation,Other Financing Business
8591.T,ORIX CORPORATION,Other Financing Business
8593.T,Mitsubishi HC Capital Inc.,Other Financing Business
8595.T,"JAFCO Group Co.,Ltd.",Securities and Commodities Futures
8596.T,"KYUSHU LEASING SERVICE CO.,LTD.",Other Financing Business
8600.T,"TOMONY Holdings,Inc.",Banks
8601.T,Daiwa Securities Group Inc.,Securities and Commodities Futures
8604.T,"Nomura Holdings, Inc.",Securities and Commodities Futures
8609.T,OKASAN SECURITIES GROUP INC.,Securities and Commodities Futures
8613.T,"Marusan Securities Co.,Ltd.",Securities and Commodities Futures
8614.T,"TOYO SECURITIES CO.,LTD.",Securities and Commodities Futures
8616.T,"Tokai Tokyo Financial Holdings,Inc.",Securities and Commodities Futures
8617.T,"The Kosei Securities Co.,Ltd.",Securities and Commodities Futures
8622.T,"Mito Securities Co.,Ltd.",Securities and Commodities Futures
8624.T,"Ichiyoshi Securities Co.,Ltd.",Securities and Commodities Futures
8628.T,"MATSUI SECURITIES CO.,LTD.",Securities and Commodities Futures
8630.T,"Sompo Holdings,Inc.",Insurance
8697.T,"Japan Exchange Group,Inc.",Other Financing Business
8698.T,"Monex Group,Inc.",Securities and Commodities Futures
8699.T,"HS Holdings Co.,Ltd.",Securities and Commodities Futures
8700.T,"Maruhachi Securities Co.,Ltd.",Securities and Commodities Futures
8704.T,"TRADERS HOLDINGS CO.,LTD.",Securities and Commodities Futures
8705.T,"Nissan Securities Group Co.,Ltd.",Securities and Commodities Futures
8706.T,"KYOKUTO SECURITIES CO.,LTD.",Securities and Commodities Futures
8707.T,"IwaiCosmo Holdings,Inc.",Securities and Commodities Futures
8708.T,"AIZAWA SECURITIES GROUP CO.,LTD.",Securities and Commodities Futures
8713.T,FIDEA Holdings Co.Ltd.,Banks
8714.T,"Senshu Ikeda Holdings,Inc.",Banks
8715.T,"Anicom Holdings,Inc.",Insurance
8725.T,"MS&AD Insurance Group Holdings,Inc.",Insurance
8732.T,"MONEY PARTNERS GROUP CO.,LTD.",Securities and Commodities Futures
8737.T,Akatsuki Corp.,Securities and Commodities Futures
8739.T,"SPARX Group Co.,Ltd.",Securities and Commodities Futures
8742.T,"KOBAYASHI YOKO CO.,LTD.",Securities and Commodities Futures
8746.T,"DAIICHI COMMODITIES CO.,LTD.",Securities and Commodities Futures
8747.T,"YUTAKA TRUSTY SECURITIES CO.,LTD.",Securities and Commodities Futures
8750.T,"Dai-ichi Life Holdings,Inc.",Insurance
8766.T,"Tokio Marine Holdings,Inc.",Insurance
8769.T,"Advantage Risk Management Co.,Ltd.",Services
8771.T,"eGuarantee,Inc.",Other Financing Business
8772.T,"ASAX CO.,LTD.",Other Financing Business
8783.T,"GFA Co.,Ltd.",Other Financing Business
8789.T,FinTech Global Incorporated,Other Financing Business
8793.T,NEC Capital Solutions Limited,Other Financing Business
8795.T,"T&D Holdings, Inc.",Insurance
8798.T,"Advance Create Co.,Ltd.",Insurance
8801.T,"Mitsui Fudosan Co.,Ltd.",Real Estate
8802.T,"Mitsubishi Estate Company,Limited",Real Estate
8803.T,"HEIWA REAL ESTATE CO.,LTD.",Real Estate
8804.T,"Tokyo Tatemono Co.,Ltd.",Real Estate
8818.T,"Keihanshin Building Co.,Ltd.",Real Estate
8830.T,"Sumitomo Realty & Development Co.,Ltd.",Real Estate
8835.T,TAIHEIYO KOUHATSU INCORPORATED,Wholesale Trade
8836.T,RISE Inc.,Real Estate
8841.T,"TOC Co.,Ltd.",Real Estate
8844.T,"COSMOS INITIA Co.,Ltd.",Real Estate
8848.T,LEOPALACE21 CORPORATION,Real Estate
8850.T,STARTS CORPORATION INC.,Real Estate
8860.T,FUJI CORPORATION LIMITED,Real Estate
8864.T,"AIRPORT FACILITIES Co.,LTD.",Real Estate
8869.T,Meiwa Estate Company Limited,Real Estate
8871.T,"GOLDCREST Co.,Ltd.",Real Estate
8876.T,"Relo Group,Inc.",Services
8877.T,ESLEAD CORPORATION,Real Estate
8881.T,"NISSHIN GROUP HOLDINGS Company,Limited",Real Estate
8886.T,"WOOD FRIENDS CO.,Ltd.",Real Estate
8887.T,CUMICA CORPORATION,Real Estate
8889.T,"Apaman Co.,Ltd.",Real Estate
8890.T,"Raysum Co.,Ltd.",Real Estate
8891.T,"AMG HOLDINGS CO.,LTD.",Real Estate
8892.T,ES-CON JAPAN Ltd.,Real Estate
8894.T,"REVOLUTION CO.,LTD.",Real Estate
8897.T,"MIRARTH HOLDINGS,Inc.",Real Estate
8898.T,CENTURY21 REAL ESTATE OF JAPAN LTD.,Real Estate
8904.T,"AVANTIA CO.,LTD.",Real Estate
8905.T,"AEON Mall Co.,Ltd.",Real Estate
8908.T,"MAINICHI COMNET CO.,LTD.",Real Estate
8912.T,Area Quest Inc.,Real Estate
8914.T,"Arealink Co.,Ltd.",Real Estate
8917.T,"First Juken Co.,Ltd.",Real Estate
8918.T,"LAND Co.,Ltd.",Real Estate
8919.T,"KATITAS CO.,LTD",Real Estate
8920.T,"TOSHO CO.,LTD.",Services
8921.T,"C's Create Co.,Ltd",Real Estate
8923.T,TOSEI CORPORATION,Real Estate
8927.T,"MEIHO ENTERPRISE CO.,LTD.",Real Estate
8928.T,ANABUKI KOSAN INC.,Real Estate
8929.T,"Aoyama Zaisan Networks Company,Limited",Real Estate
8931.T,WADAKOHSAN CORPORATION,Real Estate
8934.T,"Sun Frontier Fudousan Co.,Ltd.",Real Estate
8935.T,"FJ NEXT HOLDINGS CO.,LTD.",Real Estate
8938.T,"GLOME Holdings,Inc.",Real Estate
8940.T,"INTELLEX Co.,Ltd.",Real Estate
8944.T,"LAND BUSINESS  CO.,LTD.",Real Estate
8945.T,SUNNEXTA GROUP Inc.,Real Estate
8946.T,ASIAN STAR CO.,Real Estate
8995.T,"Makoto Construction CO,Ltd",Real Estate
8996.T,"HouseFreedom Co.,Ltd.",Real Estate
8999.T,Grandy House Corporation,Real Estate
9001.T,"TOBU RAILWAY CO.,LTD.",Land Transportation
9003.T,"Sotetsu Holdings,Inc.",Land Transportation
9005.T,TOKYU CORPORATION,Land Transportation
9006.T,Keikyu Corporation,Land Transportation
9007.T,"Odakyu Electric Railway Co.,Ltd.",Land Transportation
9008.T,Keio Corporation,Land Transportation
9009.T,"Keisei Electric Railway Co.,Ltd.",Land Transportation
9010.T,"FUJI KYUKO CO.,LTD.",Land Transportation
9012.T,"Chichibu Railway Co.,Ltd.",Land Transportation
9017.T,"Niigata Kotsu Co.,Ltd.",Land Transportation
9020.T,East Japan Railway Company,Land Transportation
9021.T,West Japan Railway Company,Land Transportation
9022.T,Central Japan Railway Company,Land Transportation
9024.T,SEIBU HOLDINGS INC.,Land Transportation
9025.T,"Konoike Transport Co.,Ltd.",Land Transportation
9028.T,"ZERO CO.,LTD.",Land Transportation
9029.T,"HIGASHI TWENTY ONE CO.,LTD.",Land Transportation
9031.T,"Nishi-Nippon Railroad Co.,Ltd.",Land Transportation
9033.T,"Hiroshima Electric Railway Co.,Ltd.",Land Transportation
9034.T,"NANSO Transport Co.,Ltd.",Land Transportation
9036.T,"TOHBU NETWORK CO.,LTD.",Land Transportation
9037.T,"HAMAKYOREX CO.,LTD.",Land Transportation
9039.T,"Sakai Moving Service Co.,Ltd.",Land Transportation
9041.T,"Kintetsu Group Holdings Co.,Ltd.",Land Transportation
9042.T,"Hankyu Hanshin Holdings,Inc.",Land Transportation
9044.T,"Nankai Electric Railway Co.,Ltd.",Land Transportation
9045.T,"Keihan Holdings Co.,Ltd.",Land Transportation
9046.T,"Kobe Electric Railway Co.,Ltd.",Land Transportation
9048.T,"Nagoya Railroad Co., Ltd.",Land Transportation
9049.T,"Keifuku Electric Railroad Co.,Ltd.",Land Transportation
9051.T,"SENKON LOGISTICS CO.,LTD",Land Transportation
9052.T,"Sanyo Electric Railway Co.,Ltd.",Land Transportation
9055.T,"ALPS LOGISTICS CO.,LTD.",Land Transportation
9057.T,"ENSHU TRUCK CO.,LTD.",Land Transportation
9058.T,"TRANCOM CO.,LTD.",Warehousing and Harbor Transportation Service
9059.T,"Kanda Holdings Co.,Ltd.",Land Transportation
9060.T,JAPAN LOGISTIC SYSTEMS CORP.,Land Transportation
9063.T,"Okayamaken Freight Transportation CO.,LTD.",Land Transportation
9064.T,"YAMATO HOLDINGS CO.,LTD.",Land Transportation
9065.T,SANKYU INC.,Land Transportation
9066.T,NISSIN CORPORATION,Warehousing and Harbor Transportation Service
9067.T,MARUWN CORPORATION,Land Transportation
9068.T,"Maruzen Showa Unyu Co.,Ltd.",Land Transportation
9069.T,"SENKO Group Holdings Co.,Ltd.",Land Transportation
9070.T,"TONAMI HOLDINGS CO.,LTD.",Land Transportation
9072.T,"NIKKON Holdings Co.,Ltd.",Land Transportation
9073.T,"Kyogoku unyu shoji Co.,Ltd.",Land Transportation
9074.T,"Japan Oil Transportation Co.,Ltd.",Land Transportation
9075.T,"FUKUYAMA TRANSPORTING CO.,LTD.",Land Transportation
9076.T,"SEINO HOLDINGS CO.,LTD.",Land Transportation
9078.T,"S LINE GROUP CO.,LTD.",Land Transportation
9081.T,"Kanagawa Chuo Kotsu Co.,Ltd.",Land Transportation
9082.T,"Daiwa Motor Transportation Co.,Ltd.",Land Transportation
9083.T,"Shinki Bus Co.,Ltd.",Land Transportation
9087.T,TAKASE CORPORATION,Land Transportation
9090.T,AZ-COM MARUWA Holdings Inc.,Land Transportation
9099.T,"Chilled & Frozen Logistics Holdings Co.,Ltd.",Land Transportation
9101.T,Nippon Yusen Kabushiki Kaisha,Marine Transportation
9104.T,"Mitsui O.S.K.Lines,Ltd.",Marine Transportation
9107.T,"Kawasaki Kisen Kaisha,Ltd.",Marine Transportation
9110.T,"NS United Kaiun Kaisha,Ltd.",Marine Transportation
9115.T,"Meiji Shipping Group Co.,Ltd.",Marine Transportation
9119.T,"IINO KAIUN KAISHA,LTD.",Marine Transportation
9127.T,"TAMAI STEAMSHIP CO.,LTD",Marine Transportation
9130.T,"KYOEI TANKER CO.,LTD.",Marine Transportation
9142.T,Kyushu Railway Company,Land Transportation
9143.T,"SG HOLDINGS CO.,LTD.",Land Transportation
9145.T,"BEING HOLDINGS CO.,LTD.",Land Transportation
9146.T,"GOKENDO CO.,Ltd",Land Transportation
9147.T,"NIPPON EXPRESS HOLDINGS,INC.",Land Transportation
9149.T,"Otomo Logistics Service Co.,Ltd.",Land Transportation
9156.T,"HANA HOLDINGS Co.,Ltd.",Services
9158.T,CUC Inc.,Services
9159.T,W TOKYO Inc.,Services
9160.T,"NOVARESE,Inc.",Services
9161.T,"Integrated Design & Engineering Holdings Co.,Ltd.",Services
9162.T,"Bleach,Inc.",Services
9163.T,Nareru Group Inc.,Services
9164.T,TRYT Inc.,Services
9165.T,"Qualtec Co.,Ltd.",Services
9166.T,GENDA Inc.,Services
9167.T,"Futonmaki Jiro,Inc.",Services
9168.T,"Rise Consulting Group,Inc.",Services
9169.T,Daishinsha Inc.,Services
9171.T,"Kuribayashi Steamship Co.,Ltd.",Marine Transportation
9173.T,"Tokai Kisen Co.,Ltd.",Marine Transportation
9193.T,"Tokyo Kisen Co.,Ltd.",Warehousing and Harbor Transportation Service
9201.T,"Japan Airlines Co.,Ltd.",Air Transportation
9202.T,ANA HOLDINGS INC.,Air Transportation
9204.T,Skymark Airlines Inc.,Air Transportation
9206.T,Star Flyer Inc.,Air Transportation
9211.T,f-code Inc.,Services
9212.T,"Green Earth Institute Co.,Ltd.",Services
9213.T,SEYFERT LTD.,Services
9214.T,"Recovery International Co.,Ltd.",Services
9215.T,"CaSy Co.,Ltd.",Services
9216.T,"Bewith,Inc.",Services
9218.T,"Mental Health Technologies Co.,Ltd.",Services
9219.T,GiXo Ltd.,Services
9220.T,"FB CARE SERVICE CO.,LTD.",Services
9221.T,FULUHASHI EPO CORPORATION,Services
9222.T,"manaby Co.,Ltd.",Services
9223.T,"ASNOVA Co.,Ltd.",Services
9224.T,KANKYOU NO MIKATA Inc.,Services
9225.T,Bridge Consulting Group Inc.,Services
9226.T,IGER Inc.,Services
9227.T,"Microwave Chemical Co.,Ltd.",Services
9229.T,"SUNWELS Co.,Ltd.",Services
9232.T,PASCO CORPORATION,Air Transportation
9233.T,"Asia Air Survey Co.,Ltd.",Air Transportation
9235.T,"Ureru Net Advertising Co.,Ltd.",Services
9236.T,Japan M&A Solution Incorporated,Services
9237.T,"Emimen Co.,Ltd.",Services
9238.T,"VALUE CREATION CO.,LTD.",Services
9239.T,KET Inc.,Services
9240.T,Delivery Consulting Inc.,Services
9241.T,"Future Link Network Co.,Ltd.",Services
9242.T,"Media Research Institute,Inc.",Services
9243.T,"FT Holdings Co.,Inc.",Services
9244.T,DIGITALIFT Inc.,Services
9245.T,Livero Inc.,Services
9246.T,"ProjectHoldings,Inc.",Services
9247.T,TRE HOLDINGS CORPORATION,Services
9248.T,"People, Dreams & Technologies Group Co.,Ltd.",Services
9249.T,"Japan Ecosystem Co.,Ltd.",Services
9250.T,GRCS Inc.,Services
9251.T,"AB&Company Co.,Ltd.",Services
9252.T,"Last One Mile Co.,Ltd.",Services
9253.T,Slogan Inc.,Services
9254.T,"Lovable Marketing Group,inc.",Services
9256.T,"Succeed co.,ltd.",Services
9257.T,YCP Holdings (Global) Limited,Services
9258.T,"CS-C.Co.,Ltd.",Services
9259.T,"TAKAYOSHI Holdings,INC.",Services
9260.T,"Nishimoto Co.,Ltd.",Wholesale Trade
9262.T,"SILVER LIFE CO.,LTD.",Retail Trade
9264.T,"Puequ CO.,LTD.",Wholesale Trade
9265.T,"YAMASHITA HEALTH CARE HOLDINGS,INC.",Wholesale Trade
9267.T,"Genky DrugStores Co.,Ltd.",Retail Trade
9268.T,OPTIMUS GROUP COMPANY LIMITED,Wholesale Trade
9270.T,Valuence Holdings Inc.,Wholesale Trade
9271.T,"Wagokoro co.,ltd.",Retail Trade
9272.T,"Boutiques,Inc.",Services
9273.T,"KOA SHOJI HOLDINGS CO.,LTD.",Wholesale Trade
9274.T,"KPP GROUP HOLDINGS CO.,LTD.",Wholesale Trade
9275.T,"NARUMIYA INTERNATIONAL Co.,Ltd.",Retail Trade
9278.T,BOOKOFF GROUP HOLDINGS LIMITED,Retail Trade
9279.T,GIFT HOLDINGS INC.,Retail Trade
9301.T,Mitsubishi Logistics Corporation,Warehousing and Harbor Transportation Service
9302.T,"MITSUI-SOKO HOLDINGS Co.,Ltd.",Warehousing and Harbor Transportation Service
9303.T,"The Sumitomo Warehouse Co.,Ltd.",Warehousing and Harbor Transportation Service
9304.T,"The Shibusawa Warehouse Co.,Ltd.",Warehousing and Harbor Transportation Service
9305.T,Yamatane Corporation,Wholesale Trade
9306.T,"Toyo Logistics Co.,Ltd.",Warehousing and Harbor Transportation Service
9307.T,"Sugimura Warehouse Co.,Ltd.",Warehousing and Harbor Transportation Service
9308.T,"Inui Global Logistics Co.,Ltd.",Marine Transportation
9310.T,Japan Transcity Corporation,Warehousing and Harbor Transportation Service
9311.T,ASAGAMI CORPORATION,Warehousing and Harbor Transportation Service
9312.T,"THE KEIHIN CO.,LTD.",Warehousing and Harbor Transportation Service
9313.T,Maruhachi Warehouse Company Limited,Warehousing and Harbor Transportation Service
9319.T,"Chuo Warehouse Co.,Ltd.",Warehousing and Harbor Transportation Service
9322.T,"KAWANISHI WAREHOUSE CO.,LTD.",Warehousing and Harbor Transportation Service
9324.T,Yasuda Logistics Corporation,Warehousing and Harbor Transportation Service
9325.T,PHYZ Holdings Inc.,Warehousing and Harbor Transportation Service
9326.T,"KANTSU CO.,LTD.",Warehousing and Harbor Transportation Service
9327.T,"e-LogiT co.,ltd.",Warehousing and Harbor Transportation Service
9330.T,AGEHA Inc.,Services
9331.T,Caster Co.Ltd.,Services
9332.T,"NISSO HOLDINGS Co.,Ltd.",Services
9334.T,"IBIS HOLDINGS Co.,Ltd.",Services
9335.T,"techno-creative CO.,LTD.",Services
9336.T,"Daiei Kankyo Co.,Ltd.",Services
9337.T,toridori Inc.,Services
9338.T,INFORICH INC.,Services
9339.T,"COACH A Co.,Ltd.",Services
9340.T,"ASO INTERNATIONAL,INC.",Services
9341.T,"GENOVA,Inc.",Services
9342.T,Sumasapo Inc.,Services
9343.T,ibis inc.,Services
9344.T,Axis Consulting Corporation,Services
9345.T,"Bizmates,Inc.",Services
9346.T,"Cocorport,Inc.",Services
9347.T,"NIPPON KANZAI Holdings Co.,Ltd.",Services
9348.T,"ispace,inc.",Services
9351.T,"TOYO WHARF & WAREHOUSE CO.,LTD.",Warehousing and Harbor Transportation Service
9353.T,"SAKURAJIMA FUTO KAISHA,LTD.",Warehousing and Harbor Transportation Service
9355.T,RINKO CORPORATION,Warehousing and Harbor Transportation Service
9360.T,SUZUYO SHINWART CORPORATION,Information & Communication
9361.T,"FUSHIKI KAIRIKU UNSO CO.,LTD.",Warehousing and Harbor Transportation Service
9362.T,"HYOKI KAIUN KAISHA,LTD.",Warehousing and Harbor Transportation Service
9363.T,"DAIUN CO.,LTD.",Warehousing and Harbor Transportation Service
9364.T,"Kamigumi Co.,Ltd.",Warehousing and Harbor Transportation Service
9365.T,TRADIA CORPORATION,Warehousing and Harbor Transportation Service
9366.T,SANRITSU CORPORATION,Warehousing and Harbor Transportation Service
9367.T,"DAITO KOUN CO.,LTD.",Warehousing and Harbor Transportation Service
9368.T,"KIMURA UNITY CO.,LTD.",Warehousing and Harbor Transportation Service
9369.T,K.R.S.Corporation,Warehousing and Harbor Transportation Service
9376.T,"EURASIA TRAVEL Co.,Ltd.",Services
9377.T,AGP CORPORATION,Warehousing and Harbor Transportation Service
9380.T,"Azuma Shipping Co.,Ltd.",Warehousing and Harbor Transportation Service
9381.T,AIT CORPORATION,Warehousing and Harbor Transportation Service
9384.T,NAIGAI TRANS LINE LTD.,Warehousing and Harbor Transportation Service
9385.T,SHOEI CORPORATION,Chemicals
9386.T,NIPPON CONCEPT CORPORATION,Warehousing and Harbor Transportation Service
9388.T,"PAPANETS CO.,Ltd.",Warehousing and Harbor Transportation Service
9399.T,Beat Holdings Limited,Information & Communication
9401.T,"TBS HOLDINGS,INC.",Information & Communication
9404.T,"Nippon Television Holdings,Inc.",Information & Communication
9405.T,ASAHI BROADCASTING GROUP HOLDINGS CORPORATION,Information & Communication
9408.T,"BSN MEDIA HOLDINGS,INC.",Information & Communication
9409.T,TV Asahi Holdings Corporation,Information & Communication
9412.T,SKY Perfect JSAT Holdings Inc.,Information & Communication
9413.T,TV TOKYO Holdings Corporation,Information & Communication
9414.T,Nippon BS Broadcasting Corporation,Information & Communication
9416.T,VISION INC.,Information & Communication
9417.T,"Smartvalue Co.,Ltd.",Information & Communication
9418.T,"U-NEXT HOLDINGS Co.,Ltd.",Information & Communication
9419.T,"WirelessGate,Inc.",Information & Communication
9421.T,NJ Holdings Inc.,Information & Communication
9423.T,Forval RealStraight Inc.,Information & Communication
9424.T,Japan Communications Inc.,Information & Communication
9425.T,ReYuu Japan Inc.,Information & Communication
9428.T,CROPS CORPORATION,Information & Communication
9432.T,NIPPON TELEGRAPH AND TELEPHONE CORPORATION,Information & Communication
9433.T,KDDI CORPORATION,Information & Communication
9434.T,SoftBank Corp.,Information & Communication
94345.T,SoftBank Corp.(shares of preferred stock),Information & Communication
9435.T,"HIKARI TSUSHIN,INC.",Information & Communication
9436.T,OKINAWA CELLULAR TELEPHONE COMPANY,Information & Communication
9438.T,MTI Ltd.,Information & Communication
9439.T,M・H・GROUP LTD.,Services
9441.T,"Bell-Park Co.,Ltd.",Information & Communication
9444.T,"TOSHIN HOLDINGS CO.,LTD",Information & Communication
9445.T,"FORVAL TELECOM,INC.",Information & Communication
9446.T,"SAKAI Holdings CO.,LTD",Information & Communication
9449.T,"GMO internet group,Inc.",Information & Communication
9450.T,Fibergate Inc.,Information & Communication
9466.T,Aidma Marketing Communication Corporation,Information & Communication
9467.T,"AlphaPolis Co.,Ltd.",Information & Communication
9468.T,KADOKAWA CORPORATION,Information & Communication
9470.T,"GAKKEN HOLDINGS CO.,LTD.",Information & Communication
9474.T,"ZENRIN CO.,LTD.",Information & Communication
9475.T,"Shobunsha Holdings,Inc.",Information & Communication
9476.T,"CHUOKEIZAI-SHA HOLDINGS,INC.",Information & Communication
9478.T,"SE Holdings and Incubations Co.,Ltd.",Information & Communication
9479.T,"Impress Holdings, Inc.",Information & Communication
9501.T,"Tokyo Electric Power Company Holdings,Incorporated",Electric Power and Gas
9502.T,"Chubu Electric Power Company,Incorporated",Electric Power and Gas
9503.T,"The Kansai Electric Power Company,Incorporated",Electric Power and Gas
9504.T,"The Chugoku Electric Power Company,Incorporated",Electric Power and Gas
9505.T,Hokuriku Electric Power Company,Electric Power and Gas
9506.T,"Tohoku Electric Power Company,Incorporated",Electric Power and Gas
9507.T,"Shikoku Electric Power Company,Incorporated",Electric Power and Gas
9508.T,"Kyushu Electric Power Company,Incorporated",Electric Power and Gas
9509.T,"Hokkaido Electric Power Company,Incorporated",Electric Power and Gas
9511.T,"The Okinawa Electric Power Company,Incorporated",Electric Power and Gas
9513.T,"Electric Power Development Co.,Ltd.",Electric Power and Gas
9514.T,EF-ON INC.,Electric Power and Gas
9517.T,"eREX Co.,Ltd.",Electric Power and Gas
9519.T,"RENOVA,Inc.",Electric Power and Gas
9522.T,"Renewable Japan Co.,Ltd.",Electric Power and Gas
9531.T,"TOKYO GAS CO.,LTD.",Electric Power and Gas
9532.T,"OSAKA GAS CO.,LTD.",Electric Power and Gas
9533.T,"TOHO GAS CO.,LTD.",Electric Power and Gas
9534.T,"HOKKAIDO GAS CO.,LTD.",Electric Power and Gas
9535.T,"HIROSHIMA GAS CO.,LTD.",Electric Power and Gas
9536.T,"SAIBU GAS HOLDINGS CO.,LTD.",Electric Power and Gas
9537.T,"HOKURIKU GAS CO.,LTD.",Electric Power and Gas
9539.T,"KEIYO GAS CO.,LTD.",Electric Power and Gas
9543.T,"SHIZUOKA GAS CO.,LTD.",Electric Power and Gas
9551.T,"METAWATER Co.,Ltd.",Electric Power and Gas
9552.T,M&A Research Institute Holdings Inc.,Services
9553.T,"MicroAd,Inc.",Services
9554.T,"AViC Co.,Ltd.",Services
9556.T,INTLOOP Inc.,Services
9557.T,"airCloset,Inc.",Services
9558.T,"Japaniace Co.,Ltd.",Services
9559.T,"Pear Capital,inc.",Services
9560.T,PROGRIT Inc.,Services
9561.T,GLAD CUBE Inc.,Services
9562.T,Business Coach Inc.,Services
9563.T,Atlas Technologies Corporation,Services
9564.T,FCE Inc.,Services
9565.T,GLOE Inc.,Services
9600.T,I-NET CORP.,Information & Communication
9601.T,"Shochiku Co.,Ltd.",Information & Communication
9602.T,"TOHO CO.,LTD",Information & Communication
9603.T,"H.I.S.Co.,Ltd.",Services
9605.T,"TOEI COMPANY,LTD.",Information & Communication
9610.T,WILSON LEARNING WORLDWIDE INC.,Services
9612.T,"LUCKLAND CO.,LTD.",Services
9613.T,NTT DATA GROUP CORPORATION,Information & Communication
9616.T,"KYORITSU MAINTENANCE CO.,LTD.",Services
9619.T,"ICHINEN HOLDINGS CO.,LTD.",Services
9621.T,"CTI Engineering Co.,Ltd.",Services
9622.T,"SPACE CO.,LTD.",Services
9625.T,"CERESPO CO.,LTD.",Services
9627.T,AIN HOLDINGS INC.,Retail Trade
9628.T,"SAN HOLDINGS,INC.",Services
9629.T,PCA CORPORATION,Information & Communication
9632.T,"Subaru Enterprise Co.,Ltd.",Services
9633.T,"TOKYO THEATRES COMPANY,INCORPORATED",Services
9635.T,"Musashino Kogyo Co.,Ltd.",Services
9636.T,Kin-Ei Corp.,Services
9639.T,"SANKYO FRONTIER CO.,LTD.",Services
9640.T,"Saison Technology Co.,Ltd.",Information & Communication
9644.T,"TANABE CONSULTING GROUP CO.,LTD.",Services
9647.T,"KYOWA ENGINEERING CONSULTANTS CO.,LTD.",Services
9651.T,"Japan Process Development Co.,Ltd.",Information & Communication
9656.T,GREENLAND RESORT COMPANY LIMITED,Services
9658.T,BUSINESS BRAIN SHOWA・OTA INC.,Information & Communication
9661.T,"Kabuki-Za Co.,Ltd.",Services
9663.T,"NAGAWA CO.,Ltd",Services
9672.T,"TOKYOTOKEIBA CO.,LTD.",Services
9675.T,"Joban Kosan Co.,Ltd.",Services
9678.T,"KANAMOTO CO.,LTD.",Services
9679.T,"HORAI Co.,Ltd.",Services
9682.T,DTS CORPORATION,Information & Communication
9684.T,"SQUARE ENIX HOLDINGS CO.,LTD.",Information & Communication
9685.T,"KYCOM HOLDINGS CO.,LTD.",Information & Communication
9686.T,"TOYO TEC CO.,LTD.",Services
9687.T,"KSK CO.,LTD",Information & Communication
9691.T,"RYOMO SYSTEMS CO.,LTD.",Information & Communication
9692.T,COMPUTER ENGINEERING & CONSULTING LTD.,Information & Communication
9696.T,With us Corporation,Services
9697.T,"CAPCOM CO.,LTD.",Information & Communication
9698.T,"CREO CO.,LTD.",Information & Communication
9699.T,"NISHIO HOLDINGS CO.,LTD.",Services
9701.T,"Tokyo Kaikan Co.,Ltd.",Services
9702.T,ISB CORPORATION,Information & Communication
9704.T,"Agora Hospitality Group Co.,Ltd.",Services
9706.T,"Japan Airport Terminal Co.,ltd.",Real Estate
9708.T,"Imperial Hotel,Ltd.",Services
9709.T,"NCS&A CO.,LTD.",Information & Communication
9713.T,"THE ROYAL HOTEL,LIMITED",Services
9715.T,transcosmos inc.,Services
9716.T,"NOMURA Co.,Ltd.",Services
9717.T,"JASTEC Co.,Ltd.",Information & Communication
9719.T,SCSK Corporation,Information & Communication
9720.T,"HOTEL NEWGRAND CO.,LTD.",Services
9722.T,FUJITA KANKO INC.,Services
9723.T,"THE KYOTO HOTEL,LTD.",Services
9726.T,"KNT-CT Holdings Co.,Ltd.",Services
9729.T,TOKAI Corp.,Services
9731.T,"Hakuyosha Company,Ltd.",Services
9733.T,Nagase Brothers Inc.,Services
9735.T,"SECOM CO.,LTD.",Services
9739.T,NSW Inc.,Information & Communication
9740.T,"CENTRAL SECURITY PATROLS CO.,LTD.",Services
9742.T,INES Corporation,Information & Communication
9743.T,"TANSEISHA CO.,LTD.",Services
9744.T,MEITEC Group Holdings Inc.,Services
9746.T,TKC Corporation,Information & Communication
9749.T,FUJI SOFT INCORPORATED,Information & Communication
9753.T,IX Knowledge Incorporated,Information & Communication
9755.T,OYO Corporation,Services
9757.T,Funai Soken Holdings Incorporated,Services
9759.T,"NSD CO.,LTD.",Information & Communication
9760.T,"SHINGAKUKAI HOLDINGS CO.,LTD.",Services
9761.T,"TOKAI LEASE CO.,LTD.",Services
9763.T,"Marubeni Construction Material Lease Co.,Ltd.",Wholesale Trade
9765.T,"OHBA CO.,LTD.",Services
9766.T,KONAMI GROUP CORPORATION,Information & Communication
9767.T,"NIKKEN KOGAKU CO.,LTD.",Services
9768.T,"IDEA Consultants,Inc.",Services
9769.T,"GAKKYUSHA CO.,LTD.",Services
9776.T,SAPPORO CLINICAL LABORATORY INC.,Services
9778.T,"SUBARU CO.,LTD.",Services
9780.T,HARIMA B.STEM CORPORATION,Services
9782.T,DMS INC.,Services
9787.T,"AEON DELIGHT CO.,LTD.",Services
9788.T,"NAC CO.,LTD.",Services
9790.T,"Fukui Computer Holdings,Inc.",Information & Communication
9791.T,BIKEN TECHNO CORPORATION,Services
9793.T,"Daiseki Co.,Ltd.",Services
9795.T,"STEP CO.,LTD.",Services
9799.T,"ASAHI INTELLIGENCE SERVICE CO.,LTD.",Information & Communication
9812.T,"T.O. Holdings CO.,LTD.",Wholesale Trade
9816.T,Striders Corporation,Real Estate
9818.T,"DAIMARU ENAWIN Co.,Ltd.",Wholesale Trade
9820.T,MT GENEX CORPORATION,Real Estate
9823.T,Mammy Mart Corporation,Retail Trade
9824.T,"SENSHU ELECTRIC CO.,LTD.",Wholesale Trade
9827.T,"Lilycolor Co.,Ltd.",Wholesale Trade
9828.T,"GENKI SUSHI CO.,LTD.",Retail Trade
9830.T,TRUSCO NAKAYAMA CORPORATION,Wholesale Trade
9831.T,"YAMADA HOLDINGS CO.,LTD.",Retail Trade
9832.T,"AUTOBACS SEVEN CO.,LTD.",Wholesale Trade
9835.T,"JUNTENDO CO.,LTD.",Retail Trade
9837.T,"MORITO CO.,LTD.",Wholesale Trade
9842.T,ARCLANDS CORPORATION,Retail Trade
9843.T,"Nitori Holdings Co.,Ltd.",Retail Trade
9845.T,PARKER CORPORATION,Chemicals
9846.T,"TENMAYA STORE CO.,LTD.",Retail Trade
9849.T,KYODO PAPER HOLDINGS,Wholesale Trade
9850.T,"GOURMET KINEYA CO.,LTD.",Retail Trade
9852.T,"CB GROUP MANAGEMENT Co.,Ltd.",Wholesale Trade
9853.T,"GINZA RENOIR CO.,LTD.",Retail Trade
9854.T,"AIGAN CO.,LTD.",Retail Trade
9856.T,"KU HOLDINGS CO.,LTD.",Retail Trade
9857.T,EIWA CORPORATION,Wholesale Trade
9861.T,"YOSHINOYA HOLDINGS CO.,LTD.",Retail Trade
9867.T,Solekia Limited,Wholesale Trade
9869.T,"KATO SANGYO CO.,LTD.",Wholesale Trade
9872.T,"KITAKEI CO.,LTD.",Wholesale Trade
9873.T,"KFC Holdings Japan,Ltd.",Retail Trade
9876.T,"COX CO.,LTD.",Retail Trade
9878.T,"SEKIDO CO.,LTD.",Retail Trade
9880.T,INNOTECH CORPORATION,Electric Appliances
9882.T,YELLOW HAT LTD.,Wholesale Trade
9885.T,"CHARLE CO.,LTD.",Wholesale Trade
9887.T,"MATSUYA FOODS HOLDINGS CO.,LTD.",Retail Trade
9888.T,"UEX,LTD.",Wholesale Trade
9889.T,JBCC Holdings Inc.,Information & Communication
9890.T,"MAKIYA CO.,LTD.",Retail Trade
9895.T,CONSEC CORPORATION,Wholesale Trade
9896.T,"JK Holdings Co.,Ltd.",Wholesale Trade
9900.T,Sagami Holdings Corporation,Retail Trade
9902.T,NICHIDEN Corporation,Wholesale Trade
9903.T,"KANSEKI CO.,LTD",Retail Trade
9904.T,"Verite Co.,Ltd.",Retail Trade
9906.T,Fujii Sangyo Corporation,Wholesale Trade
9908.T,"NIHON DENKEI CO.,LTD",Wholesale Trade
9913.T,NIPPO LTD.,Wholesale Trade
9914.T,"Uematsu Shokai Co.,Ltd.",Wholesale Trade
9919.T,KANSAI FOOD MARKET LTD.,Retail Trade
9927.T,"WATT MANN CO.,LTD.",Retail Trade
9928.T,"MIROKU JYOHO SERVICE CO.,LTD.",Information & Communication
9929.T,"HEIWA PAPER CO.,LTD.",Wholesale Trade
9930.T,"KITAZAWA SANGYO CO.,LTD.",Wholesale Trade
9932.T,"SUGIMOTO & CO.,LTD.",Wholesale Trade
9934.T,"INABA DENKISANGYO CO.,LTD.",Wholesale Trade
9936.T,OHSHO FOOD SERVICE CORP.,Retail Trade
9941.T,"TAIYO BUSSAN KAISHA,LTD.",Wholesale Trade
9946.T,"MINISTOP CO.,LTD.",Retail Trade
9948.T,"ARCS COMPANY,LIMITED",Retail Trade
9950.T,"HACHI-BAN CO.,LTD.",Retail Trade
9955.T,"THE YONKYU CO.,LTD.",Wholesale Trade
9956.T,"VALOR HOLDINGS CO.,LTD.",Retail Trade
9959.T,"ASEED HOLDINGS CO.,LTD.",Retail Trade
9960.T,TOTECH CORPORATION,Wholesale Trade
9962.T,MISUMI Group Inc.,Wholesale Trade
9969.T,"SHOKUBUN CO.,LTD.",Retail Trade
9972.T,"ALTECH CO.,LTD.",Wholesale Trade
9973.T,"Kozosushi Co.,LTD.",Retail Trade
9974.T,"Belc CO.,LTD.",Retail Trade
9976.T,"SEKICHU CO.,LTD.",Retail Trade
9978.T,"BUNKYODO GROUP HOLDINGS CO.,LTD.",Retail Trade
9979.T,DAISYO CORPORATION,Retail Trade
9980.T,MRK HOLDINGS INC.,Retail Trade
9982.T,"Takihyo Co.,Ltd.",Wholesale Trade
9983.T,"FAST RETAILING CO.,LTD.",Retail Trade
9984.T,SoftBank Group Corp.,Information & Communication
9986.T,"ZAOH COMPANY,LTD.",Wholesale Trade
9987.T,"SUZUKEN CO.,LTD.",Wholesale Trade
9989.T,"SUNDRUG CO.,LTD.",Retail Trade
9990.T,SAC'S BAR HOLDINGS INC.,Retail Trade
9991.T,GECOSS CORPORATION,Wholesale Trade
9993.T,"YAMAZAWA CO.,LTD.",Retail Trade
9994.T,YAMAYA CORPORATION,Retail Trade
9996.T,"Satoh&Co.,Ltd.",Wholesale Trade
9997.T,"BELLUNA CO.,LTD.",Retail Trade
