Symbol,Name,Sector
AACG,ATA Creativity Global American Depositary Shares,Real Estate
AACI,Armada Acquisition Corp. I Common Stock,Finance
AACIW,Armada Acquisition Corp. I Warrant,Finance
AADI,Aadi Bioscience Inc. Common Stock,Health Care
AAGR,African Agriculture Holdings Inc. Common Stock,Consumer Staples
AAL,American Airlines Group Inc. Common Stock,Consumer Discretionary
AAME,Atlantic American Corporation Common Stock,Finance
AAOI,Applied Optoelectronics Inc. Common Stock,Technology
AAON,AAON Inc. Common Stock,Industrials
AAPL,Apple Inc. Common Stock,Technology
ABAT,American Battery Technology Company Common Stock,Basic Materials
ABCB,Ameris Bancorp Common Stock,Finance
ABCL,AbCellera Biologics Inc. Common Shares,Health Care
ABEO,Abeona Therapeutics Inc. Common Stock,Health Care
ABIO,ARCA biopharma Inc. Common Stock,Health Care
ABL,Abacus Life Inc. Class A Common Stock,Finance
ABLLL,Abacus Life Inc. 9.875% Fixed Rate Senior Notes due 2028,Finance
ABLLW,Abacus Life Inc. Warrant,Finance
ABLV,Able View Global Inc. Class B Ordinary Shares,Consumer Discretionary
ABNB,Airbnb Inc. Class A Common Stock,Finance
ABOS,Acumen Pharmaceuticals Inc. Common Stock,Health Care
ABSI,Absci Corporation Common Stock,Health Care
ABTS,Abits Group Inc Ordinary Shares,Technology
ABUS,Arbutus Biopharma Corporation Common Stock,Health Care
ABVC,ABVC BioPharma Inc. Common Stock,Health Care
ABVX,Abivax SA American Depositary Shares,Health Care
ACAB,Atlantic Coastal Acquisition Corp. II Class A Common Stock,Finance
ACACU,Acri Capital Acquisition Corporation Unit,Finance
ACAD,ACADIA Pharmaceuticals Inc. Common Stock,Health Care
ACB,Aurora Cannabis Inc. Common Shares,Health Care
ACCD,Accolade Inc. Common Stock,Consumer Discretionary
ACDC,ProFrac Holding Corp. Class A Common Stock,Energy
ACET,Adicet Bio Inc. Common Stock,Health Care
ACGL,Arch Capital Group Ltd. Common Stock,Finance
ACGLN,Arch Capital Group Ltd. Depositary Shares each Representing a 1/1000th Interest in a 4.550% Non-Cumulative Preferred Share Series G,Finance
ACGLO,Arch Capital Group Ltd. Depositary Shares Each Representing 1/1000th Interest in a Share of 5.45% Non-Cumulative Preferred Shares Series F,Finance
ACHC,Acadia Healthcare Company Inc. Common Stock,Health Care
ACHL,Achilles Therapeutics plc American Depositary Shares,Health Care
ACHV,Achieve Life Sciences Inc. Common Shares,Health Care
ACIC,American Coastal Insurance Corporation Common Stock,Finance
ACIU,AC Immune SA Common Stock,Health Care
ACIW,ACI Worldwide Inc. Common Stock,Technology
ACLS,Axcelis Technologies Inc. Common Stock,Technology
ACLX,Arcellx Inc. Common Stock,Health Care
ACMR,ACM Research Inc. Class A Common Stock,Technology
ACNB,ACNB Corporation Common Stock,Finance
ACNT,Ascent Industries Co. Common Stock,Industrials
ACON,Aclarion Inc. Common Stock,Health Care
ACONW,Aclarion Inc. Warrant,Health Care
ACRS,Aclaris Therapeutics Inc. Common Stock,Health Care
ACRV,Acrivon Therapeutics Inc. Common Stock,Health Care
ACST,Acasti Pharma Inc. Class A Common Stock,Health Care
ACT,Enact Holdings Inc. Common Stock,Finance
ACTG,Acacia Research Corporation (Acacia Tech) Common Stock,Miscellaneous
ACVA,ACV Auctions Inc. Class A Common Stock,Consumer Discretionary
ACXP,Acurx Pharmaceuticals Inc. Common Stock,Health Care
ADAG,Adagene Inc. American Depositary Shares,Health Care
ADAP,Adaptimmune Therapeutics plc American Depositary Shares,Health Care
ADBE,Adobe Inc. Common Stock,Technology
ADD,Color Star Technology Co. Ltd. Class A Ordinary Shares,Consumer Discretionary
ADEA,Adeia Inc. Common Stock,Technology
ADI,Analog Devices Inc. Common Stock,Technology
ADIL,Adial Pharmaceuticals Inc Common Stock,Health Care
ADMA,ADMA Biologics Inc Common Stock,Health Care
ADN,Advent Technologies Holdings Inc. Class A Common Stock,Miscellaneous
ADNWW,Advent Technologies Holdings Inc. Warrant,Miscellaneous
ADP,Automatic Data Processing Inc. Common Stock,Technology
ADPT,Adaptive Biotechnologies Corporation Common Stock,Health Care
ADSE,ADS-TEC ENERGY PLC Ordinary Shares,Consumer Discretionary
ADSEW,ADS-TEC ENERGY PLC Warrant,Consumer Discretionary
ADSK,Autodesk Inc. Common Stock,Technology
ADTH,AdTheorent Holding Company Inc. Common Stock,Technology
ADTHW,AdTheorent Holding Company Inc. Warrants,Technology
ADTN,ADTRAN Holdings Inc. Common Stock,Telecommunications
ADTX,Aditxt Inc. Common Stock,Health Care
ADUS,Addus HomeCare Corporation Common Stock,Health Care
ADV,Advantage Solutions Inc. Class A Common Stock,Consumer Discretionary
ADVM,Adverum Biotechnologies Inc. Common Stock,Health Care
ADVWW,Advantage Solutions Inc. Warrant,Consumer Discretionary
ADXN,Addex Therapeutics Ltd American Depositary Shares,Health Care
AEAE,AltEnergy Acquisition Corp. Class A Common Stock,Finance
AEHL,Antelope Enterprise Holdings Limited Class A Ordinary Shares,Consumer Discretionary
AEHR,Aehr Test Systems Common Stock,Industrials
AEI,Alset Inc. Common Stock (TX),Finance
AEIS,Advanced Energy Industries Inc. Common Stock,Technology
AEMD,Aethlon Medical Inc. Common Stock,Health Care
AENT,Alliance Entertainment Holding Corporation Class A Common Stock,Consumer Discretionary
AEP,American Electric Power Company Inc. Common Stock,Utilities
AERT,Aeries Technology Inc. Class A Ordinary Share,Consumer Discretionary
AERTW,Aeries Technology Inc. Warrant,Consumer Discretionary
AEYE,AudioEye Inc. Common Stock,Technology
AEZS,Aeterna Zentaris Inc. Common Stock,Health Care
AFBI,Affinity Bancshares Inc. Common Stock (MD),Finance
AFCG,AFC Gamma Inc. Common Stock,Finance
AFMD,Affimed N.V.,Health Care
AFRI,Forafric Global PLC Ordinary Shares,Consumer Staples
AFRIW,Forafric Global PLC Warrants,Consumer Staples
AFRM,Affirm Holdings Inc. Class A Common Stock,Finance
AFYA,Afya Limited Class A Common Shares,Real Estate
AGAE,Allied Gaming & Entertainment Inc. Common Stock,Consumer Discretionary
AGBA,AGBA Group Holding Limited Ordinary Share,Finance
AGBAW,AGBA Group Holding Limited Warrant,Finance
AGEN,Agenus Inc. Common Stock,Health Care
AGFY,Agrify Corporation Common Stock,Consumer Staples
AGIO,Agios Pharmaceuticals Inc. Common Stock,Health Care
AGMH,AGM Group Holdings Inc. Class A Ordinary Shares,Technology
AGNC,AGNC Investment Corp. Common Stock,Real Estate
AGNCL,AGNC Investment Corp. Depositary Shares Each Representing a 1/1000th Interest in a Share of 7.75% Series G Fixed-Rate Reset Cumulative Redeemable Preferred Stock,Real Estate
AGNCM,AGNC Investment Corp. Depositary Shares rep 6.875% Series D Fixed-to-Floating Cumulative Redeemable Preferred Stock,Real Estate
AGNCN,AGNC Investment Corp. Depositary Shares Each Representing a 1/1000th Interest in a Share of 7.00% Series C Fixed-To-Floating Rate Cumulative Redeemable Preferred Stock,Real Estate
AGNCO,AGNC Investment Corp. Depositary Shares each representing a 1/1000th interest in a share of 6.50% Series E Fixed-to-Floating Cumulative Redeemable Preferred Stock,Real Estate
AGNCP,AGNC Investment Corp. Depositary Shares Each Representing a 1/1000th Interest in a Share of 6.125% Series F Fixed-to-Floating Rate Cumulative Redeemable Preferred Stock,Real Estate
AGRI,AgriFORCE  Growing Systems Ltd. Common Shares,Industrials
AGRIW,AgriFORCE  Growing Systems Ltd. Warrant,
AGYS,Agilysys Inc. Common Stock (DE),Technology
AHCO,AdaptHealth Corp. Common Stock,Health Care
AHG,Akso Health Group ADS,Consumer Discretionary
AIHS,Senmiao Technology Limited Common Stock,Finance
AILE,iLearningEngines Inc. Common Stock,Technology
AILEW,iLearningEngines Inc. Warrant,Technology
AIMD,Ainos Inc. Common Stock,Health Care
AIMDW,Ainos Inc. Warrants,Health Care
AIP,Arteris Inc. Common Stock,Technology
AIRE,reAlpha Tech Corp. Common Stock,Finance
AIRG,Airgain Inc. Common Stock,Technology
AIRJ,Montana Technologies Corporation Class A Common Stock,Finance
AIRJW,Montana Technologies Corporation Warrant,Finance
AIRS,AirSculpt Technologies Inc. Common Stock,Health Care
AIRT,Air T Inc. Common Stock,Consumer Discretionary
AIRTP,Air T Inc. Air T Funding Alpha Income Trust Preferred Securities,Consumer Discretionary
AISP,Airship AI Holdings Inc. Class A Common Stock,Technology
AISPW,Airship AI Holdings Inc. Warrants,Technology
AITR,AI TRANSPORTATION ACQUISITION CORP Ordinary shares,
AITRR,AI TRANSPORTATION ACQUISITION CORP Right,
AIXI,XIAO-I Corporation American Depositary Shares,Technology
AKAM,Akamai Technologies Inc. Common Stock,Consumer Discretionary
AKAN,Akanda Corp. Common Shares,Health Care
AKBA,Akebia Therapeutics Inc. Common Stock,Health Care
AKLI,Akili Inc. Common Stock,Health Care
AKRO,Akero Therapeutics Inc. Common Stock,Health Care
AKTS,Akoustis Technologies Inc. Common Stock,Utilities
AKTX,Akari Therapeutics plc ADS,Health Care
AKYA,Akoya BioSciences Inc. Common Stock,Industrials
ALAB,Astera Labs Inc. Common Stock,Technology
ALAR,Alarum Technologies Ltd. American Depositary Share,Technology
ALBT,Avalon GloboCare Corp. Common Stock,Health Care
ALCE,Alternus Clean Energy Inc. Class A Common Stock,Utilities
ALCO,Alico Inc. Common Stock,
ALCY,Alchemy Investments Acquisition Corp 1 Class A Ordinary Shares,Finance
ALCYW,Alchemy Investments Acquisition Corp 1 Warrants,Finance
ALDX,Aldeyra Therapeutics Inc. Common Stock,Health Care
ALEC,Alector Inc. Common Stock,Health Care
ALGM,Allegro MicroSystems Inc. Common Stock,Technology
ALGN,Align Technology Inc. Common Stock,Health Care
ALGS,Aligos Therapeutics Inc. Common Stock,Health Care
ALGT,Allegiant Travel Company Common Stock,Consumer Discretionary
ALHC,Alignment Healthcare Inc. Common Stock,Health Care
ALIM,Alimera Sciences Inc. Common Stock,Health Care
ALKS,Alkermes plc Ordinary Shares,Health Care
ALKT,Alkami Technology Inc. Common Stock,Technology
ALLK,Allakos Inc. Common Stock,Health Care
ALLO,Allogene Therapeutics Inc. Common Stock,Health Care
ALLR,Allarity Therapeutics Inc. Common Stock,Health Care
ALLT,Allot Ltd. Ordinary Shares,Telecommunications
ALNT,Allient Inc. Common Stock,Industrials
ALNY,Alnylam Pharmaceuticals Inc. Common Stock,Health Care
ALOT,AstroNova Inc. Common Stock,Technology
ALPP,Alpine 4 Holdings Inc. Class A Common Stock,Telecommunications
ALRM,Alarm.com Holdings Inc. Common Stock,Technology
ALRN,Aileron Therapeutics Inc. Common Stock,Health Care
ALRS,Alerus Financial Corporation Common Stock,Finance
ALSAR,Alpha Star Acquisition Corporation Rights,Finance
ALSAW,Alpha Star Acquisition Corporation Warrants,Finance
ALT,Altimmune Inc. Common Stock,Health Care
ALTI,AlTi Global Inc. Class A Common Stock,Finance
ALTO,Alto Ingredients Inc. Common Stock,Industrials
ALTR,Altair Engineering Inc. Class A Common Stock,Technology
ALVO,Alvotech Ordinary Shares,Health Care
ALVOW,Alvotech Warrant,Health Care
ALVR,AlloVir Inc. Common Stock,Health Care
ALXO,ALX Oncology Holdings Inc. Common Stock,Health Care
ALZN,Alzamend Neuro Inc. Common Stock,Health Care
AMAL,Amalgamated Financial Corp. Common Stock (DE),Finance
AMAT,Applied Materials Inc. Common Stock,Technology
AMBA,Ambarella Inc. Ordinary Shares,Technology
AMCX,AMC Networks Inc. Class A Common Stock,Telecommunications
AMD,Advanced Micro Devices Inc. Common Stock,Technology
AMED,Amedisys Inc Common Stock,Health Care
AMGN,Amgen Inc. Common Stock,Health Care
AMIX,Autonomix Medical Inc. Common Stock,Health Care
AMKR,Amkor Technology Inc. Common Stock,Technology
AMLI,American Lithium Corp. Common Stock,Industrials
AMLX,Amylyx Pharmaceuticals Inc. Common Stock,Health Care
AMPG,Amplitech Group Inc. Common Stock,Telecommunications
AMPGW,Amplitech Group Inc. Warrants,Technology
AMPH,Amphastar Pharmaceuticals Inc. Common Stock,Health Care
AMPL,Amplitude Inc. Class A Common Stock,Technology
AMRK,A-Mark Precious Metals Inc. Common Stock,Finance
AMRN,Amarin Corporation plc,Health Care
AMRX,Amneal Pharmaceuticals Inc. Class A Common Stock,Health Care
AMSC,American Superconductor Corporation Common Stock,Industrials
AMSF,AMERISAFE Inc. Common Stock,Finance
AMST,Amesite Inc. Common Stock,Technology
AMSWA,American Software Inc. Class A Common Stock,Technology
AMTX,Aemetis Inc. (DE) Common Stock,Industrials
AMWD,American Woodmark Corporation Common Stock,Basic Materials
AMZN,Amazon.com Inc. Common Stock,Consumer Discretionary
ANAB,AnaptysBio Inc. Common Stock,Health Care
ANDE,Andersons Inc. (The) Common Stock,Industrials
ANEB,Anebulo Pharmaceuticals Inc. Common Stock,Health Care
ANGH,Anghami Inc. Ordinary Shares,Consumer Discretionary
ANGHW,Anghami Inc. Warrants,Consumer Discretionary
ANGI,Angi Inc. Class A Common Stock,Consumer Discretionary
ANGO,AngioDynamics Inc. Common Stock,Health Care
ANIK,Anika Therapeutics Inc. Common Stock,Health Care
ANIP,ANI Pharmaceuticals Inc.,Health Care
ANIX,Anixa Biosciences Inc. Common Stock,Health Care
ANL,Adlai Nortye Ltd. American Depositary Shares,Health Care
ANNX,Annexon Inc. Common Stock,Health Care
ANSC,Agriculture & Natural Solutions Acquisition Corporation Class A Ordinary Shares,
ANSCU,Agriculture & Natural Solutions Acquisition Corporation Unit,
ANSCW,Agriculture & Natural Solutions Acquisition Corporation Warrant,
ANSS,ANSYS Inc. Common Stock,Technology
ANTE,AirNet Technology Inc. American Depositary Shares,Consumer Discretionary
ANTX,AN2 Therapeutics Inc. Common Stock,Health Care
ANY,Sphere 3D Corp. Common Shares,
AOGO,Arogo Capital Acquisition Corp. Class A Common Stock,Technology
AOGOW,Arogo Capital Acquisition Corp. Warrant,Technology
AONC,American Oncology Network Inc. Class A Common Stock,Health Care
AOSL,Alpha and Omega Semiconductor Limited Common Shares,Technology
AOUT,American Outdoor Brands Inc. Common Stock,Consumer Discretionary
APA,APA Corporation Common Stock,Energy
APCX,AppTech Payments Corp. Common Stock,Technology
APCXW,AppTech Payments Corp. Warrant,Technology
APDN,Applied DNA Sciences Inc. Common Stock,Health Care
APEI,American Public Education Inc. Common Stock,Consumer Discretionary
APGE,Apogee Therapeutics Inc. Common Stock,Health Care
API,Agora Inc. American Depositary Shares,Technology
APLD,Applied Digital Corporation Common Stock,Finance
APLM,Apollomics Inc. Class A Ordinary Shares,Health Care
APLMW,Apollomics Inc. Warrant,Health Care
APLS,Apellis Pharmaceuticals Inc. Common Stock,Health Care
APLT,Applied Therapeutics Inc. Common Stock,Health Care
APM,Aptorum Group Limited Class A Ordinary Shares,Health Care
APOG,Apogee Enterprises Inc. Common Stock,Consumer Discretionary
APP,Applovin Corporation Class A Common Stock,Technology
APPF,AppFolio Inc. Class A Common Stock,Technology
APPN,Appian Corporation Class A Common Stock,Technology
APPS,Digital Turbine Inc. Common Stock,Miscellaneous
APRE,Aprea Therapeutics Inc. Common stock,Health Care
APTO,Aptose Biosciences Inc. Common Shares,Health Care
APVO,Aptevo Therapeutics Inc. Common Stock,Health Care
APWC,Asia Pacific Wire & Cable Corporation Ltd. Ordinary Shares (Bermuda),Industrials
APXI,APx Acquisition Corp. I Class A Ordinary Share,Finance
APXIU,APx Acquisition Corp. I Unit,Finance
APYX,Apyx Medical Corporation Common Stock,Health Care
AQB,AquaBounty Technologies Inc. Common Stock,
AQMS,Aqua Metals Inc. Common Stock,Industrials
AQST,Aquestive Therapeutics Inc. Common Stock,Health Care
ARAY,Accuray Incorporated Common Stock,Health Care
ARBB,ARB IOT Group Limited Ordinary Shares,Technology
ARBE,Arbe Robotics Ltd. Ordinary Shares,Technology
ARBEW,Arbe Robotics Ltd. Warrant,Technology
ARBK,Argo Blockchain plc American Depositary Shares,Finance
ARBKL,Argo Blockchain plc 8.75% Senior Notes due 2026,Finance
ARCB,ArcBest Corporation Common Stock,Industrials
ARCC,Ares Capital Corporation Common Stock,Finance
ARCT,Arcturus Therapeutics Holdings Inc. Common Stock,Health Care
ARDX,Ardelyx Inc. Common Stock,Health Care
AREB,American Rebel Holdings Inc. Common Stock,Industrials
AREBW,American Rebel Holdings Inc. Warrants,Industrials
AREC,American Resources Corporation Class A Common Stock,Energy
ARGX,argenx SE American Depositary Shares,Health Care
ARHS,Arhaus Inc. Class A Common Stock,Consumer Discretionary
ARKO,ARKO Corp. Common Stock,Consumer Staples
ARKR,Ark Restaurants Corp. Common Stock,Consumer Discretionary
ARLP,Alliance Resource Partners L.P. Common Units representing Limited Partners Interests,Energy
ARM,Arm Holdings plc American Depositary Shares,Technology
AROW,Arrow Financial Corporation Common Stock,Finance
ARQ,Arq Inc. Common Stock,Industrials
ARQQ,Arqit Quantum Inc. Ordinary Shares,Technology
ARQQW,Arqit Quantum Inc. Warrants,Technology
ARQT,Arcutis Biotherapeutics Inc. Common Stock,Health Care
ARRY,Array Technologies Inc. Common Stock,Consumer Discretionary
ARTL,Artelo Biosciences Inc. Common Stock,Health Care
ARTLW,Artelo Biosciences Inc. Warrant,Health Care
ARTNA,Artesian Resources Corporation Class A Common Stock,Utilities
ARTW,Art's-Way Manufacturing Co. Inc. Common Stock,Industrials
ARVN,Arvinas Inc. Common Stock,Health Care
ARWR,Arrowhead Pharmaceuticals Inc. Common Stock,Health Care
ARYD,ARYA Sciences Acquisition Corp IV Class A Odinary Shares,Health Care
ASCB,A SPAC II Acquisition Corp. Ordinary Shares,Finance
ASLE,AerSale Corporation Common Stock,Consumer Discretionary
ASLN,ASLAN Pharmaceuticals Limited American Depositary Shares,Health Care
ASMB,Assembly Biosciences Inc. Common Stock,Health Care
ASML,ASML Holding N.V. New York Registry Shares,Technology
ASND,Ascendis Pharma A/S American Depositary Shares,Health Care
ASNS,Actelis Networks Inc. Common Stock,Telecommunications
ASO,Academy Sports and Outdoors Inc. Common Stock,Consumer Discretionary
ASPI,ASP Isotopes Inc. Common Stock,Industrials
ASPS,Altisource Portfolio Solutions S.A. Common Stock,Consumer Discretionary
ASRT,Assertio Holdings Inc. Common Stock,Health Care
ASRV,AmeriServ Financial Inc. Common Stock,Finance
ASST,Asset Entities Inc. Class B Common Stock,Technology
ASTC,Astrotech Corporation (DE) Common Stock,Industrials
ASTE,Astec Industries Inc. Common Stock,Industrials
ASTH,Astrana Health Inc. Common Stock,Consumer Discretionary
ASTI,Ascent Solar Technologies Inc. Common Stock,Technology
ASTL,Algoma Steel Group Inc. Common Shares,Industrials
ASTLW,Algoma Steel Group Inc. Warrant,Industrials
ASTR,Astra Space Inc. Class A Common Stock,Consumer Discretionary
ASTS,AST SpaceMobile Inc. Class A Common Stock,Consumer Discretionary
ASTSW,AST SpaceMobile Inc. Warrant,Consumer Discretionary
ASUR,Asure Software Inc Common Stock,Technology
ASYS,Amtech Systems Inc. Common Stock,Technology
ATAI,ATAI Life Sciences N.V. Common Shares,Health Care
ATAT,Atour Lifestyle Holdings Limited American Depositary Shares,Consumer Discretionary
ATCOL,Atlas Corp. 7.125% Notes due 2027,Basic Materials
ATEC,Alphatec Holdings Inc. Common Stock,Health Care
ATER,Aterian Inc. Common Stock,Consumer Discretionary
ATEX,Anterix Inc. Common Stock,Telecommunications
ATGL,Alpha Technology Group Limited Ordinary Shares,Technology
ATHA,Athira Pharma Inc. Common Stock,Health Care
ATHE,Alterity Therapeutics Limited American Depositary Shares,Health Care
ATIF,ATIF Holdings Limited Ordinary Shares,Consumer Discretionary
ATLC,Atlanticus Holdings Corporation Common Stock,Finance
ATLCL,Atlanticus Holdings Corporation 6.125% Senior Notes due 2026,Finance
ATLCP,Atlanticus Holdings Corporation 7.625% Series B Cumulative Perpetual Preferred Stock no par value per share,Finance
ATLCZ,Atlanticus Holdings Corporation 9.25% Senior Notes due 2029,Finance
ATLO,Ames National Corporation Common Stock,Finance
ATLX,Atlas Lithium Corporation Common Stock,Industrials
ATMC,AlphaTime Acquisition Corp Ordinary Shares,Finance
ATMV,AlphaVest Acquisition Corp Ordinary Shares,Finance
ATMVU,AlphaVest Acquisition Corp Unit,Finance
ATNF,180 Life Sciences Corp. Common Stock,Health Care
ATNFW,180 Life Sciences Corp. Warrant,Health Care
ATNI,ATN International Inc. Common Stock,Telecommunications
ATOM,Atomera Incorporated Common Stock,Technology
ATOS,Atossa Therapeutics Inc. Common Stock,Health Care
ATPC,Agape ATP Corporation Common Stock,Health Care
ATRA,Atara Biotherapeutics Inc. Common Stock,Health Care
ATRC,AtriCure Inc. Common Stock,Health Care
ATRI,Atrion Corporation Common Stock,Health Care
ATRO,Astronics Corporation Common Stock,Industrials
ATSG,Air Transport Services Group Inc,Consumer Discretionary
ATXG,Addentax Group Corp. Common Stock,Consumer Discretionary
ATXI,Avenue Therapeutics Inc. Common Stock,Health Care
ATXS,Astria Therapeutics Inc. Common Stock,Health Care
AUBN,Auburn National Bancorporation Inc. Common Stock,Finance
AUDC,AudioCodes Ltd. Common Stock,Utilities
AUGX,Augmedix Inc. Common Stock,Consumer Discretionary
AUID,authID Inc. Common Stock,Technology
AUPH,Aurinia Pharmaceuticals Inc Ordinary Shares,Health Care
AUR,Aurora Innovation Inc. Class A Common Stock,Technology
AURA,Aura Biosciences Inc. Common Stock,Health Care
AUROW,Aurora Innovation Inc. Warrant,Technology
AUTL,Autolus Therapeutics plc American Depositary Share,Health Care
AUUD,Auddia Inc. Common Stock,Technology
AVAH,Aveanna Healthcare Holdings Inc. Common Stock,Health Care
AVAV,AeroVironment Inc. Common Stock,Industrials
AVBP,ArriVent BioPharma Inc. Common Stock,Health Care
AVDL,Avadel Pharmaceuticals plc Ordinary Share,Health Care
AVDX,AvidXchange Holdings Inc. Common Stock,Technology
AVGO,Broadcom Inc. Common Stock,Technology
AVGR,Avinger Inc. Common Stock,Health Care
AVIR,Atea Pharmaceuticals Inc. Common Stock,Health Care
AVNW,Aviat Networks Inc. Common Stock,Technology
AVO,Mission Produce Inc. Common Stock,Consumer Staples
AVPT,AvePoint Inc. Class A Common Stock,Technology
AVPTW,AvePoint Inc. Warrant,Technology
AVRO,AVROBIO Inc. Common Stock,Health Care
AVT,Avnet Inc. Common Stock,Technology
AVTE,Aerovate Therapeutics Inc. Common Stock,Health Care
AVTX,Avalo Therapeutics Inc. Common Stock,Health Care
AVXL,Anavex Life Sciences Corp. Common Stock,Health Care
AWH,Aspira Women's Health Inc. Common Stock,Health Care
AWIN,AERWINS Technologies Inc. Common Stock,Industrials
AWINW,AERWINS Technologies Inc. Warrant,Industrials
AWRE,Aware Inc. Common Stock,Technology
AXDX,Accelerate Diagnostics Inc. Common Stock,Industrials
AXGN,Axogen Inc. Common Stock,Health Care
AXNX,Axonics Inc. Common Stock,Health Care
AXON,Axon Enterprise Inc. Common Stock,Industrials
AXSM,Axsome Therapeutics Inc. Common Stock,Health Care
AXTI,AXT Inc Common Stock,Technology
AY,Atlantica Sustainable Infrastructure plc Ordinary Shares,Utilities
AYRO,AYRO Inc. Common Stock,
AYTU,Aytu BioPharma Inc.  Common Stock,Health Care
AZ,A2Z Smart Technologies Corp. Common Shares,
AZN,AstraZeneca PLC American Depositary Shares,Health Care
AZPN,Aspen Technology Inc. Common Stock,Technology
AZTA,Azenta Inc.,Health Care
BACK,IMAC Holdings Inc. Common Stock,Health Care
BAER,Bridger Aerospace Group Holdings Inc. Common Stock,Consumer Discretionary
BAERW,Bridger Aerospace Group Holdings Inc. Warrant,Consumer Discretionary
BAFN,BayFirst Financial Corp. Common Stock,Finance
BAND,Bandwidth Inc. Class A Common Stock,Technology
BANF,BancFirst Corporation Common Stock,Finance
BANFP,BancFirst Corporation - BFC Capital Trust II Cumulative Trust Preferred Securities,Finance
BANL,CBL International Limited Ordinary Shares,Energy
BANR,Banner Corporation Common Stock,Finance
BANX,ArrowMark Financial Corp. Common Stock,Finance
BAOS,Baosheng Media Group Holdings Limited Ordinary shares,Consumer Discretionary
BASE,Couchbase Inc. Common Stock,Technology
BATRA,Atlanta Braves Holdings Inc. Series A Common Stock,Consumer Discretionary
BATRK,Atlanta Braves Holdings Inc. Series C Common Stock,Consumer Discretionary
BAYA,Bayview Acquisition Corp Ordinary Shares,
BAYAU,Bayview Acquisition Corp Unit,
BBCP,Concrete Pumping Holdings Inc. Common Stock,Consumer Discretionary
BBGI,Beasley Broadcast Group Inc. Class A Common Stock,Consumer Discretionary
BBIO,BridgeBio Pharma Inc. Common Stock,Health Care
BBLG,Bone Biologics Corp Common Stock,Health Care
BBLGW,Bone Biologics Corp Warrants,Health Care
BBSI,Barrett Business Services Inc. Common Stock,Consumer Discretionary
BCAB,BioAtla Inc. Common Stock,Health Care
BCAL,Southern California Bancorp Common Stock,Finance
BCAN,BYND Cannasoft Enterprises Inc. Common Stock,
BCBP,BCB Bancorp Inc. (NJ) Common Stock,Finance
BCDA,BioCardia Inc. Common Stock,Health Care
BCDAW,BioCardia Inc. Warrant,Health Care
BCG,Binah Capital Group Inc. Common Stock,Finance
BCGWW,Binah Capital Group Inc. Warrants,Finance
BCLI,Brainstorm Cell Therapeutics Inc. Common Stock,Health Care
BCML,BayCom Corp Common Stock,Finance
BCOV,Brightcove Inc. Common Stock,Technology
BCOW,1895 Bancorp of Wisconsin Inc. (MD) Common Stock,Finance
BCPC,Balchem Corporation Common Stock,Industrials
BCRX,BioCryst Pharmaceuticals Inc. Common Stock,Health Care
BCSA,Blockchain Coinvestors Acquisition Corp. I Class A Ordinary Shares,Finance
BCSAU,Blockchain Coinvestors Acquisition Corp. I Unit,Finance
BCSAW,Blockchain Coinvestors Acquisition Corp. I Warrant,Finance
BCTX,BriaCell Therapeutics Corp. Common Shares,Health Care
BCTXW,BriaCell Therapeutics Corp. Warrant,Health Care
BCYC,Bicycle Therapeutics plc American Depositary Shares,Health Care
BDRX,Biodexa Pharmaceuticals plc American Depositary Shs,Health Care
BDSX,Biodesix Inc. Common Stock,Health Care
BDTX,Black Diamond Therapeutics Inc. Common Stock,Health Care
BEAM,Beam Therapeutics Inc. Common Stock,Health Care
BEAT,Heartbeam Inc. Common Stock,Health Care
BEATW,Heartbeam Inc. Warrant,Health Care
BECN,Beacon Roofing Supply Inc. Common Stock,Consumer Discretionary
BEEM,Beam Global Common Stock,Technology
BELFA,Bel Fuse Inc. Class A Common Stock,
BELFB,Bel Fuse Inc. Class B Common Stock,
BENF,Beneficient Class A Common Stock,Finance
BENFW,Beneficient Warrant,Finance
BETR,Better Home & Finance Holding Company Class A Common Stock,Finance
BETRW,Better Home & Finance Holding Company Warrant,Finance
BFC,Bank First Corporation Common Stock,Finance
BFI,BurgerFi International Inc. Common Stock,Consumer Discretionary
BFIIW,BurgerFi International Inc. Warrant,Consumer Discretionary
BFIN,BankFinancial Corporation Common Stock,Finance
BFRG,Bullfrog AI Holdings Inc. Common Stock,Health Care
BFRGW,Bullfrog AI Holdings Inc. Warrants,Health Care
BFRI,Biofrontera Inc. Common Stock,Health Care
BFRIW,Biofrontera Inc. Warrants,Health Care
BFST,Business First Bancshares Inc. Common Stock,Finance
BGC,BGC Group Inc. Class A Common Stock,Finance
BGFV,Big 5 Sporting Goods Corporation Common Stock,Consumer Discretionary
BGLC,BioNexus Gene Lab Corp Common stock,Health Care
BGNE,BeiGene Ltd. American Depositary Shares,Health Care
BGXX,Bright Green Corporation Common Stock,Health Care
BHAC,Focus Impact BH3 Acquisition Company Class A Common Stock,Finance
BHACU,Focus Impact BH3 Acquisition Company Units,Finance
BHAT,Blue Hat Interactive Entertainment Technology Ordinary Shares,Consumer Discretionary
BHF,Brighthouse Financial Inc. Common Stock,Finance
BHFAL,Brighthouse Financial Inc. 6.25% Junior Subordinated Debentures due 2058,Finance
BHFAM,Brighthouse Financial Inc. Depositary shares each representing a 1/1000th Interest in a Share of 4.625% Non-Cumulative Preferred Stock Series D,Finance
BHFAN,Brighthouse Financial Inc. Depositary shares each representing a 1/1000th interest in a share of 5.375% Non-Cumulative Preferred Stock Series C,Finance
BHFAO,Brighthouse Financial Inc. Depositary Shares 6.75% Non-Cumulative Preferred Stock Series B,Finance
BHFAP,Brighthouse Financial Inc. Depositary Shares 6.6% Non-Cumulative Preferred Stock Series A,Finance
BHRB,Burke & Herbert Financial Services Corp. Common Stock,Finance
BIAF,bioAffinity Technologies Inc. Common Stock,Health Care
BIAFW,bioAffinity Technologies Inc. Warrant,Health Care
BIDU,Baidu Inc. ADS,Technology
BIGC,BigCommerce Holdings Inc. Series 1 Common Stock,Technology
BIIB,Biogen Inc. Common Stock,Health Care
BILI,Bilibili Inc. American Depositary Shares,Technology
BIMI,BIMI International Medical Inc. Common Stock,Health Care
BIOL,Biolase Inc. Common Stock,Health Care
BIOR,Biora Therapeutics Inc. Common Stock,Health Care
BIOX,Bioceres Crop Solutions Corp. Ordinary Shares,Industrials
BIRD,Allbirds Inc. Class A Common Stock,Consumer Discretionary
BITF,Bitfarms Ltd. Common Stock,Finance
BIVI,BioVie Inc. Class A Common Stock,Health Care
BJDX,Bluejay Diagnostics Inc. Common Stock,Health Care
BJRI,BJ's Restaurants Inc. Common Stock,Consumer Discretionary
BKHA,Black Hawk Acquisition Corporation Class A Ordinary Shares,
BKHAR,Black Hawk Acquisition Corporation Rights,
BKNG,Booking Holdings Inc. Common Stock,Consumer Discretionary
BKR,Baker Hughes Company Class A Common Stock,Industrials
BKYI,BIO-key International Inc. Common Stock,Technology
BL,BlackLine Inc. Common Stock,Technology
BLAC,Bellevue Life Sciences Acquisition Corp. Common Stock,Finance
BLBD,Blue Bird Corporation Common Stock,Consumer Discretionary
BLBX,Blackboxstocks Inc. Common Stock,Technology
BLDE,Blade Air Mobility Inc. Class A Common Stock,Consumer Discretionary
BLDEW,Blade Air Mobility Inc. Warrants,Consumer Discretionary
BLDP,Ballard Power Systems Inc. Common Shares,Energy
BLEU,bleuacacia ltd Class A Ordinary Shares,Finance
BLEUR,bleuacacia ltd Rights,Finance
BLEUW,bleuacacia ltd Warrants,Finance
BLFS,BioLife Solutions Inc. Common Stock,Health Care
BLFY,Blue Foundry Bancorp Common Stock,Finance
BLIN,Bridgeline Digital Inc. Common Stock,Technology
BLKB,Blackbaud Inc. Common Stock,Technology
BLMN,Bloomin' Brands Inc. Common Stock,Consumer Discretionary
BLNK,Blink Charging Co. Common Stock,Consumer Discretionary
BLRX,BioLineRx Ltd. American Depositary Shares,Health Care
BLTE,Belite Bio Inc American Depositary Shares,Health Care
BLUE,bluebird bio Inc. Common Stock,Health Care
BLZE,Backblaze Inc. Class A Common Stock,Technology
BMBL,Bumble Inc. Class A Common Stock,Technology
BMEA,Biomea Fusion Inc. Common Stock,Health Care
BMR,Beamr Imaging Ltd. Ordinary Share,Technology
BMRA,Biomerica Inc. Common Stock,Health Care
BMRC,Bank of Marin Bancorp Common Stock,Finance
BMRN,BioMarin Pharmaceutical Inc. Common Stock,Health Care
BNAI,Brand Engagement Network Inc. Common Stock,Technology
BNAIW,Brand Engagement Network Inc. Warrant,Technology
BNGO,Bionano Genomics Inc. Common Stock,Industrials
BNIX,Bannix Acquisition Corp. Common Stock,Finance
BNOX,Bionomics Limited American Depository Shares,Health Care
BNR,Burning Rock Biotech Limited American Depositary Shares,Health Care
BNRG,Brenmiller Energy Ltd Ordinary Shares,Industrials
BNTC,Benitec Biopharma Inc. Common Stock,Health Care
BNTX,BioNTech SE American Depositary Share,Health Care
BNZI,Banzai International Inc. Class A Common Stock,Technology
BNZIW,Banzai International Inc. Warrant,Technology
BOCN,Blue Ocean Acquisition Corp Class A Ordinary Shares,Finance
BOF,BranchOut Food Inc. Common Stock,Consumer Staples
BOKF,BOK Financial Corporation Common Stock,Finance
BOLD,Boundless Bio Inc. Common Stock,Health Care
BOLT,Bolt Biotherapeutics Inc. Common Stock,Health Care
BON,Bon Natural Life Limited Ordinary Shares,Health Care
BOOM,DMC Global Inc. Common Stock,Industrials
BOSC,B.O.S. Better Online Solutions Common Stock,Telecommunications
BOTJ,Bank of the James Financial Group Inc. Common Stock,Finance
BOWN,Bowen Acquisition Corp Ordinary Shares,
BOXL,Boxlight Corporation Class A Common Stock,Telecommunications
BPMC,Blueprint Medicines Corporation Common Stock,Health Care
BPOP,Popular Inc. Common Stock,Finance
BPOPM,Popular Inc. Popular Capital Trust II - 6.125% Cumulative Monthly Income Trust Preferred Securities,Finance
BPRN,Princeton Bancorp Inc. Common Stock (PA),Finance
BPTH,Bio-Path Holdings Inc. Common Stock,Health Care
BPYPM,Brookfield Property Partners L.P. 6.25% Class A Cumulative Redeemable Preferred Units Series 1,Finance
BPYPN,Brookfield Property Partners L.P. 5.750% Class A Cumulative Redeemable Perpetual Preferred Units Series 3,Finance
BPYPO,Brookfield Property Partners L.P. 6.375% Class A Cumulative Redeemable Perpetual Preferred Units Series 2,Finance
BPYPP,Brookfield Property Partners L.P. 6.50% Class A Cumulative Redeemable Perpetual Preferred Units,Finance
BRAG,Bragg Gaming Group Inc. Common Shares,
BREA,Brera Holdings PLC Class B Ordinary Shares,Consumer Discretionary
BRFH,Barfresh Food Group Inc. Common Stock,Consumer Staples
BRID,Bridgford Foods Corporation Common Stock,Consumer Staples
BRKH,BurTech Acquisition Corp. Class A Common Stock,Finance
BRKHU,BurTech Acquisition Corp. Unit,Finance
BRKHW,BurTech Acquisition Corp. Warrants,Finance
BRKL,Brookline Bancorp Inc. Common Stock,Finance
BRKR,Bruker Corporation Common Stock,Industrials
BRLS,Borealis Foods Inc. Class A Common Shares,Consumer Staples
BRLSW,Borealis Foods Inc. Warrant,Consumer Staples
BRLT,Brilliant Earth Group Inc. Class A Common Stock,Consumer Discretionary
BRNS,Barinthus Biotherapeutics plc American Depositary Shares,Health Care
BROG,Brooge Energy Limited Ordinary Shares,Energy
BROGW,Brooge Holdings Limited Warrant expiring 12/20/2024,Energy
BRSH,Bruush Oral Care Inc. Common Stock,Health Care
BRSHW,Bruush Oral Care Inc. Warrant,Health Care
BRTX,BioRestorative Therapies Inc. Common Stock (NV),Health Care
BRY,Berry Corporation (bry) Common Stock,Energy
BRZE,Braze Inc. Class A Common Stock,Technology
BSBK,Bogota Financial Corp. Common Stock,
BSET,Bassett Furniture Industries Incorporated Common Stock,Consumer Discretionary
BSFC,Blue Star Foods Corp. Common Stock,
BSGM,BioSig Technologies Inc. Common Stock,Health Care
BSRR,Sierra Bancorp Common Stock,Finance
BSVN,Bank7 Corp. Common stock,Finance
BSY,Bentley Systems Incorporated Class B Common Stock,Technology
BTAI,BioXcel Therapeutics Inc. Common Stock,Health Care
BTBD,BT Brands Inc. Common Stock,Consumer Discretionary
BTBT,Bit Digital Inc. Ordinary Shares,Finance
BTCS,BTCS Inc. Common Stock,Finance
BTCT,BTC Digital Ltd. Ordinary Shares,Real Estate
BTCTW,BTC Digital Ltd. Warrant,Real Estate
BTCY,Biotricity Inc. Common Stock,Health Care
BTDR,Bitdeer Technologies Group Class A Ordinary Shares,Finance
BTM,Bitcoin Depot Inc. Class A Common Stock,Finance
BTMD,Biote Corp. Class A Common Stock,Health Care
BTMWW,Bitcoin Depot Inc. Warrant,Finance
BTOC,Armlogi Holding Corp. Common Stock,
BTOG,Bit Origin Limited Ordinary Shares,Finance
BTSG,BrightSpring Health Services Inc. Common Stock,Health Care
BTSGU,BrightSpring Health Services Inc. Tangible Equity Unit,Health Care
BUJA,Bukit Jalil Global Acquisition 1 Ltd. Ordinary Shares,Finance
BUSE,First Busey Corporation Class A Common Stock,Finance
BVFL,BV Financial Inc. Common Stock,Finance
BVS,Bioventus Inc. Class A Common Stock,Health Care
BWAQ,Blue World Acquisition Corporation Class A Ordinary Shares,Finance
BWAQR,Blue World Acquisition Corporation Right,Finance
BWAQW,Blue World Acquisition Corporation Warrant,Finance
BWAY,BrainsWay Ltd. American Depositary Shares,Health Care
BWB,Bridgewater Bancshares Inc. Common Stock,Finance
BWBBP,Bridgewater Bancshares Inc. Depositary Shares Each Representing a 1/100th Interest in a Share of 5.875% Non-Cumulative Perpetual Preferred Stock Series A,Finance
BWEN,Broadwind Inc. Common Stock,Telecommunications
BWFG,Bankwell Financial Group Inc. Common Stock,Finance
BWIN,The Baldwin Insurance Group Inc. Class A Common Stock,Finance
BWMN,Bowman Consulting Group Ltd. Common Stock,Consumer Discretionary
BWMX,Betterware de Mexico S.A.P.I. de C.V. Ordinary Shares,Consumer Discretionary
BYFC,Broadway Financial Corporation Class A Common Stock,Finance
BYND,Beyond Meat Inc. Common Stock,Consumer Staples
BYNO,byNordic Acquisition Corporation Class A Common Stock,Finance
BYRN,Byrna Technologies Inc. Common Stock,Miscellaneous
BYSI,BeyondSpring Inc. Ordinary Shares,Health Care
BYU,BAIYU Holdings Inc. Common Stock,Technology
BZ,KANZHUN LIMITED American Depository Shares,Technology
BZFD,BuzzFeed Inc. Class A Common Stock,Consumer Discretionary
BZFDW,BuzzFeed Inc. Warrant,Consumer Discretionary
BZUN,Baozun Inc. American Depositary Shares,Consumer Discretionary
CAAS,China Automotive Systems Inc. Common Stock,Consumer Discretionary
CABA,Cabaletta Bio Inc. Common Stock,Health Care
CAC,Camden National Corporation Common Stock,Finance
CACC,Credit Acceptance Corporation Common Stock,Finance
CACO,Caravelle International Group Ordinary Shares,Consumer Discretionary
CADL,Candel Therapeutics Inc. Common Stock,Health Care
CAKE,Cheesecake Factory Incorporated (The) Common Stock,Consumer Discretionary
CALB,California BanCorp Common Stock,Finance
CALC,CalciMedica Inc. Common Stock,Health Care
CALM,Cal-Maine Foods Inc. Common Stock,Consumer Staples
CALT,Calliditas Therapeutics AB American Depositary Shares,Health Care
CAMP,CalAmp Corp. Common Stock,Technology
CAMT,Camtek Ltd. Ordinary Shares,Technology
CAN,Canaan Inc. American Depositary Shares,Technology
CAPR,Capricor Therapeutics Inc. Common Stock,Health Care
CAPT,Captivision Inc. Ordinary Shares,Finance
CAR,Avis Budget Group Inc. Common Stock,Consumer Discretionary
CARA,Cara Therapeutics Inc. Common Stock,Health Care
CARE,Carter Bankshares Inc. Common Stock,Finance
CARG,CarGurus Inc. Class A Common Stock,Technology
CARM,Carisma Therapeutics Inc. Common Stock,Health Care
CART,Maplebear Inc. Common Stock,Consumer Discretionary
CARV,Carver Bancorp Inc. Common Stock,Finance
CASH,Pathward Financial Inc. Common Stock,Finance
CASI,CASI Pharmaceuticals Inc. Ordinary Shares,Health Care
CASS,Cass Information Systems Inc Common Stock,Consumer Discretionary
CASY,Casey's General Stores Inc. Common Stock,Miscellaneous
CATC,Cambridge Bancorp Common Stock,Finance
CATY,Cathay General Bancorp Common Stock,Finance
CAUD,Collective Audience Inc.. Common Stock,Consumer Discretionary
CBAN,Colony Bankcorp Inc. Common Stock,Finance
CBAT,CBAK Energy Technology Inc. Common Stock,Miscellaneous
CBFV,CB Financial Services Inc. Common Stock,Finance
CBNK,Capital Bancorp Inc. Common Stock,Finance
CBRG,Chain Bridge I Class A Ordinary Shares,Finance
CBRL,Cracker Barrel Old Country Store Inc Common Stock,Consumer Discretionary
CBSH,Commerce Bancshares Inc. Common Stock,Finance
CBUS,Cibus Inc. Class A Common Stock,Industrials
CCAP,Crescent Capital BDC Inc. Common stock,Finance
CCB,Coastal Financial Corporation Common Stock,Finance
CCBG,Capital City Bank Group Common Stock,Finance
CCCC,C4 Therapeutics Inc. Common Stock,Health Care
CCCS,CCC Intelligent Solutions Holdings Inc. Common Stock,Technology
CCD,Calamos Dynamic Convertible & Income Fund Common Stock,Finance
CCEP,Coca-Cola Europacific Partners plc Ordinary Shares,Consumer Staples
CCG,Cheche Group Inc. Class A Ordinary Shares,Finance
CCGWW,Cheche Group Inc. Warrant,Finance
CCIXU,Churchill Capital Corp IX Unit,
CCLD,CareCloud Inc. Common Stock,Technology
CCLDO,CareCloud Inc. 8.75% Series B Cumulative Redeemable Perpetual Preferred Stock,Technology
CCLDP,CareCloud Inc. 11% Series A Cumulative Redeemable Perpetual Preferred Stock,Technology
CCNE,CNB Financial Corporation Common Stock,Finance
CCNEP,CNB Financial Corporation Depositary Shares each representing a 1/40th ownership interest in a share of 7.125% Series A Fixed-Rate Non-Cumulative Perpetual Preferred Stock,Finance
CCOI,Cogent Communications Holdings Inc.,Consumer Discretionary
CCRN,Cross Country Healthcare Inc. Common Stock $0.0001 Par Value,Consumer Discretionary
CCSI,Consensus Cloud Solutions Inc. Common Stock,Technology
CCTG,CCSC Technology International Holdings Limited Ordinary Shares,Consumer Discretionary
CCTS,Cactus Acquisition Corp. 1 Limited Class A Ordinary Share,Finance
CCTSU,Cactus Acquisition Corp. 1 Limited Unit,Finance
CCTSW,Cactus Acquisition Corp. 1 Limited Warrant,Finance
CDAQ,Compass Digital Acquisition Corp. Class A Ordinary Shares,Finance
CDAQW,Compass Digital Acquisition Corp. Warrant,Finance
CDIO,Cardio Diagnostics Holdings Inc. Common stock,Health Care
CDIOW,Cardio Diagnostics Holdings Inc. Warrant,Health Care
CDLX,Cardlytics Inc. Common Stock,Technology
CDMO,Avid Bioservices Inc. Common Stock,Health Care
CDNA,CareDx Inc. Common Stock,Health Care
CDNS,Cadence Design Systems Inc. Common Stock,Technology
CDRO,Codere Online Luxembourg S.A. Ordinary Shares,Consumer Discretionary
CDROW,Codere Online Luxembourg S.A. Warrants,Consumer Discretionary
CDT,Conduit Pharmaceuticals Inc. Common Stock,Health Care
CDTG,CDT Environmental Technology Investment Holdings Limited ordinary shares,Industrials
CDTTW,Conduit Pharmaceuticals Inc. Warrant,Health Care
CDTX,Cidara Therapeutics Inc. Common Stock,Health Care
CDW,CDW Corporation Common Stock,Consumer Discretionary
CDXC,ChromaDex Corporation Common Stock,Health Care
CDXS,Codexis Inc. Common Stock,Industrials
CDZI,CADIZ Inc. Common Stock,Utilities
CDZIP,Cadiz Inc. Depositary Shares,Utilities
CEAD,CEA Industries Inc. Common Stock,Industrials
CECO,CECO Environmental Corp. Common Stock,Industrials
CEG,Constellation Energy Corporation Common Stock,Utilities
CELC,Celcuity Inc. Common Stock,Health Care
CELH,Celsius Holdings Inc. Common Stock,Consumer Staples
CELU,Celularity Inc. Class A Common Stock,Health Care
CELZ,Creative Medical Technology Holdings Inc. Common Stock,Finance
CENN,Cenntro Inc. Common Stock,Consumer Discretionary
CENT,Central Garden & Pet Company Common Stock,Consumer Discretionary
CENTA,Central Garden & Pet Company Class A Common Stock Nonvoting,Consumer Discretionary
CENX,Century Aluminum Company Common Stock,Industrials
CERE,Cerevel Therapeutics Holdings Inc. Common Stock,Health Care
CERO,CERo Therapeutics Holdings Inc. Common Stock,Health Care
CEROW,CERo Therapeutics Holdings Inc. Warrants,Health Care
CERS,Cerus Corporation Common Stock,Technology
CERT,Certara Inc. Common Stock,Technology
CETU,Cetus Capital Acquisition Corp. Class A Common Stock,Finance
CETX,Cemtrex Inc. Common Stock,Technology
CETY,Clean Energy Technologies Inc. Common Stock,Utilities
CEVA,CEVA Inc. Common Stock,Technology
CFB,CrossFirst Bankshares Inc. Common Stock,Finance
CFBK,CF Bankshares Inc. Common Stock,Finance
CFFI,C&F Financial Corporation Common Stock,Finance
CFFN,Capitol Federal Financial Inc. Common Stock,Finance
CFFS,CF Acquisition Corp. VII Class A Common Stock,Finance
CFFSW,CF Acquisition Corp. VII Warrant,Finance
CFLT,Confluent Inc. Class A Common Stock,Technology
CFSB,CFSB Bancorp Inc. Common Stock,Finance
CG,The Carlyle Group Inc. Common Stock,Finance
CGABL,The Carlyle Group Inc. 4.625% Subordinated Notes due 2061,Finance
CGBD,Carlyle Secured Lending Inc. Common Stock,Finance
CGBDL,Carlyle Secured Lending Inc. 8.20% Notes due 2028,
CGC,Canopy Growth Corporation Common Shares,Health Care
CGEM,Cullinan Therapeutics Inc. Common Stock,Health Care
CGEN,Compugen Ltd. Ordinary Shares,Health Care
CGNT,Cognyte Software Ltd. Ordinary Shares,Technology
CGNX,Cognex Corporation Common Stock,Industrials
CGO,Calamos Global Total Return Fund Common Stock,Finance
CGON,CG Oncology Inc. Common stock,
CGTX,Cognition Therapeutics Inc. Common Stock,Health Care
CHCI,Comstock Holding Companies Inc. Class A Common Stock,Finance
CHCO,City Holding Company Common Stock,Finance
CHDN,Churchill Downs Incorporated Common Stock,Consumer Discretionary
CHEF,The Chefs' Warehouse Inc. Common Stock,Consumer Discretionary
CHEK,Check-Cap Ltd. Ordinary Share,Health Care
CHI,Calamos Convertible Opportunities and Income Fund Common Stock,Finance
CHK,Chesapeake Energy Corporation Common Stock,Energy
CHKEL,Chesapeake Energy Corporation Class C Warrants,Energy
CHKEW,Chesapeake Energy Corporation Class A Warrants,Energy
CHKEZ,Chesapeake Energy Corporation Class B Warrants,Energy
CHKP,Check Point Software Technologies Ltd. Ordinary Shares,Technology
CHMG,Chemung Financial Corp Common Stock,Finance
CHNR,China Natural Resources Inc. Common Stock,Basic Materials
CHR,Cheer Holding Inc. Ordinary Share,Technology
CHRD,Chord Energy Corporation Common Stock,Energy
CHRS,Coherus BioSciences Inc. Common Stock,Health Care
CHRW,C.H. Robinson Worldwide Inc. Common Stock,Consumer Discretionary
CHSCL,CHS Inc Class B Cumulative Redeemable Preferred Stock Series 4,Industrials
CHSCM,CHS Inc Class B Reset Rate Cumulative Redeemable Preferred Stock Series 3,Industrials
CHSCN,CHS Inc Preferred Class B Series 2 Reset Rate,Industrials
CHSCO,CHS Inc. Class B Cumulative Redeemable Preferred Stock,Industrials
CHSCP,CHS Inc. 8%  Cumulative Redeemable Preferred Stock,Industrials
CHSN,Chanson International Holding Class A Ordinary Shares,Consumer Staples
CHTR,Charter Communications Inc. Class A Common Stock New,Telecommunications
CHUY,Chuy's Holdings Inc. Common Stock,Consumer Discretionary
CHW,Calamos Global Dynamic Income Fund Common Stock,Finance
CHX,ChampionX Corporation Common Stock,Industrials
CHY,Calamos Convertible and High Income Fund Common Stock,Finance
CIFR,Cipher Mining Inc. Common Stock,Finance
CIFRW,Cipher Mining Inc. Warrant,Finance
CIGI,Colliers International Group Inc. Subordinate Voting Shares,Finance
CINF,Cincinnati Financial Corporation Common Stock,Finance
CING,Cingulate Inc. Common Stock,Health Care
CINGW,Cingulate Inc. Warrants,Health Care
CISO,CISO Global Inc. Common Stock,Consumer Discretionary
CISS,C3is Inc. Common Stock,Consumer Discretionary
CITE,Cartica Acquisition Corp Class A Ordinary Shares,Finance
CIVB,Civista Bancshares Inc. Common Stock,Finance
CJET,Chijet Motor Company Inc. Ordinary Shares,Consumer Discretionary
CJJD,China Jo-Jo Drugstores Inc. (Cayman Islands) Ordinary Shares,Consumer Staples
CKPT,Checkpoint Therapeutics Inc. Common Stock,Health Care
CLAR,Clarus Corporation Common Stock,Consumer Discretionary
CLBK,Columbia Financial Inc. Common Stock,Finance
CLBT,Cellebrite DI Ltd. Ordinary Shares,Technology
CLBTW,Cellebrite DI Ltd. Warrants,Technology
CLDX,Celldex Therapeutics Inc.,Health Care
CLEU,China Liberal Education Holdings Limited Ordinary Shares,Real Estate
CLFD,Clearfield Inc. Common Stock,Utilities
CLGN,CollPlant Biotechnologies Ltd Ordinary Shares,Health Care
CLIR,ClearSign Technologies Corporation Common Stock (DE),Industrials
CLLS,Cellectis S.A. American Depositary Shares,Health Care
CLMB,Climb Global Solutions Inc. Common Stock,Technology
CLMT,Calumet Specialty Products Partners L.P. Common Units,Energy
CLNE,Clean Energy Fuels Corp. Common Stock,Utilities
CLNN,Clene Inc. Common Stock,Health Care
CLNNW,Clene Inc. Warrant,Health Care
CLOE,Clover Leaf Capital Corp. Class A Common Stock,Finance
CLOEU,Clover Leaf Capital Corp. Unit,Finance
CLOV,Clover Health Investments Corp. Class A Common Stock,Health Care
CLPS,CLPS Incorporation Common Stock,Technology
CLPT,ClearPoint Neuro Inc. Common Stock,Health Care
CLRB,Cellectar Biosciences Inc.  Common Stock,Health Care
CLRC,ClimateRock Class A Ordinary Shares,Finance
CLRO,ClearOne Inc. (DE) Common Stock,Utilities
CLSD,Clearside Biomedical Inc. Common Stock,Health Care
CLSK,CleanSpark Inc. Common Stock,Finance
CLST,Catalyst Bancorp Inc. Common Stock,Finance
CLWT,Euro Tech Holdings Company Limited Common Stock,Consumer Discretionary
CMAX,CareMax Inc. Class A Common Stock,Health Care
CMAXW,CareMax Inc. Warrant,Health Care
CMBM,Cambium Networks Corporation Ordinary Shares,Technology
CMCA,Capitalworks Emerging Markets Acquisition Corp Class A Ordinary Shares,Finance
CMCAW,Capitalworks Emerging Markets Acquisition Corp Warrant,Finance
CMCO,Columbus McKinnon Corporation Common Stock,Industrials
CMCSA,Comcast Corporation Class A Common Stock,Telecommunications
CMCT,Creative Media & Community Trust Corporation Common stock,Real Estate
CME,CME Group Inc. Class A Common Stock,Finance
CMLS,Cumulus Media Inc. Class A Common Stock,Consumer Discretionary
CMMB,Chemomab Therapeutics Ltd. American Depositary Share,Health Care
CMND,Clearmind Medicine Inc. Common Shares,Health Care
CMPO,CompoSecure Inc. Class A Common Stock,Finance
CMPOW,CompoSecure Inc. Warrant,Finance
CMPR,Cimpress plc Ordinary Shares (Ireland),Consumer Discretionary
CMPS,COMPASS Pathways Plc American Depository Shares,Health Care
CMPX,Compass Therapeutics Inc. Common Stock,Health Care
CMRX,Chimerix Inc. Common Stock,Health Care
CMTL,Comtech Telecommunications Corp. Common Stock,Technology
CNDT,Conduent Incorporated Common Stock,Technology
CNET,ZW Data Action Technologies Inc. Common Stock,Consumer Discretionary
CNEY,CN Energy Group Inc. Class A Ordinary Shares,Industrials
CNFR,Conifer Holdings Inc. Common Stock,Finance
CNGL,Canna-Global Acquisition Corp. Class A Common Stock,Finance
CNGLU,Canna-Global Acquisition Corp Unit,Finance
CNGLW,Canna-Global Acquisition Corp Warrant,Finance
CNOB,ConnectOne Bancorp Inc. Common Stock,Finance
CNOBP,ConnectOne Bancorp Inc. Depositary Shares each representing a 1/40th interest in a share of 5.25% Fixed-Rate Reset Non-Cumulative Perpetual Preferred Stock Series A,Finance
CNSL,Consolidated Communications Holdings Inc. Common Stock,Telecommunications
CNSP,CNS Pharmaceuticals Inc. Common Stock,Health Care
CNTA,Centessa Pharmaceuticals plc American Depositary Shares,Health Care
CNTB,Connect Biopharma Holdings Limited American Depositary Shares,Health Care
CNTG,Centogene N.V. Common Shares,Health Care
CNTX,Context Therapeutics Inc. Common Stock,Health Care
CNTY,Century Casinos Inc. Common Stock,Consumer Discretionary
CNVS,Cineverse Corp. Class A Common Stock,Consumer Discretionary
CNXC,Concentrix Corporation Common Stock,Technology
CNXN,PC Connection Inc. Common Stock,Technology
COCH,Envoy Medical Inc. Class A Common Stock,Health Care
COCHW,Envoy Medical Inc Warrant,Health Care
COCO,The Vita Coco Company Inc. Common Stock,Consumer Staples
COCP,Cocrystal Pharma Inc. Common Stock,Health Care
CODA,Coda Octopus Group Inc. Common stock,Industrials
CODX,Co-Diagnostics Inc. Common Stock,Health Care
COEP,Coeptis Therapeutics Holdings Inc. Common Stock,Health Care
COFS,ChoiceOne Financial Services Inc. Common Stock,Finance
COGT,Cogent Biosciences Inc. Common Stock,Health Care
COHU,Cohu Inc. Common Stock,Industrials
COIN,Coinbase Global Inc. Class A Common Stock,Finance
COKE,Coca-Cola Consolidated Inc. Common Stock,Consumer Staples
COLB,Columbia Banking System Inc. Common Stock,Finance
COLL,Collegium Pharmaceutical Inc. Common Stock,Health Care
COLM,Columbia Sportswear Company Common Stock,Consumer Discretionary
COMM,CommScope Holding Company Inc. Common Stock,Technology
CONN,Conn's Inc. Common Stock,Consumer Discretionary
COO,The Cooper Companies Inc. Common Stock,Health Care
COOL,Corner Growth Acquisition Corp. Class A Ordinary Shares,Finance
COOLU,Corner Growth Acquisition Corp. Unit,Finance
COOLW,Corner Growth Acquisition Corp. Warrant,Finance
COOP,Mr. Cooper Group Inc. Common Stock,Finance
COOT,Australian Oilseeds Holdings Limited Ordinary Shares,Consumer Staples
CORT,Corcept Therapeutics Incorporated Common Stock,Health Care
CORZ,Core Scientific Inc. Common Stock,Finance
CORZW,Core Scientific Inc. Tranche 1 Warrants,Finance
CORZZ,Core Scientific Inc. Tranche 2 Warrants,Finance
COSM,Cosmos Health Inc. Common Stock,Health Care
COST,Costco Wholesale Corporation Common Stock,Consumer Discretionary
COYA,Coya Therapeutics Inc. Common Stock,Health Care
CPBI,Central Plains Bancshares Inc. Common Stock,Finance
CPHC,Canterbury Park Holding Corporation 'New' Common Stock,Consumer Discretionary
CPIX,Cumberland Pharmaceuticals Inc. Common Stock,Health Care
CPLP,Capital Product Partners L.P. Common Units,Consumer Discretionary
CPOP,Pop Culture Group Co. Ltd Class A Ordinary Shares,Consumer Discretionary
CPRT,Copart Inc. (DE) Common Stock,Consumer Discretionary
CPRX,Catalyst Pharmaceuticals Inc. Common Stock,Health Care
CPSH,CPS Technologies Corp. Common Stock,Consumer Discretionary
CPSS,Consumer Portfolio Services Inc. Common Stock,Finance
CPTN,Cepton Inc. Common Stock,Consumer Discretionary
CPZ,Calamos Long/Short Equity & Dynamic Income Trust Common Stock,Finance
CRAI,CRA International Inc. Common Stock,Consumer Discretionary
CRBP,Corbus Pharmaceuticals Holdings Inc. Common Stock,Health Care
CRBU,Caribou Biosciences Inc. Common Stock,Health Care
CRCT,Cricut Inc. Class A Common Stock,Technology
CRDF,Cardiff Oncology Inc. Common Stock,Health Care
CRDL,Cardiol Therapeutics Inc. Class A Common Shares,Health Care
CRDO,Credo Technology Group Holding Ltd Ordinary Shares,Technology
CREG,Smart Powerr Corp. Common Stock,Consumer Discretionary
CRESW,Cresud S.A.C.I.F. y A. Warrant,Finance
CRESY,Cresud S.A.C.I.F. y A. American Depositary Shares,Finance
CREV,Carbon Revolution Public Limited Ordinary Shares,Consumer Discretionary
CREVW,Carbon Revolution Public Limited Company Warrant,Consumer Discretionary
CREX,Creative Realities Inc. Common Stock,Technology
CRGO,Freightos Limited Ordinary shares,Consumer Discretionary
CRGOW,Freightos Limited Warrants,Consumer Discretionary
CRGX,CARGO Therapeutics Inc. Common Stock,
CRIS,Curis Inc. Common Stock,Health Care
CRKN,Crown Electrokinetics Corp. Common Stock,Technology
CRMD,CorMedix Inc. Common Stock,Health Care
CRML,Critical Metals Corp. Ordinary Shares,Basic Materials
CRMLW,Critical Metals Corp. Warrants,Basic Materials
CRMT,America's Car-Mart Inc Common Stock,Consumer Discretionary
CRNC,Cerence Inc. Common Stock,Technology
CRNT,Ceragon Networks Ltd. Ordinary Shares,Technology
CRNX,Crinetics Pharmaceuticals Inc. Common Stock,Health Care
CRON,Cronos Group Inc. Common Share,Health Care
CROX,Crocs Inc. Common Stock,Consumer Discretionary
CRSP,CRISPR Therapeutics AG Common Shares,Health Care
CRSR,Corsair Gaming Inc. Common Stock,Technology
CRTO,Criteo S.A. American Depositary Shares,Consumer Discretionary
CRUS,Cirrus Logic Inc. Common Stock,Technology
CRVL,CorVel Corp. Common Stock,Finance
CRVO,CervoMed Inc. Common Stock,Health Care
CRVS,Corvus Pharmaceuticals Inc. Common Stock,Health Care
CRWD,CrowdStrike Holdings Inc. Class A Common Stock,Technology
CRWS,Crown Crafts Inc Common Stock,Consumer Discretionary
CSBR,Champions Oncology Inc. Common Stock,Health Care
CSCO,Cisco Systems Inc. Common Stock (DE),Telecommunications
CSGP,CoStar Group Inc. Common Stock,Finance
CSGS,CSG Systems International Inc. Common Stock,Technology
CSIQ,Canadian Solar Inc. Common Shares (ON),
CSLM,CSLM Acquisition Corp. Class A Ordinary Share,Finance
CSLR,Complete Solaria Inc. Common Stock,Technology
CSLRW,Complete Solaria Inc. Warrants,Technology
CSPI,CSP Inc. Common Stock,Technology
CSQ,Calamos Strategic Total Return Common Stock,Finance
CSSE,Chicken Soup for the Soul Entertainment Inc. Class A Common Stock,Consumer Discretionary
CSSEL,Chicken Soup for the Soul Entertainment Inc. Warrant,Consumer Discretionary
CSSEN,Chicken Soup for the Soul Entertainment Inc. 9.50% Notes due 2025,Consumer Discretionary
CSSEP,Chicken Soup for the Soul Entertainment Inc. 9.75% Series A Cumulative Redeemable Perpetual Preferred Stock,Consumer Discretionary
CSTE,Caesarstone Ltd. Ordinary Shares,Industrials
CSTL,Castle Biosciences Inc. Common Stock,Health Care
CSWC,Capital Southwest Corporation Common Stock,Finance
CSWCZ,Capital Southwest Corporation 7.75% Notes due 2028,Finance
CSWI,CSW Industrials Inc. Common Stock,Industrials
CSX,CSX Corporation Common Stock,Industrials
CTAS,Cintas Corporation Common Stock,Consumer Discretionary
CTBI,Community Trust Bancorp Inc. Common Stock,Finance
CTCX,Carmell Corporation Common Stock,Health Care
CTCXW,Carmell Corporation Warrant,Health Care
CTHR,Charles & Colvard Ltd Common Stock,Consumer Discretionary
CTKB,Cytek Biosciences Inc. Common Stock,Industrials
CTLP,Cantaloupe Inc. Common Stock,Miscellaneous
CTMX,CytomX Therapeutics Inc. Common Stock,Health Care
CTNM,Contineum Therapeutics Inc. Class A Common Stock,Health Care
CTNT,Cheetah Net Supply Chain Service Inc. Class A Common Stock,Consumer Discretionary
CTRM,Castor Maritime Inc. Common Shares,Consumer Discretionary
CTRN,Citi Trends Inc. Common Stock,Consumer Discretionary
CTSH,Cognizant Technology Solutions Corporation Class A Common Stock,Technology
CTSO,Cytosorbents Corporation Common Stock,Health Care
CTXR,Citius Pharmaceuticals Inc. Common Stock,Health Care
CUBA,Herzfeld Caribbean Basin Fund Inc. (The) Common Stock,Finance
CUE,Cue Biopharma Inc. Common Stock,Health Care
CULL,Cullman Bancorp Inc. Common Stock,Finance
CURI,CuriosityStream Inc. Class A Common Stock,Consumer Discretionary
CURIW,CuriosityStream Inc. Warrant,Consumer Discretionary
CUTR,Cutera Inc. Common Stock,Health Care
CVAC,CureVac N.V. Ordinary Shares,Health Care
CVBF,CVB Financial Corporation Common Stock,Finance
CVCO,Cavco Industries Inc. Common Stock When Issued,Consumer Discretionary
CVGI,Commercial Vehicle Group Inc. Common Stock,Consumer Discretionary
CVGW,Calavo Growers Inc. Common Stock,Consumer Discretionary
CVII,Churchill Capital Corp VII Class A Common Stock,Finance
CVIIU,Churchill Capital Corp VII Units,Finance
CVIIW,Churchill Capital Corp VII Warrants,Finance
CVKD,Cadrenal Therapeutics Inc. Common Stock,Health Care
CVLG,Covenant Logistics Group Inc. Class A Common Stock,Industrials
CVLT,Commvault Systems Inc. Common Stock,Technology
CVLY,Codorus Valley Bancorp Inc Common Stock,Finance
CVRX,CVRx Inc. Common Stock,Health Care
CVV,CVD Equipment Corporation Common Stock,Technology
CWBC,Community West Bancshares Common Stock,Finance
CWCO,Consolidated Water Co. Ltd. Ordinary Shares,Utilities
CWD,CaliberCos Inc. Class A Common Stock,Finance
CWST,Casella Waste Systems Inc. Class A Common Stock,Utilities
CXAI,CXApp Inc. Class A Common Stock,Technology
CXAIW,CXApp Inc. Warrant,Technology
CXDO,Crexendo Inc. Common Stock,Telecommunications
CYBR,CyberArk Software Ltd. Ordinary Shares,Technology
CYCC,Cyclacel Pharmaceuticals Inc. Common Stock,Health Care
CYCCP,Cyclacel Pharmaceuticals Inc. 6% Convertible Preferred Stock,Health Care
CYCN,Cyclerion Therapeutics Inc. Common Stock,Health Care
CYN,Cyngn Inc. Common Stock,Technology
CYRX,CryoPort Inc. Common Stock,Health Care
CYTH,Cyclo Therapeutics Inc. Common Stock,Health Care
CYTK,Cytokinetics Incorporated Common Stock,Health Care
CYTO,Altamira Therapeutics Ltd. Common Shares,Health Care
CZFS,Citizens Financial Services Inc. Common Stock,Finance
CZNC,Citizens & Northern Corp Common Stock,Finance
CZR,Caesars Entertainment Inc. Common Stock,Consumer Discretionary
CZWI,Citizens Community Bancorp Inc. Common Stock,Finance
DADA,Dada Nexus Limited American Depositary Shares,Technology
DAIO,Data I/O Corporation Common Stock,Industrials
DAKT,Daktronics Inc. Common Stock,Consumer Discretionary
DALN,DallasNews Corporation Series A Common Stock,Consumer Discretionary
DARE,Dare Bioscience Inc. Common Stock,Health Care
DASH,DoorDash Inc. Class A Common Stock,Consumer Discretionary
DATS,DatChat Inc. Common Stock,Telecommunications
DAVE,Dave Inc. Class A Common Stock,Finance
DAVEW,Dave Inc. Warrants,Finance
DAWN,Day One Biopharmaceuticals Inc. Common Stock,Health Care
DBGI,Digital Brands Group Inc. Common Stock,Consumer Discretionary
DBGIW,Digital Brands Group Inc. Warrant,Consumer Discretionary
DBVT,DBV Technologies S.A. American Depositary Shares,Health Care
DBX,Dropbox Inc. Class A Common Stock,Technology
DCBO,Docebo Inc. Common Shares,
DCGO,DocGo Inc. Common Stock,Health Care
DCOM,Dime Community Bancshares Inc. Common Stock,Finance
DCOMP,Dime Community Bancshares Inc. Fixed-Rate Non-Cumulative Perpetual Preferred Stock Series A,Finance
DCPH,Deciphera Pharmaceuticals Inc. Common Stock,Health Care
DCTH,Delcath Systems Inc. Common Stock,Health Care
DDI,DoubleDown Interactive Co. Ltd. American Depository Shares,Technology
DDOG,Datadog Inc. Class A Common Stock,Technology
DECA,Denali Capital Acquisition Corp. Class A Ordinary Shares,Finance
DECAU,Denali Capital Acquisition Corp. Unit,Finance
DENN,Denny's Corporation Common Stock,Consumer Discretionary
DERM,Journey Medical Corporation Common Stock,Health Care
DFLI,Dragonfly Energy Holdings Corp. Common Stock (NV),Miscellaneous
DFLIW,Dragonfly Energy Holdings Corp. Warrant,Miscellaneous
DGHI,Digihost Technology Inc. Common Subordinate Voting Shares,Finance
DGICA,Donegal Group Inc. Class A Common Stock,Finance
DGICB,Donegal Group Inc. Class B Common Stock,Finance
DGII,Digi International Inc. Common Stock,Telecommunications
DGLY,Digital Ally Inc. Common Stock,Technology
DH,Definitive Healthcare Corp. Class A Common Stock,Technology
DHAC,Digital Health Acquisition Corp. Common Stock,Health Care
DHACU,Digital Health Acquisition Corp. Unit,Health Care
DHACW,Digital Health Acquisition Corp. Warrant,Health Care
DHAI,DIH Holdings US Inc. Class A Common Stock,Health Care
DHAIW,DIH Holding US Inc. Warrants,Health Care
DHC,Diversified Healthcare Trust Common Shares of Beneficial Interest,Real Estate
DHCNI,Diversified Healthcare Trust 5.625% Senior Notes due 2042,Real Estate
DHCNL,Diversified Healthcare Trust 6.25% Senior Notes Due 2046,Real Estate
DHIL,Diamond Hill Investment Group Inc. Class A Common Stock,Finance
DIBS,1stdibs.com Inc. Common Stock,Consumer Discretionary
DIOD,Diodes Incorporated Common Stock,Technology
DIST,Distoken Acquisition Corporation Ordinary Shares,Finance
DISTW,Distoken Acquisition Corporation Warrant,Finance
DJCO,Daily Journal Corp. (S.C.) Common Stock,Consumer Discretionary
DJT,Trump Media & Technology Group Corp. Common Stock,Technology
DJTWW,Trump Media & Technology Group Corp. Warrants,Technology
DKNG,DraftKings Inc. Class A Common Stock,Consumer Discretionary
DLHC,DLH Holdings Corp.,Consumer Discretionary
DLO,DLocal Limited Class A Common Shares,Consumer Discretionary
DLPN,Dolphin Entertainment Inc. Common Stock,Consumer Discretionary
DLTH,Duluth Holdings Inc. Class B Common Stock,Consumer Discretionary
DLTR,Dollar Tree Inc. Common Stock,Consumer Discretionary
DMAC,DiaMedica Therapeutics Inc. Common Stock,Health Care
DMLP,Dorchester Minerals L.P. Common Units Representing Limited Partnership Interests,Energy
DMRC,Digimarc Corporation Common Stock,Technology
DMTK,DermTech Inc. Common Stock,Health Care
DNLI,Denali Therapeutics Inc. Common Stock,Health Care
DNTH,Dianthus Therapeutics Inc. Common Stock,Health Care
DNUT,Krispy Kreme Inc. Common Stock,Consumer Staples
DOCU,DocuSign Inc. Common Stock,Technology
DOGZ,Dogness (International) Corporation Class A Common Stock,Consumer Discretionary
DOMH,Dominari Holdings Inc. Common Stock,Health Care
DOMO,Domo Inc. Class B Common Stock,Technology
DOOO,BRP Inc. (Recreational Products) Common Subordinate Voting Shares,Consumer Discretionary
DORM,Dorman Products Inc. Common Stock,Consumer Discretionary
DOX,Amdocs Limited Ordinary Shares,Technology
DOYU,DouYu International Holdings Limited ADS,Technology
DPCS,DP Cap Acquisition Corp I Class A Ordinary Shares,Finance
DPRO,Draganfly Inc. Common Shares,Consumer Discretionary
DRCT,Direct Digital Holdings Inc. Class A Common Stock,Consumer Discretionary
DRIO,DarioHealth Corp. Common Stock,Health Care
DRMA,Dermata Therapeutics Inc. Common Stock,Health Care
DRMAW,Dermata Therapeutics Inc. Warrant,Health Care
DRRX,DURECT Corporation Common Stock,Health Care
DRS,Leonardo DRS Inc. Common Stock,Industrials
DRTS,Alpha Tau Medical Ltd. Ordinary Shares,Health Care
DRTSW,Alpha Tau Medical Ltd. Warrant,Health Care
DRUG,Bright Minds Biosciences Inc. Common Stock,Health Care
DRVN,Driven Brands Holdings Inc. Common Stock,Consumer Discretionary
DSGN,Design Therapeutics Inc. Common Stock,Health Care
DSGR,Distribution Solutions Group Inc. Common Stock,Industrials
DSGX,Descartes Systems Group Inc. (The) Common Stock,
DSP,Viant Technology Inc. Class A Common Stock,Technology
DSWL,Deswell Industries Inc. Common Shares,Industrials
DTCK,Davis Commodities Limited Ordinary Shares,Industrials
DTI,Drilling Tools International Corporation Common Stock,Industrials
DTIL,Precision BioSciences Inc. Common Stock,Health Care
DTSS,Datasea Inc. Common Stock,Technology
DTST,Data Storage Corporation Common Stock,Technology
DTSTW,Data Storage Corporation Warrant,Technology
DUO,Fangdd Network Group Ltd. American Depositary Shares,Finance
DUOL,Duolingo Inc. Class A Common Stock,Technology
DUOT,Duos Technologies Group Inc. Common Stock,Technology
DVAX,Dynavax Technologies Corporation Common Stock,Health Care
DWSN,Dawson Geophysical Company Common Stock,Energy
DXCM,DexCom Inc. Common Stock,Health Care
DXLG,Destination XL Group Inc. Common Stock,Consumer Discretionary
DXPE,DXP Enterprises Inc. Common Stock,Industrials
DXR,Daxor Corporation Common Stock,Health Care
DXYN,Dixie Group Inc. (The) Common Stock,Consumer Discretionary
DYAI,Dyadic International Inc. Common Stock,Health Care
DYN,Dyne Therapeutics Inc. Common Stock,Health Care
DYNT,Dynatronics Corporation Common Stock,Health Care
DZSI,DZS Inc. Common Stock,Utilities
EA,Electronic Arts Inc. Common Stock,Technology
EAST,Eastside Distilling Inc. Common Stock,Consumer Staples
EBAY,eBay Inc. Common Stock,Consumer Discretionary
EBC,Eastern Bankshares Inc. Common Stock,Finance
EBMT,Eagle Bancorp Montana Inc. Common Stock,Finance
EBON,Ebang International Holdings Inc. Class A Ordinary Shares,Technology
EBTC,Enterprise Bancorp Inc Common Stock,Finance
ECBK,ECB Bancorp Inc. Common Stock,Finance
ECDA,ECD Automotive Design Inc. Common Stock,Consumer Discretionary
ECDAW,ECD Automotive Design Inc. Warrant,Consumer Discretionary
ECOR,electroCore Inc. Common Stock,Health Care
ECPG,Encore Capital Group Inc Common Stock,Finance
ECX,ECARX Holdings Inc. Class A Ordinary shares,Technology
EDAP,EDAP TMS S.A. American Depositary Shares,Health Care
EDBL,Edible Garden AG Incorporated Common Stock,Consumer Staples
EDBLW,Edible Garden AG Incorporated Warrant,Consumer Staples
EDIT,Editas Medicine Inc. Common Stock,Health Care
EDRY,EuroDry Ltd. Common Shares,Consumer Discretionary
EDSA,Edesa Biotech Inc. Common Shares,Health Care
EDTK,Skillful Craftsman Education Technology Limited Ordinary Share,Real Estate
EDUC,Educational Development Corporation Common Stock,Consumer Discretionary
EEFT,Euronet Worldwide Inc. Common Stock,Technology
EEIQ,EpicQuest Education Group International Limited Common Stock,Real Estate
EFOI,Energy Focus Inc. Common Stock,Consumer Discretionary
EFSC,Enterprise Financial Services Corporation Common Stock,Finance
EFSCP,Enterprise Financial Services Corporation Depositary Shares Each Representing a 1/40th Interest in a Share of 5% Fixed Rate Non-Cumulative Perpetual Preferred Stock Series A,Finance
EFTR,eFFECTOR Therapeutics Inc. Common Stock,Health Care
EGAN,eGain Corporation Common Stock,Technology
EGBN,Eagle Bancorp Inc. Common Stock,Finance
EGHT,8x8 Inc Common Stock,Technology
EGIO,Edgio Inc. Common Stock,Consumer Discretionary
EGRX,Eagle Pharmaceuticals Inc. Common Stock,Health Care
EH,EHang Holdings Limited ADS,Industrials
EHTH,eHealth Inc. Common Stock,Finance
EJH,E-Home Household Service Holdings Limited Ordinary Shares,Consumer Discretionary
EKSO,Ekso Bionics Holdings Inc. Common Stock,Industrials
ELAB,Elevai Labs Inc. Common Stock,Health Care
ELBM,Electra Battery Materials Corporation Common Stock,Miscellaneous
ELDN,Eledon Pharmaceuticals Inc. Common Stock,Health Care
ELEV,Elevation Oncology Inc. Common stock,Health Care
ELSE,Electro-Sensors Inc. Common Stock,Industrials
ELTK,Eltek Ltd. Ordinary Shares,Technology
ELTX,Elicio Therapeutics Inc. Common Stock,Health Care
ELUT,Elutia Inc. Class A Common Stock,Health Care
ELVA,Electrovaya Inc. Common Shares,
ELVN,Enliven Therapeutics Inc. Common Stock,Health Care
ELWS,Earlyworks Co. Ltd. American Depositary Shares,Technology
ELYM,Eliem Therapeutics Inc Common Stock,Health Care
EM,Smart Share Global Limited American Depositary Shares,Consumer Discretionary
EMBC,Embecta Corp. Common Stock,Health Care
EMCG,Embrace Change Acquisition Corp Ordinary Shares,Finance
EMKR,EMCORE Corporation Common Stock,Technology
EML,Eastern Company (The) Common Stock,Consumer Discretionary
EMLD,FTAC Emerald Acquisition Corp. Class A Common Stock,Finance
EMLDU,FTAC Emerald Acquisition Corp. Unit,Finance
ENG,ENGlobal Corporation Common Stock,Consumer Discretionary
ENGN,enGene Holdings Inc. Common Stock,Health Care
ENGNW,enGene Holdings Inc. Warrants,Health Care
ENLT,Enlight Renewable Energy Ltd. Ordinary Shares,Utilities
ENLV,Enlivex Therapeutics Ltd. Ordinary Shares,Health Care
ENPH,Enphase Energy Inc. Common Stock,Technology
ENSC,Ensysce Biosciences Inc. Common Stock,Health Care
ENSG,The Ensign Group Inc. Common Stock,Health Care
ENTA,Enanta Pharmaceuticals Inc. Common Stock,Health Care
ENTG,Entegris Inc. Common Stock,Industrials
ENTO,Entero Therapeutics Inc. Common Stock,Health Care
ENTX,Entera Bio Ltd. Ordinary Shares,Health Care
ENVB,Enveric Biosciences Inc. Common Stock,Health Care
ENVX,Enovix Corporation Common Stock,Miscellaneous
EOLS,Evolus Inc. Common Stock,Health Care
EOSE,Eos Energy Enterprises Inc. Class A Common Stock,Miscellaneous
EOSEW,Eos Energy Enterprises Inc. Warrant,Miscellaneous
EPIX,ESSA Pharma Inc. Common Stock,Health Care
EPOW,Sunrise New Energy Co. Ltd Class A Ordinary Shares,Consumer Discretionary
EPRX,Eupraxia Pharmaceuticals Inc. Common Stock,Health Care
EPSN,Epsilon Energy Ltd. Common Share,Energy
EQ,Equillium Inc. Common Stock,Health Care
EQIX,Equinix Inc. Common Stock REIT,Real Estate
ERAS,Erasca Inc. Common Stock,Health Care
ERIC,Ericsson American Depositary Shares,Technology
ERIE,Erie Indemnity Company Class A Common Stock,Finance
ERII,Energy Recovery Inc. Common Stock,Technology
ERNA,Eterna Therapeutics Inc. Common Stock,Health Care
ESCA,Escalade Incorporated Common Stock,Consumer Discretionary
ESEA,Euroseas Ltd. Common Stock (Marshall Islands),Consumer Discretionary
ESGL,ESGL Holdings Limited Ordinary Shares,Utilities
ESGLW,ESGL Holdings Limited Warrants,Utilities
ESGR,Enstar Group Limited Ordinary Shares,Finance
ESGRO,Enstar Group Limited Depository Shares 7.00% Perpetual Non-Cumulative Preference Shares Series E,Finance
ESGRP,Enstar Group Limited Depositary Shares Each Representing 1/1000th of an interest in Preference Shares,Finance
ESHA,ESH Acquisition Corp. Class A Common Stock,Finance
ESLA,Estrella Immunopharma Inc. Common Stock,Health Care
ESLT,Elbit Systems Ltd. Ordinary Shares,Industrials
ESOA,Energy Services of America Corporation Common Stock,Industrials
ESPR,Esperion Therapeutics Inc. Common Stock,Health Care
ESQ,Esquire Financial Holdings Inc. Common Stock,Finance
ESSA,ESSA Bancorp Inc. Common Stock,Finance
ESTA,Establishment Labs Holdings Inc. Common Shares,Health Care
ETNB,89bio Inc. Common Stock,Health Care
ETON,Eton Pharmaceuticals Inc. Common Stock,Health Care
ETSY,Etsy Inc. Common Stock,Consumer Discretionary
EU,enCore Energy Corp. Common Shares,
EUDA,EUDA Health Holdings Limited Ordinary Shares,Health Care
EVAX,Evaxion Biotech A/S American Depositary Share,Health Care
EVBG,Everbridge Inc. Common Stock,Technology
EVCM,EverCommerce Inc. Common Stock,Technology
EVER,EverQuote Inc. Class A Common Stock,Technology
EVGN,Evogene Ltd Ordinary Shares,Industrials
EVGO,EVgo Inc. Class A Common Stock,Technology
EVGOW,EVgo Inc. Warrants,Technology
EVGR,Evergreen Corporation Class A Ordinary Share,Finance
EVGRW,Evergreen Corporation Warrant,Finance
EVLV,Evolv Technologies Holdings Inc. Class A Common Stock,Technology
EVLVW,Evolv Technologies Holdings Inc. Warrant,Technology
EVO,Evotec SE American Depositary Shares,Health Care
EVOK,Evoke Pharma Inc. Common Stock,Health Care
EVRG,Evergy Inc. Common Stock,Utilities
EVTV,Envirotech Vehicles Inc. Common Stock,Consumer Discretionary
EWBC,East West Bancorp Inc. Common Stock,Finance
EWCZ,European Wax Center Inc. Class A Common Stock,Consumer Discretionary
EWTX,Edgewise Therapeutics Inc. Common Stock,Health Care
EXAI,Exscientia Plc American Depositary Shares,Health Care
EXAS,Exact Sciences Corporation Common Stock,Health Care
EXC,Exelon Corporation Common Stock,Utilities
EXEL,Exelixis Inc. Common Stock,Health Care
EXFY,Expensify Inc. Class A Common Stock,Technology
EXLS,ExlService Holdings Inc. Common Stock,Consumer Discretionary
EXPE,Expedia Group Inc. Common Stock,Consumer Discretionary
EXPI,eXp World Holdings Inc. Common Stock,Finance
EXPO,Exponent Inc. Common Stock,Consumer Discretionary
EXTR,Extreme Networks Inc. Common Stock,Telecommunications
EYE,National Vision Holdings Inc. Common Stock,Health Care
EYEN,Eyenovia Inc. Common Stock,Health Care
EYPT,EyePoint Pharmaceuticals Inc. Common Stock,Industrials
EZFL,EzFill Holdings Inc. Common Stock,Consumer Discretionary
EZGO,EZGO Technologies Ltd. Ordinary Shares,Consumer Discretionary
EZPW,EZCORP Inc. Class A Non Voting Common Stock,Consumer Discretionary
FA,First Advantage Corporation Common Stock,Consumer Discretionary
FAAS,DigiAsia Corp. Ordinary Shares,Technology
FAASW,DigiAsia Corp. Warrant,Technology
FAMI,Farmmi Inc. Ordinary Shares,Consumer Staples
FANG,Diamondback Energy Inc. Common Stock,Energy
FANH,Fanhua Inc. American Depositary Shares,Finance
FARM,Farmer Brothers Company Common Stock,Consumer Staples
FARO,FARO Technologies Inc. Common Stock,Industrials
FAST,Fastenal Company Common Stock,Consumer Discretionary
FAT,FAT Brands Inc. Class A Common Stock,Consumer Discretionary
FATBB,FAT Brands Inc. Class B Common Stock,Consumer Discretionary
FATBP,FAT Brands Inc. 8.25% Series B Cumulative Preferred Stock,Consumer Discretionary
FATBW,FAT Brands Inc. Warrant,Consumer Discretionary
FATE,Fate Therapeutics Inc. Common Stock,Health Care
FBIO,Fortress Biotech Inc. Common Stock,Health Care
FBIOP,Fortress Biotech Inc. 9.375% Series A Cumulative Redeemable Perpetual Preferred Stock,Health Care
FBIZ,First Business Financial Services Inc. Common Stock,Finance
FBLG,FibroBiologics Inc. Common Stock,Health Care
FBNC,First Bancorp Common Stock,Finance
FBRX,Forte Biosciences Inc. Common Stock,Health Care
FBYD,Falcon's Beyond Global Inc. Class A Common Stock,Consumer Discretionary
FBYDW,Falcon's Beyond Global Inc. Warrants,Consumer Discretionary
FCAP,First Capital Inc. Common Stock,Finance
FCBC,First Community Bankshares Inc. (VA) Common Stock,Finance
FCCO,First Community Corporation Common Stock,Finance
FCEL,FuelCell Energy Inc. Common Stock,Energy
FCFS,FirstCash Holdings Inc. Common Stock,Consumer Discretionary
FCNCA,First Citizens BancShares Inc. Class A Common Stock,Finance
FCNCO,First Citizens BancShares Inc. 5.625% Non-Cumulative Perpetual Preferred Stock Series C,Finance
FCNCP,First Citizens BancShares Inc. Depositary Shares,Finance
FCUV,Focus Universal Inc. Common Stock,Industrials
FDBC,Fidelity D & D Bancorp Inc. Common Stock,Finance
FDMT,4D Molecular Therapeutics Inc. Common Stock,Health Care
FDUS,Fidus Investment Corporation Common Stock,Finance
FEAM,5E Advanced Materials Inc. Common Stock,Industrials
FEBO,Fenbo Holdings Limited Ordinary Shares,Consumer Discretionary
FEIM,Frequency Electronics Inc. Common Stock,Industrials
FELE,Franklin Electric Co. Inc. Common Stock,Consumer Discretionary
FEMY,Femasys Inc. Common Stock,Health Care
FENC,Fennec Pharmaceuticals Inc. Common Stock,Health Care
FER,Ferrovial SE Ordinary Shares,Industrials
FEXD,Fintech Ecosystem Development Corp. Class A Common Stock,Finance
FEXDR,Fintech Ecosystem Development Corp. Right,Finance
FEXDU,Fintech Ecosystem Development Corp. Units,Finance
FFBC,First Financial Bancorp. Common Stock,Finance
FFIC,Flushing Financial Corporation Common Stock,Finance
FFIE,Faraday Future Intelligent Electric Inc. Common Stock,Consumer Discretionary
FFIEW,Faraday Future Intelligent Electric Inc. Warrant,Consumer Discretionary
FFIN,First Financial Bankshares Inc. Common Stock,Finance
FFIV,F5 Inc. Common Stock,Technology
FFNW,First Financial Northwest Inc. Common Stock,Finance
FGBI,First Guaranty Bancshares Inc. Common Stock,Finance
FGBIP,First Guaranty Bancshares Inc. 6.75% Series A Fixed-Rate Non-Cumulative Perpetual Preferred Stock,Finance
FGEN,FibroGen Inc Common Stock,Health Care
FGF,Fundamental Global Inc. Common Stock,Finance
FGFPP,Fundamental Global Inc. 8.00% Cumulative Preferred Stock,Finance
FGI,FGI Industries Ltd. Ordinary Shares,Industrials
FHB,First Hawaiian Inc. Common Stock,Finance
FHTX,Foghorn Therapeutics Inc. Common Stock,Health Care
FIACW,Focus Impact Acquisition Corp. Warrant,Finance
FIBK,First Interstate BancSystem Inc. Common Stock (DE),Finance
FINW,FinWise Bancorp Common Stock,Finance
FIP,FTAI Infrastructure Inc. Common Stock,Energy
FISI,Financial Institutions Inc. Common Stock,Finance
FITB,Fifth Third Bancorp Common Stock,Finance
FITBI,Fifth Third Bancorp Depositary Shares,Finance
FITBO,Fifth Third Bancorp Depositary Shares each representing a 1/1000th ownership interest in a share of Non-Cumulative Perpetual Preferred Stock Series K,Finance
FITBP,Fifth Third Bancorp Depositary Shares each representing 1/40th share of Fifth Third 6.00% Non-Cumulative Perpetual Class B Preferred Stock Series A,Finance
FIVE,Five Below Inc. Common Stock,Consumer Discretionary
FIVN,Five9 Inc. Common Stock,Technology
FIZZ,National Beverage Corp. Common Stock,Consumer Staples
FKWL,Franklin Wireless Corp. Common Stock,Utilities
FLEX,Flex Ltd. Ordinary Shares,Technology
FLFV,Feutune Light Acquisition Corporation Class A Common Stock,Finance
FLFVW,Feutune Light Acquisition Corporation Warrant,Finance
FLGC,Flora Growth Corp. Common Stock,Health Care
FLGT,Fulgent Genetics Inc. Common Stock,Health Care
FLIC,First of Long Island Corporation (The) Common Stock,Finance
FLL,Full House Resorts Inc. Common Stock,Consumer Discretionary
FLNC,Fluence Energy Inc. Class A Common Stock,Miscellaneous
FLNT,Fluent Inc. Common Stock,Consumer Discretionary
FLUX,Flux Power Holdings Inc. Common Stock,Miscellaneous
FLWS,1-800-FLOWERS.COM Inc. Common Stock,Consumer Discretionary
FLXS,Flexsteel Industries Inc. Common Stock,Consumer Discretionary
FLYW,Flywire Corporation Voting Common Stock,Consumer Discretionary
FMAO,Farmers & Merchants Bancorp Inc. Common Stock,Finance
FMBH,First Mid Bancshares Inc. Common Stock,Finance
FMNB,Farmers National Banc Corp. Common Stock,Finance
FMST,Foremost Lithium Resource & Technology Ltd. Common stock,Basic Materials
FMSTW,Foremost Lithium Resource & Technology Ltd. Warrant,Basic Materials
FNCB,FNCB Bancorp Inc. Common Stock,Finance
FNGR,FingerMotion Inc. Common Stock,Technology
FNKO,Funko Inc. Class A Common Stock,Consumer Discretionary
FNLC,First Bancorp Inc  (ME) Common Stock,Finance
FNVT,Finnovate Acquisition Corp. Class A Ordinary Shares,Finance
FNWB,First Northwest Bancorp Common Stock,Finance
FNWD,Finward Bancorp Common Stock,Finance
FOLD,Amicus Therapeutics Inc. Common Stock,Health Care
FONR,Fonar Corporation Common Stock,Health Care
FORA,Forian Inc. Common Stock,Technology
FORD,Forward Industries Inc. Common Stock,Industrials
FORL,Four Leaf Acquisition Corporation Class A Common Stock,Finance
FORLU,Four Leaf Acquisition Corporation Unit,Finance
FORM,FormFactor Inc. FormFactor Inc. Common Stock,Technology
FORR,Forrester Research Inc. Common Stock,Consumer Discretionary
FORTY,Formula Systems (1985) Ltd. American Depositary Shares,Technology
FOSL,Fossil Group Inc. Common Stock,Consumer Discretionary
FOSLL,Fossil Group Inc. 7% Senior Notes due 2026,Consumer Discretionary
FOX,Fox Corporation Class B Common Stock,Industrials
FOXA,Fox Corporation Class A Common Stock,Industrials
FOXF,Fox Factory Holding Corp. Common Stock,Consumer Discretionary
FPAY,FlexShopper Inc. Common Stock,Consumer Discretionary
FRAF,Franklin Financial Services Corporation Common Stock,Finance
FRBA,First Bank Common Stock,Finance
FREE,Whole Earth Brands Inc. Class A Common Stock,Consumer Staples
FREEW,Whole Earth Brands Inc. Warrant,Consumer Staples
FRES,Fresh2 Group Limited American Depositary Shares,Health Care
FRGT,Freight Technologies Inc. Ordinary Shares,Consumer Discretionary
FRHC,Freedom Holding Corp. Common Stock,Finance
FRLA,Fortune Rise Acquisition Corporation Class A Common Stock,Finance
FRME,First Merchants Corporation Common Stock,Finance
FRMEP,First Merchants Corporation Depository Shares,Finance
FROG,JFrog Ltd. Ordinary Shares,Technology
FRPH,FRP Holdings Inc. Common Stock,Finance
FRPT,Freshpet Inc. Common Stock,Consumer Staples
FRSH,Freshworks Inc. Class A Common Stock,Technology
FRST,Primis Financial Corp. Common Stock,Finance
FRSX,Foresight Autonomous Holdings Ltd. American Depositary Shares,Technology
FRZA,Forza X1 Inc. Common Stock,Industrials
FSBC,Five Star Bancorp Common Stock,Finance
FSBW,FS Bancorp Inc. Common Stock,Finance
FSEA,First Seacoast Bancorp Inc. Common Stock,Finance
FSFG,First Savings Financial Group Inc. Common Stock,Finance
FSLR,First Solar Inc. Common Stock,Technology
FSTR,L.B. Foster Company Common Stock,Industrials
FSV,FirstService Corporation Common Shares,Finance
FTAI,FTAI Aviation Ltd. Common Stock,Industrials
FTAIM,FTAI Aviation Ltd. 9.500% Fixed-Rate Reset Series D Cumulative Perpetual Redeemable Preferred Shares,Industrials
FTAIN,FTAI Aviation Ltd. 8.25% Fixed - Rate Reset Series C Cumulative Perpetual Redeemable Preferred Shares,Industrials
FTAIO,FTAI Aviation Ltd. 8.00% Fixed-to-Floating Rate Series B Cumulative Perpetual Redeemable Preferred Shares,Industrials
FTAIP,FTAI Aviation Ltd. 8.25% Fixed to Floating Rate Series A Cumulative Perpetual Redeemable Preferred Shares,Industrials
FTCI,FTC Solar Inc. Common Stock,Technology
FTDR,Frontdoor Inc. Common Stock,Finance
FTEK,Fuel Tech Inc. Common Stock,Industrials
FTEL,Fitell Corporation Ordinary Shares,Consumer Discretionary
FTFT,Future FinTech Group Inc. Common Stock,Consumer Discretionary
FTHM,Fathom Holdings Inc. Common Stock,Finance
FTII,FutureTech II Acquisition Corp. Class A Common Stock,Finance
FTLF,FitLife Brands Inc. Common Stock,Health Care
FTNT,Fortinet Inc. Common Stock,Technology
FTRE,Fortrea Holdings Inc. Common Stock,Health Care
FUFU,BitFuFu Inc. Class A Ordinary Shares,Finance
FULC,Fulcrum Therapeutics Inc. Common Stock,Health Care
FULT,Fulton Financial Corporation Common Stock,Finance
FULTP,Fulton Financial Corporation Depositary Shares Each Representing a 1/40th Interest in a Share of Fixed Rate Non-Cumulative Perpetual Preferred Stock Series A,Finance
FUNC,First United Corporation Common Stock,Finance
FUND,Sprott Focus Trust Inc. Common Stock,Finance
FUSB,First US Bancshares Inc. Common Stock,Finance
FUSN,Fusion Pharmaceuticals Inc. Common Shares,Health Care
FUTU,Futu Holdings Limited American Depositary Shares,Finance
FVCB,FVCBankcorp Inc. Common Stock,Finance
FWONA,Liberty Media Corporation Series A Liberty Formula One Common Stock,Industrials
FWONK,Liberty Media Corporation Series C Liberty Formula One Common Stock,Consumer Discretionary
FWRD,Forward Air Corporation Common Stock,Consumer Discretionary
FWRG,First Watch Restaurant Group Inc. Common Stock,Consumer Discretionary
FXNC,First National Corporation Common Stock,Finance
FYBR,Frontier Communications Parent Inc. Common Stock,Telecommunications
GABC,German American Bancorp Inc. Common Stock,Finance
GAIA,Gaia Inc. Class A Common Stock,Consumer Discretionary
GAIN,Gladstone Investment Corporation Business Development Company,Finance
GAINL,Gladstone Investment Corporation 8.00% Notes due 2028,Finance
GAINN,Gladstone Investment Corporation 5.00% Notes Due 2026,Finance
GAINZ,Gladstone Investment Corporation 4.875% Notes due 2028,Finance
GALT,Galectin Therapeutics Inc. Common Stock,Health Care
GAMB,Gambling.com Group Limited Ordinary Shares,Consumer Discretionary
GAMC,Golden Arrow Merger Corp. Class A Common Stock,Finance
GAME,GameSquare Holdings Inc. Common Stock,Consumer Discretionary
GAN,GAN Limited Ordinary Shares,Technology
GANX,Gain Therapeutics Inc. Common Stock,Health Care
GAQ,Generation Asia I Acquisition Limited Class A Ordinary Shares,Finance
GASS,StealthGas Inc. Common Stock,Consumer Discretionary
GBBK,Global Blockchain Acquisition Corp. Common Stock,Finance
GBBKR,Global Blockchain Acquisition Corp. Right,Finance
GBBKW,Global Blockchain Acquisition Corp. Warrant,Finance
GBDC,Golub Capital BDC Inc. Common Stock,Finance
GBIO,Generation Bio Co. Common Stock,Health Care
GBNY,Generations Bancorp NY Inc. Common Stock,Finance
GCBC,Greene County Bancorp Inc. Common Stock,Finance
GCMG,GCM Grosvenor Inc. Class A Common Stock,Finance
GCMGW,GCM Grosvenor Inc. Warrant,Finance
GCT,GigaCloud Technology Inc Class A Ordinary Shares,Consumer Discretionary
GCTK,GlucoTrack Inc. Common Stock,Health Care
GDC,GD Culture Group Limited Common Stock,Industrials
GDEN,Golden Entertainment Inc. Common Stock,Consumer Discretionary
GDEV,GDEV Inc. Ordinary Shares,Technology
GDHG,Golden Heaven Group Holdings Ltd. Class A Ordinary Shares,Consumer Discretionary
GDRX,GoodRx Holdings Inc. Class A Common Stock,Technology
GDS,GDS Holdings Limited ADS,Technology
GDST,Goldenstone Acquisition Limited Common Stock,Finance
GDTC,CytoMed Therapeutics Limited Ordinary Shares,Health Care
GDYN,Grid Dynamics Holdings Inc. Class A Common Stock,Technology
GECC,Great Elm Capital Corp. Common Stock,Finance
GECCI,Great Elm Capital Corp. 8.50% NOTES DUE 2029,Finance
GECCM,Great Elm Capital Corp. 6.75% Notes Due 2025,Finance
GECCO,Great Elm Capital Corp. 5.875% Notes due 2026,Finance
GECCZ,Great Elm Capital Corp. 8.75% Notes due 2028,Finance
GEG,Great Elm Group Inc. Common Stock,Technology
GEGGL,Great Elm Group Inc.  7.25% Notes due 2027,Finance
GEHC,GE HealthCare Technologies Inc. Common Stock,Health Care
GEN,Gen Digital Inc. Common Stock,Technology
GENE,Genetic Technologies Ltd ADS,Health Care
GENK,GEN Restaurant Group Inc. Class A Common Stock,Health Care
GEOS,Geospace Technologies Corporation Common Stock (Texas),Industrials
GERN,Geron Corporation Common Stock,Health Care
GEVO,Gevo Inc. Common Stock,Industrials
GFAI,Guardforce AI Co. Limited Ordinary Shares,Consumer Discretionary
GFAIW,Guardforce AI Co. Limited Warrant,Consumer Discretionary
GFS,GlobalFoundries Inc. Ordinary Shares,Technology
GGAL,Grupo Financiero Galicia S.A. American Depositary Shares,Finance
GGR,Gogoro Inc. Ordinary Shares,Consumer Discretionary
GGROW,Gogoro Inc. Warrant,Consumer Discretionary
GH,Guardant Health Inc. Common Stock,Health Care
GHIX,Gores Holdings IX Inc. Class A Common Stock,Finance
GHIXW,Gores Holdings IX Inc. Warrant,Finance
GHRS,GH Research PLC Ordinary Shares,Health Care
GHSI,Guardion Health Sciences Inc. Common Stock,Health Care
GIFI,Gulf Island Fabrication Inc. Common Stock,Industrials
GIGM,GigaMedia Limited Ordinary Shares,Technology
GIII,G-III Apparel Group LTD. Common Stock,Consumer Discretionary
GILD,Gilead Sciences Inc. Common Stock,Health Care
GILT,Gilat Satellite Networks Ltd. Ordinary Shares,Technology
GIPR,Generation Income Properties Inc. Common Stock,Real Estate
GIPRW,Generation Income Properties Inc Warrant,Real Estate
GLAC,Global Lights Acquisition Corp Ordinary Shares,
GLAD,Gladstone Capital Corporation Common Stock,Finance
GLADZ,Gladstone Capital Corporation 7.75% Notes due 2028,
GLBE,Global-E Online Ltd. Ordinary Shares,Technology
GLBS,Globus Maritime Limited Common Stock,Consumer Discretionary
GLBZ,Glen Burnie Bancorp Common Stock,Finance
GLDD,Great Lakes Dredge & Dock Corporation Common Stock,Industrials
GLLI,Globalink Investment Inc. Common Stock,Industrials
GLLIU,Globalink Investment Inc. Unit,Industrials
GLMD,Galmed Pharmaceuticals Ltd. Ordinary Shares,Health Care
GLNG,Golar Lng Ltd,Consumer Discretionary
GLPG,Galapagos NV American Depositary Shares,Health Care
GLPI,Gaming and Leisure Properties Inc. Common Stock,Real Estate
GLRE,Greenlight Capital Re Ltd. Class A Ordinary Shares,Finance
GLSI,Greenwich LifeSciences Inc. Common Stock,Health Care
GLST,Global Star Acquisition Inc. Class A Common Stock,Industrials
GLTO,Galecto Inc. Common Stock,Health Care
GLUE,Monte Rosa Therapeutics Inc. Common Stock,Health Care
GLYC,GlycoMimetics Inc. Common Stock,Health Care
GMAB,Genmab A/S ADS,Health Care
GMFI,Aetherium Acquisition Corp. Class A Common Stock,Finance
GMGI,Golden Matrix Group Inc. Common Stock,Technology
GMM,Global Mofy Metaverse Limited Ordinary Shares,Technology
GNFT,GENFIT S.A. American Depositary Shares,Health Care
GNLN,Greenlane Holdings Inc. Class A Common Stock,Consumer Discretionary
GNLX,Genelux Corporation Common Stock,Health Care
GNPX,Genprex Inc. Common Stock,Health Care
GNSS,Genasys Inc. Common Stock,Consumer Staples
GNTA,Genenta Science S.p.A. American Depositary Shares,Health Care
GNTX,Gentex Corporation Common Stock,Consumer Discretionary
GO,Grocery Outlet Holding Corp. Common Stock,Consumer Staples
GOCO,GoHealth Inc. Class A Common Stock,Finance
GODN,Golden Star Acquisition Corporation Ordinary Shares,Finance
GOEV,Canoo Inc. Class A Common Stock,
GOEVW,Canoo Inc. Warrant,
GOGL,Golden Ocean Group Limited Common Stock,Consumer Discretionary
GOGO,Gogo Inc. Common Stock,Consumer Discretionary
GOOD,Gladstone Commercial Corporation Real Estate Investment Trust,Real Estate
GOODN,Gladstone Commercial Corporation 6.625% Series E Cumulative Redeemable Preferred Stock,Real Estate
GOODO,Gladstone Commercial Corporation 6.00% Series G Cumulative Redeemable Preferred Stock par value $0.001 per share,Real Estate
GOOG,Alphabet Inc. Class C Capital Stock,Technology
GOOGL,Alphabet Inc. Class A Common Stock,Technology
GORV,Lazydays Holdings Inc. Common Stock,Consumer Discretionary
GOSS,Gossamer Bio Inc. Common Stock,Health Care
GOVX,GeoVax Labs Inc. Common Stock,Health Care
GOVXW,GeoVax Labs Inc. Warrants,Health Care
GP,GreenPower Motor Company Inc. Common Shares,Consumer Discretionary
GPAC,Global Partner Acquisition Corp II Class A Ordinary Share,Finance
GPAK,Gamer Pakistan Inc. Common Stock,Consumer Discretionary
GPATU,GP-Act III Acquisition Corp. Units,
GPCR,Structure Therapeutics Inc. American Depositary Shares,Health Care
GPRE,Green Plains Inc. Common Stock,Industrials
GPRO,GoPro Inc. Class A Common Stock,Consumer Discretionary
GRAB,Grab Holdings Limited Class A Ordinary Shares,Consumer Discretionary
GRABW,Grab Holdings Limited Warrant,Consumer Discretionary
GRDI,GRIID Infrastructure Inc. Common Stock,Technology
GRDIW,GRIID Infrastructure Inc. Warrant,Technology
GREE,Greenidge Generation Holdings Inc. Class A Common Stock,Finance
GREEL,Greenidge Generation Holdings Inc. 8.50% Senior Notes due 2026,Finance
GRFS,Grifols S.A. American Depositary Shares,Health Care
GRI,GRI Bio Inc. Common Stock,Health Care
GRIN,Grindrod Shipping Holdings Ltd. Ordinary Shares,Consumer Discretionary
GRNQ,Greenpro Capital Corp. Common Stock,Technology
GROM,Grom Social Enterprises Inc. Common Stock,Technology
GROW,U.S. Global Investors Inc. Class A Common Stock,Finance
GRPN,Groupon Inc. Common Stock,Consumer Discretionary
GRRR,Gorilla Technology Group Inc. Ordinary shares,Technology
GRRRW,Gorilla Technology Group Inc. Warrant,Technology
GRTS,Gritstone bio Inc. Common Stock,Health Care
GRTX,Galera Therapeutics Inc. Common Stock,Health Care
GRVY,GRAVITY Co. Ltd. American Depository Shares,Consumer Discretionary
GRWG,GrowGeneration Corp. Common Stock,Consumer Discretionary
GRYP,Gryphon Digital Mining Inc Common Stock,Technology
GSBC,Great Southern Bancorp Inc. Common Stock,Finance
GSHD,Goosehead Insurance Inc. Class A Common Stock,Finance
GSIT,GSI Technology Common Stock,Technology
GSIW,Garden Stage Limited Ordinary Shares,Finance
GSM,Ferroglobe PLC Ordinary Shares,Basic Materials
GSMGW,Cheer Holding Inc. Warrant expiring 2/13/2025,Technology
GSUN,Golden Sun Health Technology Group Limited Class A Ordinary Shares,Real Estate
GT,The Goodyear Tire & Rubber Company Common Stock,Consumer Discretionary
GTAC,Global Technology Acquisition Corp. I Class A Ordinary Shares,Finance
GTACW,Global Technology Acquisition Corp. I Warrant,Finance
GTBP,GT Biopharma Inc. Common Stock,Health Care
GTEC,Greenland Technologies Holding Corporation Ordinary Shares,Industrials
GTHX,G1 Therapeutics Inc. Common Stock,Health Care
GTI,Graphjet Technology Class A Ordinary Shares,Energy
GTIM,Good Times Restaurants Inc. Common Stock,Consumer Discretionary
GTLB,GitLab Inc. Class A Common Stock,Technology
GTX,Garrett Motion Inc. Common Stock,Consumer Discretionary
GURE,Gulf Resources Inc. (NV) Common Stock,Industrials
GUTS,Fractyl Health Inc. Common Stock,
GV,Visionary Holdings Inc. Common Shares,Real Estate
GVH,Globavend Holdings Limited Ordinary Shares,Consumer Discretionary
GVP,GSE Systems Inc. Common Stock,Technology
GWAV,Greenwave Technology Solutions Inc. Common Stock,Industrials
GWRS,Global Water Resources Inc. Common Stock,Utilities
GXAI,Gaxos.ai Inc. Common Stock,Technology
GYRE,Gyre Therapeutics Inc. Common Stock,Health Care
GYRO,Gyrodyne LLC Common Stock,Real Estate
HA,Hawaiian Holdings Inc. Common Stock,Consumer Discretionary
HAFC,Hanmi Financial Corporation Common Stock,Finance
HAIN,Hain Celestial Group Inc. (The) Common Stock,Industrials
HALO,Halozyme Therapeutics Inc. Common Stock,Health Care
HAO,Haoxi Health Technology Limited Class A Ordinary Shares,Consumer Discretionary
HAS,Hasbro Inc. Common Stock,Consumer Discretionary
HAYN,Haynes International Inc. Common Stock,Industrials
HBAN,Huntington Bancshares Incorporated Common Stock,Finance
HBANL,Huntington Bancshares Incorporated Depositary Shares Each Representing a 1/40th Interest in a Share of 6.875% Series J Non-Cumulative Perpetual Preferred Stock,Finance
HBANM,Huntington Bancshares Incorporated Depositary Shares each representing a 1/1000th interest in a share of Huntington Series I Preferred Stock,Finance
HBANP,Huntington Bancshares Incorporated Depositary Shares 4.500% Series H Non-Cumulative Perpetual Preferred Stock,Finance
HBCP,Home Bancorp Inc. Common Stock,Finance
HBIO,Harvard Bioscience Inc. Common Stock,Industrials
HBNC,Horizon Bancorp Inc. Common Stock,Finance
HBT,HBT Financial Inc. Common Stock,Finance
HCAT,Health Catalyst Inc Common Stock,Technology
HCKT,Hackett Group Inc (The). Common Stock,Consumer Discretionary
HCM,HUTCHMED (China) Limited American Depositary Shares,Health Care
HCP,HashiCorp Inc. Class A Common Stock,Technology
HCSG,Healthcare Services Group Inc. Common Stock,Health Care
HCTI,Healthcare Triangle Inc. Common Stock,Technology
HCVI,Hennessy Capital Investment Corp. VI Class A Common Stock,Finance
HCVIU,Hennessy Capital Investment Corp. VI Unit,Finance
HCVIW,Hennessy Capital Investment Corp. VI Warrant,Finance
HCWB,HCW Biologics Inc. Common Stock,Health Care
HDL,SUPER HI INTERNATIONAL HOLDING LTD. American Depositary Shares,Consumer Discretionary
HDSN,Hudson Technologies Inc. Common Stock,Consumer Discretionary
HEAR,Turtle Beach Corporation Common Stock,Telecommunications
HEES,H&E Equipment Services Inc. Common Stock,Industrials
HELE,Helen of Troy Limited Common Stock,Consumer Discretionary
HEPA,Hepion Pharmaceuticals Inc. Common Stock,Health Care
HEPS,D-Market Electronic Services & Trading American Depositary Shares,Consumer Discretionary
HFBL,Home Federal Bancorp Inc. of Louisiana Common Stock,Finance
HFFG,HF Foods Group Inc. Common Stock,Consumer Discretionary
HFWA,Heritage Financial Corporation Common Stock,Finance
HGAS,Global Gas Corporation Class A Common Stock,Industrials
HGASW,Global Gas Corporation Warrant,Industrials
HGBL,Heritage Global Inc. Common Stock,Finance
HHGC,HHG Capital Corporation Ordinary Shares,Finance
HHS,Harte Hanks Inc. Common Stock,Consumer Discretionary
HIBB,Hibbett Inc. Common Stock,Consumer Discretionary
HIFS,Hingham Institution for Savings Common Stock,Finance
HIHO,Highway Holdings Limited Common Stock,Industrials
HIMX,Himax Technologies Inc. American Depositary Shares,Technology
HITI,High Tide Inc. Common Shares,Consumer Discretionary
HIVE,HIVE Digital Technologies Ltd. Common Shares,Finance
HKIT,Hitek Global Inc. Class A Ordinary Share,Technology
HLIT,Harmonic Inc. Common Stock,Technology
HLMN,Hillman Solutions Corp. Common Stock,Consumer Discretionary
HLNE,Hamilton Lane Incorporated Class A Common Stock,Finance
HLP,Hongli Group Inc. Ordinary Shares,Industrials
HLTH,Cue Health Inc. Common Stock,Industrials
HLVX,HilleVax Inc. Common Stock,Health Care
HLXB,Helix Acquisition Corp. II Class A Ordinary Shares,
HMNF,HMN Financial Inc. Common Stock,Finance
HMST,HomeStreet Inc. Common Stock,Finance
HNNA,Hennessy Advisors Inc. Common Stock,Finance
HNNAZ,Hennessy Advisors Inc. 4.875% Notes due 2026,Finance
HNRG,Hallador Energy Company Common Stock,Energy
HNST,The Honest Company Inc. Common Stock,Consumer Discretionary
HNVR,Hanover Bancorp Inc. Common Stock,Finance
HOFT,Hooker Furnishings Corporation Common Stock,Consumer Discretionary
HOFV,Hall of Fame Resort & Entertainment Company Common Stock,Consumer Discretionary
HOFVW,Hall of Fame Resort &amp; Entertainment Company Warrant,Consumer Discretionary
HOLI,Hollysys Automation Technologies Ltd. Common Shares (British Virgin Islands),Energy
HOLO,MicroCloud Hologram Inc. Ordinary Shares,Technology
HOLOW,MicroCloud Hologram Inc. Warrant,Technology
HOLX,Hologic Inc. Common Stock,Health Care
HON,Honeywell International Inc. Common Stock,Industrials
HONE,HarborOne Bancorp Inc. Common Stock,Finance
HOOD,Robinhood Markets Inc. Class A Common Stock,Finance
HOOK,HOOKIPA Pharma Inc. Common Stock,Health Care
HOPE,Hope Bancorp Inc. Common Stock,Finance
HOTH,Hoth Therapeutics Inc. Common Stock,Health Care
HOUR,Hour Loop Inc. Common Stock,Consumer Discretionary
HOVNP,Hovnanian Enterprises Inc Dep Shr Srs A Pfd,Consumer Discretionary
HOVR,New Horizon Aircraft Ltd. Class A Ordinary Share,Industrials
HOWL,Werewolf Therapeutics Inc. Common Stock,Health Care
HPCO,Hempacco Co. Inc. Common Stock,Health Care
HPH,Highest Performances Holdings Inc. American Depository Shares,Finance
HPK,HighPeak Energy Inc. Common Stock,Energy
HQI,HireQuest Inc. Common Stock (DE),Consumer Discretionary
HQY,HealthEquity Inc. Common Stock,Consumer Discretionary
HRMY,Harmony Biosciences Holdings Inc. Common Stock,Health Care
HROW,Harrow Inc. Common Stock,Health Care
HROWL,Harrow Inc. 8.625% Senior Notes due 2026,Health Care
HROWM,Harrow  Inc. 11.875% Senior Notes due 2027,Health Care
HRTX,Heron Therapeutics Inc. Common Stock,Health Care
HRYU,Hanryu Holdings Inc. Common Stock,Technology
HRZN,Horizon Technology Finance Corporation Common Stock,Finance
HSAI,Hesai Group American Depositary Share each ADS represents one Class B ordinary share,Industrials
HSCS,Heart Test Laboratories Inc. Common Stock,Health Care
HSCSW,Heart Test Laboratories Inc. Warrant,Health Care
HSDT,Helius Medical Technologies Inc. Class A Common Stock (DE),Health Care
HSIC,Henry Schein Inc. Common Stock,Health Care
HSII,Heidrick & Struggles International Inc. Common Stock,Consumer Discretionary
HSON,Hudson Global Inc. Common Stock,Consumer Discretionary
HSPO,Horizon Space Acquisition I Corp. Ordinary Shares,Finance
HSPOR,Horizon Space Acquisition I Corp. Right,Finance
HST,Host Hotels & Resorts Inc. Common Stock,Real Estate
HSTM,HealthStream Inc. Common Stock,Technology
HTBI,HomeTrust Bancshares Inc. Common Stock,Finance
HTBK,Heritage Commerce Corp Common Stock,Finance
HTCR,Heartcore Enterprises Inc. Common Stock,Technology
HTHT,H World Group Limited American Depositary Shares,Consumer Discretionary
HTIA,Healthcare Trust Inc. 7.375% Series A Cumulative Redeemable Perpetual Preferred Stock,Real Estate
HTIBP,Healthcare Trust Inc. 7.125% Series B Cumulative Redeemable Perpetual Preferred Stock,Real Estate
HTLD,Heartland Express Inc. Common Stock,Industrials
HTLF,Heartland Financial USA Inc. Common Stock,Finance
HTLFP,Heartland Financial USA Inc. Depositary Shares each representing a 1/400th ownership interest in a share of 7.00% Fixed-Rate Reset Non-Cumulative Perpetual Preferred Stock Series E,Finance
HTOO,Fusion Fuel Green PLC Class A Ordinary Shares,Energy
HTOOW,Fusion Fuel Green PLC Warrant,Energy
HTZ,Hertz Global Holdings Inc Common Stock,Consumer Discretionary
HTZWW,Hertz Global Holdings Inc Warrant,Consumer Discretionary
HUBC,Hub Cyber Security Ltd. Ordinary Shares,Telecommunications
HUBCW,Hub Cyber Security Ltd. Warrant 2/27/28,Telecommunications
HUBG,Hub Group Inc. Class A Common Stock,Consumer Discretionary
HUDA,Hudson Acquisition I Corp. Common Stock,Finance
HUDI,Huadi International Group Co. Ltd. Ordinary Shares,Industrials
HUGE,FSD Pharma Inc. Class B Subordinate Voting Shares,Health Care
HUIZ,Huize Holding Limited American Depositary Shares,Finance
HUMA,Humacyte Inc. Common Stock,Health Care
HUMAW,Humacyte Inc. Warrant,Health Care
HURC,Hurco Companies Inc. Common Stock,Industrials
HURN,Huron Consulting Group Inc. Common Stock,Consumer Discretionary
HUT,Hut 8 Corp. Common Stock,Finance
HWBK,Hawthorn Bancshares Inc. Common Stock,Finance
HWC,Hancock Whitney Corporation Common Stock,Finance
HWCPZ,Hancock Whitney Corporation 6.25% Subordinated Notes due 2060,Finance
HWH,HWH International Inc. Common Stock,Health Care
HWKN,Hawkins Inc. Common Stock,Consumer Discretionary
HYFM,Hydrofarm Holdings Group Inc. Common Stock,Consumer Discretionary
HYMC,Hycroft Mining Holding Corporation Class A Common Stock,Basic Materials
HYMCL,Hycroft Mining Holding Corporation Warrants,Basic Materials
HYMCW,Hycroft Mining Holding Corporation  Warrant,Basic Materials
HYPR,Hyperfine Inc. Class A Common Stock,Health Care
HYW,Hywin Holdings Ltd. American Depositary Shares,Finance
HYZN,Hyzon Motors Inc. Class A Common Stock,Energy
HYZNW,Hyzon Motors Inc. Warrants,Energy
IAC,IAC Inc. Common Stock,Technology
IART,Integra LifeSciences Holdings Corporation Common Stock,Health Care
IAS,Integral Ad Science Holding Corp. Common Stock,Technology
IBAC,IB Acquisition Corp. Common Stock,
IBACR,IB Acquisition Corp. Right,
IBCP,Independent Bank Corporation Common Stock,Finance
IBEX,IBEX Limited Common Shares,Technology
IBKR,Interactive Brokers Group Inc. Class A Common Stock,Finance
IBOC,International Bancshares Corporation Common Stock,Finance
IBRX,ImmunityBio Inc. Common Stock,Health Care
IBTX,Independent Bank Group Inc Common Stock,Finance
ICAD,iCAD Inc. Common Stock,Health Care
ICCC,ImmuCell Corporation Common Stock,Health Care
ICCH,ICC Holdings Inc. Common Stock,Finance
ICCM,IceCure Medical Ltd. Ordinary Shares,Health Care
ICCT,iCoreConnect Inc. Common stock,Technology
ICFI,ICF International Inc. Common Stock,Consumer Discretionary
ICG,Intchains Group Limited American Depositary Shares,Technology
ICHR,Ichor Holdings Ordinary Shares,Technology
ICLK,iClick Interactive Asia Group Limited American Depositary Shares,Technology
ICLR,ICON plc Ordinary Shares,Health Care
ICMB,Investcorp Credit Management BDC Inc. Common Stock,Finance
ICU,SeaStar Medical Holding Corporation Common Stock,Health Care
ICUCW,SeaStar Medical Holding Corporation Warrant,Health Care
ICUI,ICU Medical Inc. Common Stock,Health Care
IDAI,T Stamp Inc. Class A Common Stock,Technology
IDCC,InterDigital Inc. Common Stock,Miscellaneous
IDEX,Ideanomics Inc. Common Stock,Consumer Discretionary
IDN,Intellicheck Inc. Common Stock,Technology
IDXX,IDEXX Laboratories Inc. Common Stock,Health Care
IDYA,IDEAYA Biosciences Inc. Common Stock,Health Care
IEP,Icahn Enterprises L.P. Common Stock,Consumer Discretionary
IESC,IES Holdings Inc. Common Stock,Industrials
IFBD,Infobird Co. Ltd Ordinary Shares,Technology
IFRX,InflaRx N.V. Common Stock,Health Care
IGIC,International General Insurance Holdings Ltd. Ordinary Share,Finance
IGMS,IGM Biosciences Inc. Common Stock,Health Care
IGTA,Inception Growth Acquisition Limited Common Stock,Finance
IGTAR,Inception Growth Acquisition Limited Rights,Finance
IGTAU,Inception Growth Acquisition Limited Unit,Finance
IGTAW,Inception Growth Acquisition Limited Warrants,Finance
IHRT,iHeartMedia Inc. Class A Common Stock,Consumer Discretionary
III,Information Services Group Inc. Common Stock,Consumer Discretionary
IIIV,i3 Verticals Inc. Class A Common Stock,Consumer Discretionary
IINN,Inspira Technologies Oxy B.H.N. Ltd. Ordinary Shares,Health Care
IINNW,Inspira Technologies Oxy B.H.N. Ltd. Warrant,Health Care
IKNA,Ikena Oncology Inc. Common Stock,Health Care
IKT,Inhibikase Therapeutics Inc. Common Stock,Health Care
ILAG,Intelligent Living Application Group Inc. Ordinary Shares,Consumer Discretionary
ILMN,Illumina Inc. Common Stock,Health Care
ILPT,Industrial Logistics Properties Trust Common Shares of Beneficial Interest,Real Estate
IMAB,I-MAB American Depositary Shares,Health Care
IMAQ,International Media Acquisition Corp. Class A Common Stock,Consumer Discretionary
IMAQR,International Media Acquisition Corp. Rights,Consumer Discretionary
IMCC,IM Cannabis Corp. Common Shares,Health Care
IMCR,Immunocore Holdings plc American Depositary Shares,Health Care
IMKTA,Ingles Markets Incorporated Class A Common Stock,Consumer Staples
IMMP,Immutep Limited American Depositary Shares,Health Care
IMMR,Immersion Corporation Common Stock,Technology
IMMX,Immix Biopharma Inc. Common Stock,Health Care
IMNM,Immunome Inc. Common Stock,Health Care
IMNN,Imunon Inc. Common Stock,Health Care
IMOS,ChipMOS TECHNOLOGIES INC. American Depositary Shares,Technology
IMPP,Imperial Petroleum Inc. Common Shares,Consumer Discretionary
IMPPP,Imperial Petroleum Inc. 8.75% Series A Cumulative Redeemable Perpetual Preferred Shares,Consumer Discretionary
IMRN,Immuron Limited American Depositary Shares,Health Care
IMRX,Immuneering Corporation Class A Common Stock,Health Care
IMTE,Integrated Media Technology Limited Ordinary Shares,Consumer Staples
IMTX,Immatics N.V. Ordinary Shares,Health Care
IMTXW,Immatics N.V. Warrants,Health Care
IMUX,Immunic Inc. Common Stock,Health Care
IMVT,Immunovant Inc. Common Stock,Health Care
IMXI,International Money Express Inc. Common Stock,Consumer Discretionary
INAB,IN8bio Inc. Common Stock,Health Care
INAQ,Insight Acquisition Corp. Class A Common Stock,Finance
INAQW,Insight Acquisition Corp. Warrant,Finance
INBK,First Internet Bancorp Common Stock,Finance
INBKZ,First Internet Bancorp 6.0% Fixed-to-Floating Rate Subordinated Notes Due 2029,Finance
INBS,Intelligent Bio Solutions Inc. Common Stock,Health Care
INCR,Intercure Ltd. Ordinary Shares,Health Care
INCY,Incyte Corp. Common Stock,Health Care
INDB,Independent Bank Corp. Common Stock,Finance
INDI,indie Semiconductor Inc. Class A Common Stock,Technology
INDP,Indaptus Therapeutics Inc. Common Stock,Health Care
INDV,Indivior PLC Ordinary Shares,Health Care
INFN,Infinera Corporation Common Stock,Utilities
INGN,Inogen Inc Common Stock,Health Care
INHD,Inno Holdings Inc. Common Stock,Industrials
INKT,MiNK Therapeutics Inc. Common Stock,Health Care
INM,InMed Pharmaceuticals Inc. Common Shares,Health Care
INMB,INmune Bio Inc. Common stock,Health Care
INMD,InMode Ltd. Ordinary Shares,Health Care
INNV,InnovAge Holding Corp. Common Stock,Health Care
INO,Inovio Pharmaceuticals Inc. Common Stock,Health Care
INOD,Innodata Inc. Common Stock,Technology
INSE,Inspired Entertainment Inc. Common Stock,Technology
INSG,Inseego Corp. Common Stock,Telecommunications
INSM,Insmed Incorporated Common Stock,Health Care
INTA,Intapp Inc. Common Stock,Technology
INTC,Intel Corporation Common Stock,Technology
INTG,Intergroup Corporation (The) Common Stock,Real Estate
INTJ,Intelligent Group Limited Ordinary Shares,
INTR,Inter & Co. Inc. Class A Common Shares,Finance
INTS,Intensity Therapeutics Inc. Common stock,Health Care
INTU,Intuit Inc. Common Stock,Technology
INTZ,Intrusion Inc. Common Stock,Telecommunications
INVA,Innoviva Inc. Common Stock,Health Care
INVE,Identiv Inc. Common Stock,Technology
INVO,INVO BioScience Inc. Common Stock,Health Care
INVZ,Innoviz Technologies Ltd. Ordinary shares,Consumer Discretionary
INZY,Inozyme Pharma Inc. Common Stock,Health Care
IOBT,IO Biotech Inc. Common Stock,Health Care
IONM,Assure Holdings Corp. Common Stock,Health Care
IONR,ioneer Ltd American Depositary Shares,Industrials
IONS,Ionis Pharmaceuticals Inc. Common Stock,Health Care
IOSP,Innospec Inc. Common Stock,Industrials
IOVA,Iovance Biotherapeutics Inc. Common Stock,Health Care
IPA,ImmunoPrecise Antibodies Ltd. Common Stock,Health Care
IPAR,Inter Parfums Inc. Common Stock,Consumer Discretionary
IPDN,Professional Diversity Network Inc. Common Stock,Technology
IPGP,IPG Photonics Corporation Common Stock,Technology
IPHA,Innate Pharma S.A. ADS,Health Care
IPSC,Century Therapeutics Inc. Common Stock,Health Care
IPW,iPower Inc. Common Stock,Consumer Discretionary
IPWR,Ideal Power Inc. Common Stock,Industrials
IPX,IperionX Limited American Depositary Share,Basic Materials
IPXX,Inflection Point Acquisition Corp. II Class A Ordinary Share,Finance
IQ,iQIYI Inc. American Depositary Shares,Consumer Discretionary
IRAA,Iris Acquisition Corp Class A Common Stock,Finance
IRBT,iRobot Corporation Common Stock,Consumer Discretionary
IRDM,Iridium Communications Inc Common Stock,Telecommunications
IREN,Iris Energy Limited Ordinary Shares,Technology
IRIX,IRIDEX Corporation Common Stock,Health Care
IRMD,iRadimed Corporation Common Stock,Health Care
IROH,Iron Horse Acquisitions Corp. Common Stock,
IROHU,Iron Horse Acquisitions Corp. Unit,
IROHW,Iron Horse Acquisitions Corp. Warrant,
IRON,Disc Medicine Inc. Common Stock,Health Care
IROQ,IF Bancorp Inc. Common Stock,Finance
IRTC,iRhythm Technologies Inc. Common Stock,Health Care
IRWD,Ironwood Pharmaceuticals Inc. Class A Common Stock,Health Care
ISPC,iSpecimen Inc. Common Stock,Health Care
ISPO,Inspirato Incorporated Class A Common Stock,Finance
ISPOW,Inspirato Incorporated Warrant,Finance
ISPR,Ispire Technology Inc. Common Stock,Health Care
ISRG,Intuitive Surgical Inc. Common Stock,Health Care
ISRL,Israel Acquisitions Corp Class A Ordinary Shares,Finance
ISRLW,Israel Acquisitions Corp Warrant,Finance
ISSC,Innovative Solutions and Support Inc. Common Stock,Technology
ISTR,Investar Holding Corporation Common Stock,Finance
ITCI,Intra-Cellular Therapies Inc. Common Stock,Health Care
ITI,Iteris Inc. Common Stock,Telecommunications
ITIC,Investors Title Company Common Stock,Finance
ITOS,iTeos Therapeutics Inc. Common Stock,Health Care
ITRI,Itron Inc. Common Stock,Industrials
ITRM,Iterum Therapeutics plc Ordinary Share,Health Care
ITRN,Ituran Location and Control Ltd. Ordinary Shares,Technology
IVA,Inventiva S.A. American Depository Shares,Health Care
IVAC,Intevac Inc. Common Stock,Technology
IVCA,Investcorp India Acquisition Corp. Class A Ordinary Share,Finance
IVCAW,Investcorp India Acquisition Corp. Warrant,Finance
IVCB,Investcorp Europe Acquisition Corp I Class A Ordinary Shares,Finance
IVCBW,Investcorp Europe Acquisition Corp I Warrant,Finance
IVDA,Iveda Solutions Inc. Common Stock,Technology
IVP,Inspire Veterinary Partners Inc. Class A Common Stock,Consumer Staples
IVVD,Invivyd Inc. Common Stock,Health Care
IXAQ,IX Acquisition Corp. Class A Ordinary Share,Finance
IXHL,Incannex Healthcare Inc. Common Stock,Health Care
IZEA,IZEA Worldwide Inc. Common Stock,Consumer Discretionary
IZM,ICZOOM Group Inc. Class A Ordinary Shares,Consumer Discretionary
JACK,Jack In The Box Inc. Common Stock,Consumer Discretionary
JAGX,Jaguar Health Inc. Common Stock,Health Care
JAKK,JAKKS Pacific Inc. Common Stock,Consumer Discretionary
JAMF,Jamf Holding Corp. Common Stock,Technology
JAN,JanOne Inc. Common Stock (NV),Consumer Discretionary
JANX,Janux Therapeutics Inc. Common Stock,Health Care
JAZZ,Jazz Pharmaceuticals plc Common Stock (Ireland),Health Care
JBHT,J.B. Hunt Transport Services Inc. Common Stock,Industrials
JBLU,JetBlue Airways Corporation Common Stock,Consumer Discretionary
JBSS,John B. Sanfilippo & Son Inc. Common Stock,Consumer Staples
JCSE,JE Cleantech Holdings Limited Ordinary Shares,Consumer Discretionary
JCTCF,Jewett-Cameron Trading Company Common Shares,
JD,JD.com Inc. American Depositary Shares,Consumer Discretionary
JDZG,JIADE LIMITED Common stock,Real Estate
JEWL,Adamas One Corp. Common Stock,Consumer Discretionary
JFBR,Jeffs' Brands Ltd Ordinary Shares,Consumer Discretionary
JFBRW,Jeffs' Brands Ltd Warrant,Consumer Discretionary
JFIN,Jiayin Group Inc. American Depositary Shares,Finance
JFU,9F Inc. American Depositary Shares,Finance
JG,Aurora Mobile Limited American Depositary Shares,Technology
JJSF,J & J Snack Foods Corp. Common Stock,Consumer Staples
JKHY,Jack Henry & Associates Inc. Common Stock,Technology
JL,J-Long Group Limited Ordinary Shares,Consumer Discretionary
JMSB,John Marshall Bancorp Inc. Common Stock,Finance
JNVR,Janover Inc. Common Stock,Finance
JOUT,Johnson Outdoors Inc. Class A Common Stock,Consumer Discretionary
JRSH,Jerash Holdings (US) Inc. Common Stock,Consumer Discretionary
JRVR,James River Group Holdings Ltd. Common Shares,Finance
JSM,Navient Corporation 6% Senior Notes due December 15 2043,Finance
JSPR,Jasper Therapeutics Inc. Common Stock,Health Care
JSPRW,Japer Therapeutics Inc. Warrants,Health Care
JTAI,Jet.AI Inc. Common Stock,Consumer Discretionary
JTAIW,Jet.AI Inc. Warrant,Consumer Discretionary
JTAIZ,Jet.AI Inc. Merger Consideration Warrants,Consumer Discretionary
JUNE,Junee Limited Ordinary Shares,
JVA,Coffee Holding Co. Inc. Common Stock,Consumer Staples
JVSA,JV SPAC Acquisition Corp. Class A Ordinary Share,
JVSAU,JVSPAC Acquisition Corp. Unit,
JWEL,Jowell Global Ltd. Ordinary Shares,Consumer Discretionary
JXJT,JX Luxventure Limited Common Stock,Consumer Staples
JYD,Jayud Global Logistics Limited Class A Ordinary Shares,Consumer Discretionary
JYNT,The Joint Corp. Common Stock,Miscellaneous
JZ,Jianzhi Education Technology Group Company Limited American Depositary Shs,Real Estate
JZXN,Jiuzi Holdings Inc. Ordinary Shares,Consumer Discretionary
KA,Kineta Inc. Common Stock,Health Care
KACLR,Kairous Acquisition Corp. Limited Rights,Finance
KACLW,Kairous Acquisition Corp. Limited Warrants,Finance
KALA,KALA BIO Inc. Common Stock,Health Care
KALU,Kaiser Aluminum Corporation Common Stock,Industrials
KALV,KalVista Pharmaceuticals Inc. Common Stock,Health Care
KARO,Karooooo Ltd. Ordinary Shares,Technology
KAVL,Kaival Brands Innovations Group Inc. Common Stock,Consumer Discretionary
KC,Kingsoft Cloud Holdings Limited American Depositary Shares,Technology
KDP,Keurig Dr Pepper Inc. Common Stock,Consumer Staples
KE,Kimball Electronics Inc. Common Stock,Technology
KELYA,Kelly Services Inc. Class A Common Stock,Consumer Discretionary
KELYB,Kelly Services Inc. Class B Common Stock,Consumer Discretionary
KEQU,Kewaunee Scientific Corporation Common Stock,Industrials
KFFB,Kentucky First Federal Bancorp Common Stock,Finance
KGEI,Kolibri Global Energy Inc. Common stock,
KHC,The Kraft Heinz Company Common Stock,Consumer Staples
KIDS,OrthoPediatrics Corp. Common Stock,Health Care
KINS,Kingstone Companies Inc. Common Stock,Finance
KIRK,Kirkland's Inc. COMMONSTOCK,Consumer Discretionary
KITT,Nauticus Robotics Inc. Common stock,Industrials
KITTW,Nauticus Robotics Inc. Warrant,Industrials
KLAC,KLA Corporation Common Stock,Technology
KLIC,Kulicke and Soffa Industries Inc. Common Stock,Technology
KLTR,Kaltura Inc. Common Stock,Technology
KLXE,KLX Energy Services Holdings Inc. Common Stock,Energy
KMDA,Kamada Ltd. Ordinary Shares,Health Care
KNDI,Kandi Technologies Group Inc. Ordinary Shares,Consumer Discretionary
KNSA,Kiniksa Pharmaceuticals Ltd. Class A Common Stock,Health Care
KOD,Kodiak Sciences Inc Common Stock,Health Care
KOPN,Kopin Corporation Common Stock,Technology
KOSS,Koss Corporation Common Stock,Consumer Staples
KPLT,Katapult Holdings Inc. Common Stock,Consumer Discretionary
KPLTW,Katapult Holdings Inc. Warrant,Consumer Discretionary
KPRX,Kiora Pharmaceuticals Inc.  Common Stock,Health Care
KPTI,Karyopharm Therapeutics Inc. Common Stock,Health Care
KRKR,36Kr Holdings Inc. American Depositary Shares,Consumer Discretionary
KRMD,KORU Medical Systems Inc. Common Stock (DE),Health Care
KRNL,Kernel Group Holdings Inc. Class A Ordinary Shares,Finance
KRNLW,Kernel Group Holdings Inc. Warrants,Finance
KRNT,Kornit Digital Ltd. Ordinary Shares,Industrials
KRNY,Kearny Financial Corp Common Stock,Finance
KRON,Kronos Bio Inc. Common Stock,Health Care
KROS,Keros Therapeutics Inc. Common Stock,Health Care
KRRO,Korro Bio Inc. Common Stock,Health Care
KRT,Karat Packaging Inc. Common Stock,Industrials
KRUS,Kura Sushi USA Inc. Class A Common Stock,Consumer Discretionary
KRYS,Krystal Biotech Inc. Common Stock,Health Care
KSCP,Knightscope Inc. Class A Common Stock,Telecommunications
KSPI,Joint Stock Company Kaspi.kz American Depository Shares,
KTCC,Key Tronic Corporation Common Stock,Technology
KTOS,Kratos Defense & Security Solutions Inc. Common Stock,Industrials
KTRA,Kintara Therapeutics Inc. Common Stock,Health Care
KTTA,Pasithea Therapeutics Corp. Common Stock,Health Care
KURA,Kura Oncology Inc. Common Stock,Health Care
KVAC,Keen Vision Acquisition Corporation Ordinary Shares,
KVHI,KVH Industries Inc. Common Stock,Technology
KWE,KWESST Micro Systems Inc. Common Stock,Technology
KWESW,KWESST Micro Systems Inc. Warrant,
KXIN,Kaixin Holdings Ordinary Shares,Consumer Discretionary
KYMR,Kymera Therapeutics Inc. Common Stock,Health Care
KYTX,Kyverna Therapeutics Inc. Common Stock,Health Care
KZIA,Kazia Therapeutics Limited American Depositary Shares,Health Care
KZR,Kezar Life Sciences Inc. Common Stock,Health Care
LAB,Standard BioTools Inc. Common Stock,Industrials
LAES,SEALSQ Corp Ordinary Shares,Technology
LAKE,Lakeland Industries Inc. Common Stock,Health Care
LAMR,Lamar Advertising Company Class A Common Stock,Real Estate
LANC,Lancaster Colony Corporation Common Stock,Consumer Staples
LAND,Gladstone Land Corporation Common Stock,Real Estate
LANDM,Gladstone Land Corporation 5.00% Series D Cumulative Term Preferred Stock,Real Estate
LANDO,Gladstone Land Corporation 6.00% Series B Cumulative Redeemable Preferred Stock,Real Estate
LANDP,Gladstone Land Corporation 6.00% Series C Cumulative Redeemable Preferred Stock,Real Estate
LARK,Landmark Bancorp Inc. Common Stock,Finance
LASE,Laser Photonics Corporation Common Stock,Miscellaneous
LASR,nLIGHT Inc. Common Stock,Technology
LATG,Chenghe Acquisition I Co. Class A Ordinary Shares,Finance
LATGU,Chenghe Acquisition I Co. Unit,Finance
LAUR,Laureate Education Inc. Common Stock,Real Estate
LAZR,Luminar Technologies Inc.  Class A Common Stock,Consumer Discretionary
LBPH,Longboard Pharmaceuticals Inc. Common Stock,Health Care
LBRDA,Liberty Broadband Corporation Class A Common Stock,Telecommunications
LBRDK,Liberty Broadband Corporation Class C Common Stock,Telecommunications
LBRDP,Liberty Broadband Corporation Series A Cumulative Redeemable Preferred Stock,Telecommunications
LBTYA,Liberty Global Ltd. Class A Common Shares,Telecommunications
LBTYB,Liberty Global Ltd. Class B Common Shares,Telecommunications
LBTYK,Liberty Global Ltd. Class C Common Shares,Telecommunications
LCFY,Locafy Limited Ordinary Share,Technology
LCID,Lucid Group Inc. Common Stock,Consumer Discretionary
LCNB,LCNB Corporation Common Stock,Finance
LCUT,Lifetime Brands Inc. Common Stock,Consumer Discretionary
LDTC,LeddarTech Holdings Inc. Common Shares,Technology
LDTCW,LeddarTech Holdings Inc. Warrants,Technology
LDWY,Lendway Inc. Common Stock (DE),Consumer Discretionary
LE,Lands' End Inc. Common Stock,Consumer Discretionary
LECO,Lincoln Electric Holdings Inc. Common Shares,Industrials
LEDS,SemiLEDS Corporation Common Stock,Technology
LEE,Lee Enterprises Incorporated Common Stock,Consumer Discretionary
LEGH,Legacy Housing Corporation Common Stock (TX),Consumer Discretionary
LEGN,Legend Biotech Corporation American Depositary Shares,Health Care
LENZ,LENZ Therapeutics Inc. Common Stock,Health Care
LESL,Leslie's Inc. Common Stock,Consumer Discretionary
LEXX,Lexaria Bioscience Corp. Common Stock,Health Care
LEXXW,Lexaria Bioscience Corp. Warrant,Health Care
LFCR,Lifecore Biomedical Inc. Common Stock,Health Care
LFLY,Leafly Holdings Inc. Common Stock,Technology
LFLYW,Leafly Holdings Inc. Warrant,Technology
LFMD,LifeMD Inc. Common Stock,Health Care
LFMDP,LifeMD Inc. 8.875% Series A Cumulative Perpetual Preferred Stock,Health Care
LFST,LifeStance Health Group Inc. Common Stock,Health Care
LFUS,Littelfuse Inc. Common Stock,Energy
LFVN,Lifevantage Corporation Common Stock (Delaware),Health Care
LFWD,ReWalk Robotics Ltd. Ordinary Shares,Health Care
LGCB,Linkage Global Inc Ordinary Shares,Consumer Discretionary
LGCL,Lucas GC Limited Ordinary Shares,Technology
LGHL,Lion Group Holding Ltd. American Depositary Share,Finance
LGHLW,Lion Group Holding Ltd. Warrant,Finance
LGIH,LGI Homes Inc. Common Stock,Consumer Discretionary
LGMK,LogicMark Inc. Common Stock (NV),Health Care
LGND,Ligand Pharmaceuticals Incorporated Common Stock,Health Care
LGO,Largo Inc. Common Shares,Industrials
LGVN,Longeveron Inc. Class A Common Stock,Health Care
LI,Li Auto Inc. American Depositary Shares,Consumer Discretionary
LICN,Lichen China Limited Class A Ordinary Shares,Consumer Discretionary
LIDR,AEye Inc. Class A Common Stock,Consumer Discretionary
LIDRW,AEye Inc. Warrant,Consumer Discretionary
LIFE,aTyr Pharma Inc. Common Stock,Health Care
LIFW,MSP Recovery Inc. Class A Common Stock,Technology
LIFWW,MSP Recovery Inc. Warrant,Technology
LILA,Liberty Latin America Ltd. Class A Common Stock,Telecommunications
LILAK,Liberty Latin America Ltd. Class C Common Stock,Telecommunications
LILM,Lilium NV Class A Ordinary Shares,Industrials
LILMW,Lilium N.V. Warrants,Industrials
LIN,Linde plc Ordinary Shares,Industrials
LINC,Lincoln Educational Services Corporation Common Stock,Real Estate
LIND,Lindblad Expeditions Holdings Inc. Common Stock,Consumer Discretionary
LINK,Interlink Electronics Inc. Common Stock,Technology
LION,Lionsgate Studios Corp. Common Shares,Consumer Discretionary
LIPO,Lipella Pharmaceuticals Inc. Common Stock,Health Care
LIQT,LiqTech International Inc. Common Stock,Technology
LITE,Lumentum Holdings Inc. Common Stock,Telecommunications
LITM,Snow Lake Resources Ltd. Common Shares,Basic Materials
LIVE,Live Ventures Incorporated Common Stock,Consumer Discretionary
LIVN,LivaNova PLC Ordinary Shares,Health Care
LIXT,Lixte Biotechnology Holdings Inc. Common Stock,Health Care
LKCO,Luokung Technology Corp Ordinary Shares,Technology
LKFN,Lakeland Financial Corporation Common Stock,Finance
LKQ,LKQ Corporation Common Stock,Consumer Discretionary
LLYVA,Liberty Media Corporation Series A Liberty Live Common Stock,Industrials
LLYVK,Liberty Media Corporation Series C Liberty Live Common Stock,Industrials
LMAT,LeMaitre Vascular Inc. Common Stock,Health Care
LMB,Limbach Holdings Inc. Common Stock,Consumer Discretionary
LMFA,LM Funding America Inc. Common Stock,Finance
LMNR,Limoneira Co Common Stock,Consumer Staples
LNKB,LINKBANCORP Inc. Common Stock,Finance
LNSR,LENSAR Inc. Common Stock,Health Care
LNT,Alliant Energy Corporation Common Stock,Utilities
LNTH,Lantheus Holdings Inc. Common Stock,Health Care
LNW,Light & Wonder Inc. Common Stock,Technology
LNZA,LanzaTech Global Inc. Common Stock,Industrials
LNZAW,LanzaTech Global Inc. Warrant,Industrials
LOAN,Manhattan Bridge Capital Inc,Real Estate
LOBO,LOBO EV TECHNOLOGIES LTD. Ordinary shares,Consumer Discretionary
LOCO,El Pollo Loco Holdings Inc. Common Stock,Consumer Discretionary
LOGC,ContextLogic Inc. Class A Common Stock,Consumer Discretionary
LOGI,Logitech International S.A. Ordinary Shares,Technology
LOOP,Loop Industries Inc. Common Stock,Industrials
LOPE,Grand Canyon Education Inc. Common Stock,Real Estate
LOT,Lotus Technology Inc. American Depositary Shares,
LOTWW,Lotus Technology Inc. Warrants,Consumer Discretionary
LOVE,The Lovesac Company Common Stock,Consumer Discretionary
LPCN,Lipocine Inc. Common Stock,Health Care
LPLA,LPL Financial Holdings Inc. Common Stock,Finance
LPRO,Open Lending Corporation Common Stock,Finance
LPSN,LivePerson Inc. Common Stock,Technology
LPTH,LightPath Technologies Inc. Class A Common Stock,Technology
LPTX,Leap Therapeutics Inc. Common Stock,Health Care
LQDA,Liquidia Corporation Common Stock,Health Care
LQDT,Liquidity Services Inc. Common Stock,Consumer Discretionary
LQR,LQR House Inc. Common Stock,Consumer Staples
LRCX,Lam Research Corporation Common Stock,Technology
LRE,Lead Real Estate Co. Ltd American Depositary Shares,Consumer Discretionary
LRFC,Logan Ridge Finance Corporation Common Stock,Finance
LRHC,La Rosa Holdings Corp. Common Stock,Finance
LRMR,Larimar Therapeutics Inc. Common Stock,Health Care
LSAK,Lesaka Technologies Inc. Common Stock,Finance
LSB,LakeShore Biopharma Co. Ltd Ordinary Shares,Health Care
LSBK,Lake Shore Bancorp Inc. Common Stock,Finance
LSBPW,LakeShore Biopharma Co. Ltd Warrants,Health Care
LSCC,Lattice Semiconductor Corporation Common Stock,Technology
LSDI,Lucy Scientific Discovery Inc. Common Stock,Health Care
LSEA,Landsea Homes Corporation Common Stock,Consumer Discretionary
LSEAW,Landsea Homes Corporation Warrant,Consumer Discretionary
LSTA,Lisata Therapeutics Inc. Common Stock,Health Care
LSTR,Landstar System Inc. Common Stock,Industrials
LSXMA,Liberty Media Corporation Series A Liberty SiriusXM Common Stock,Consumer Discretionary
LSXMB,Liberty Media Corporation Series B Liberty SiriusXM Common Stock,Industrials
LSXMK,Liberty Media Corporation Series C Liberty SiriusXM Common Stock,Industrials
LTBR,Lightbridge Corporation Common Stock,Consumer Discretionary
LTRN,Lantern Pharma Inc. Common Stock,Health Care
LTRX,Lantronix Inc. Common Stock,Telecommunications
LTRY,Lottery.com Inc. Common Stock,Technology
LTRYW,Lottery.com Inc. Warrants,Technology
LUCD,Lucid Diagnostics Inc. Common Stock,Health Care
LUCY,Innovative Eyewear Inc. Common Stock,Health Care
LUCYW,Innovative Eyewear Inc. Series A Warrants 8/16/27,Health Care
LULU,lululemon athletica inc. Common Stock,Consumer Discretionary
LUMO,Lumos Pharma Inc. Common Stock,Health Care
LUNA,Luna Innovations Incorporated Common Stock,Health Care
LUNG,Pulmonx Corporation Common Stock,Health Care
LUNR,Intuitive Machines Inc. Class A Common Stock,Industrials
LUNRW,Intuitive Machines Inc. Warrants,Industrials
LUXH,LuxUrban Hotels Inc. Common Stock,Finance
LUXHP,LuxUrban Hotels Inc. 13.00% Series A Cumulative Redeemable Preferred Stock,Finance
LVLU,Lulu's Fashion Lounge Holdings Inc. Common Stock,Consumer Discretionary
LVO,LiveOne Inc. Common Stock,Consumer Discretionary
LVRO,Lavoro Limited Class A Ordinary Shares,Consumer Discretionary
LVTX,LAVA Therapeutics N.V. Ordinary Shares,Health Care
LWAY,Lifeway Foods Inc. Common Stock,Consumer Staples
LWLG,Lightwave Logic Inc. Common Stock,Industrials
LX,LexinFintech Holdings Ltd. American Depositary Shares,Finance
LXEH,Lixiang Education Holding Co. Ltd. American Depositary Shares,Real Estate
LXEO,Lexeo Therapeutics Inc. Common Stock,Health Care
LXRX,Lexicon Pharmaceuticals Inc. Common Stock,Health Care
LYEL,Lyell Immunopharma Inc. Common Stock,Health Care
LYFT,Lyft Inc. Class A Common Stock,Consumer Discretionary
LYRA,Lyra Therapeutics Inc. Common Stock,Health Care
LYT,Lytus Technologies Holdings PTV. Ltd. Common Shares,Technology
LYTS,LSI Industries Inc. Common Stock,Consumer Discretionary
LZ,LegalZoom.com Inc. Common Stock,Technology
MACA,Moringa Acquisition Corp Class A Ordinary Shares,Finance
MACAW,Moringa Acquisition Corp Warrant,Finance
MAMA,Mama's Creations Inc. Common Stock,Consumer Staples
MAMO,Massimo Group Common Stock,Consumer Discretionary
MANH,Manhattan Associates Inc. Common Stock,Technology
MAPS,WM Technology Inc. Class A Common Stock,Technology
MAPSW,WM Technology Inc. Warrants,Technology
MAQC,Maquia Capital Acquisition Corporation Class A Common Stock,Finance
MAR,Marriott International Class A Common Stock,Consumer Discretionary
MARA,Marathon Digital Holdings Inc. Common Stock,Technology
MARPS,Marine Petroleum Trust Units of Beneficial Interest,Energy
MARX,Mars Acquisition Corp. Ordinary Shares,Finance
MASI,Masimo Corporation Common Stock,Health Care
MASS,908 Devices Inc. Common Stock,Industrials
MAT,Mattel Inc. Common Stock,Consumer Discretionary
MATH,Metalpha Technology Holding Limited Ordinary Shares,Finance
MATW,Matthews International Corporation Class A Common Stock,Telecommunications
MAXN,Maxeon Solar Technologies Ltd. Ordinary Shares,Technology
MAYS,J. W. Mays Inc. Common Stock,Real Estate
MBCN,Middlefield Banc Corp. Common Stock,Finance
MBIN,Merchants Bancorp Common Stock,Finance
MBINM,Merchants Bancorp Depositary Shares Each Representing a 1/40th Interest in a Share of 8.25% Fixed-Rate Reset Series D Non-Cumulative Perpetual Preferred Stock,Finance
MBINN,Merchants Bancorp Depositary Shares Preferred Series C,Finance
MBINO,Merchants Bancorp Depositary Shares Each Representing a 1/40th Interest in a Share of Series B  Fixed-to-Floating Rate,Finance
MBIO,Mustang Bio Inc. Common Stock,Health Care
MBLY,Mobileye Global Inc. Class A Common Stock,Technology
MBNKP,Medallion Bank Fixed-to-Floating Rate Non-Cumulative Perpetual Preferred Stock Series F,Finance
MBOT,Microbot Medical Inc. Common Stock,Health Care
MBRX,Moleculin Biotech Inc. Common Stock,Health Care
MBUU,Malibu Boats Inc. Class A Common Stock,Industrials
MBWM,Mercantile Bank Corporation Common Stock,Finance
MCAA,Mountain & Co. I Acquisition Corp. Class A Ordinary Shares,Finance
MCAC,Monterey Capital Acquisition Corporation Class A Common Stock,Finance
MCACR,Monterey Capital Acquisition Corporation Rights,Finance
MCBC,Macatawa Bank Corporation Common Stock,Finance
MCBS,MetroCity Bankshares Inc. Common Stock,Finance
MCFT,MasterCraft Boat Holdings Inc. Common Stock,Industrials
MCHP,Microchip Technology Incorporated Common Stock,Technology
MCHX,Marchex Inc. Class B Common Stock,Consumer Discretionary
MCRB,Seres Therapeutics Inc. Common Stock,Health Care
MCRI,Monarch Casino & Resort Inc. Common Stock,Consumer Discretionary
MCVT,Mill City Ventures III Ltd. Common Stock,Finance
MDAI,Spectral AI Inc. Class A Common Stock,Health Care
MDAIW,Spectral AI Inc. Warrants,Health Care
MDB,MongoDB Inc. Class A Common Stock,Technology
MDBH,MDB Capital Holdings LLC Class A common,Finance
MDGL,Madrigal Pharmaceuticals Inc. Common Stock,Health Care
MDIA,Mediaco Holding Inc. Class A Common Stock,Consumer Discretionary
MDJH,MDJM LTD Ordinary Share,Finance
MDLZ,Mondelez International Inc. Class A Common Stock,Consumer Staples
MDRR,Medalist Diversified REIT Inc. Common Stock,Real Estate
MDRRP,Medalist Diversified REIT Inc. Series A Cumulative Redeemable Preferred Stock,Real Estate
MDWD,MediWound Ltd. Ordinary Shares,Health Care
MDXG,MiMedx Group Inc Common Stock,Health Care
MDXH,MDxHealth SA Ordinary Shares,Health Care
ME,23andMe Holding Co. Class A Common Stock,Health Care
MEDP,Medpace Holdings Inc. Common Stock,Health Care
MEDS,TRxADE HEALTH Inc. Common Stock,Health Care
MEGL,Magic Empire Global Limited Ordinary Shares,Finance
MEIP,MEI Pharma Inc. Common Stock,Health Care
MELI,MercadoLibre Inc. Common Stock,Consumer Discretionary
MEOH,Methanex Corporation Common Stock,Industrials
MERC,Mercer International Inc. Common Stock,Basic Materials
MESA,Mesa Air Group Inc. Common Stock,Consumer Discretionary
MESO,Mesoblast Limited American Depositary Shares,Health Care
META,Meta Platforms Inc. Class A Common Stock,Technology
METC,Ramaco Resources Inc. Class A Common Stock,Energy
METCB,Ramaco Resources Inc. Class B Common Stock,Energy
METCL,Ramaco Resources Inc. 9.00% Senior Notes due 2026,Energy
MFH,Mercurity Fintech Holding Inc. Ordinary Shares,Finance
MFI,mF International Limited Ordinary Shares,Technology
MFIC,MidCap Financial Investment Corporation Common Stock,Finance
MFICL,MidCap Financial Investment Corporation 8.00% Notes due 2028,Finance
MFIN,Medallion Financial Corp. Common Stock,Finance
MGEE,MGE Energy Inc,Utilities
MGIC,Magic Software Enterprises Ltd. Ordinary Shares,Technology
MGIH,Millennium Group International Holdings Limited Ordinary Shares,Consumer Discretionary
MGNI,Magnite Inc. Common Stock,Consumer Discretionary
MGNX,MacroGenics Inc. Common Stock,Health Care
MGOL,MGO Global Inc. Common Stock,Consumer Discretionary
MGPI,MGP Ingredients Inc.,Consumer Staples
MGRC,McGrath RentCorp Common Stock,Consumer Discretionary
MGRM,Monogram Technologies Inc. Common Stock,Health Care
MGRX,Mangoceuticals Inc. Common Stock,Health Care
MGTX,MeiraGTx Holdings plc Ordinary Shares,Health Care
MGX,Metagenomi Inc. Common Stock,Health Care
MGYR,Magyar Bancorp Inc. Common Stock,Finance
MHLD,Maiden Holdings Ltd.,Finance
MHUA,Meihua International Medical Technologies Co. Ltd. Ordinary Shares,Health Care
MICS,The Singing Machine Company Inc. Common Stock,Consumer Staples
MIDD,Middleby Corporation (The) Common Stock,Industrials
MIGI,Mawson Infrastructure Group Inc. Common Stock,Finance
MIND,MIND Technology Inc. Common Stock (DE),Industrials
MINDP,MIND Technology Inc. Series A 9.00% Series A Cumulative Preferred Stock (DE),Industrials
MINM,Minim Inc. Common Stock,Utilities
MIRA,MIRA Pharmaceuticals Inc. Common Stock,Health Care
MIRM,Mirum Pharmaceuticals Inc. Common Stock,Health Care
MIST,Milestone Pharmaceuticals Inc. Common Shares,Health Care
MITK,Mitek Systems Inc. Common Stock,Technology
MKSI,MKS Instruments Inc. Common Stock,Industrials
MKTW,MarketWise Inc. Class A Common Stock,Technology
MKTX,MarketAxess Holdings Inc. Common Stock,Finance
MLAB,Mesa Laboratories Inc. Common Stock,Industrials
MLCO,Melco Resorts & Entertainment Limited American Depositary Shares,Consumer Discretionary
MLEC,Moolec Science SA Ordinary Shares,Finance
MLECW,Moolec Science SA Warrant,Finance
MLGO,MicroAlgo Inc. Ordinary Shares,Technology
MLKN,MillerKnoll Inc. Common Stock,Consumer Discretionary
MLTX,MoonLake Immunotherapeutics Class A Ordinary Shares,Health Care
MLYS,Mineralys Therapeutics Inc. Common Stock,Health Care
MMAT,Meta Materials Inc. Common Stock,Technology
MMLP,Martin Midstream Partners L.P. Limited Partnership,Energy
MMSI,Merit Medical Systems Inc. Common Stock,Health Care
MMV,MultiMetaVerse Holdings Limited Class A Ordinary Share,Technology
MMVWW,MultiMetaVerse Holdings Limited Warrant,Technology
MMYT,MakeMyTrip Limited Ordinary Shares,Consumer Discretionary
MNDO,MIND C.T.I. Ltd. Ordinary Shares,Technology
MNDR,Mobile-health Network Solutions Class A Ordinary Shares,Technology
MNDY,monday.com Ltd. Ordinary Shares,Technology
MNKD,MannKind Corporation Common Stock,Health Care
MNMD,Mind Medicine (MindMed) Inc. Common Shares,Health Care
MNOV,Medicinova Inc Common Stock,Health Care
MNPR,Monopar Therapeutics Inc. Common Stock,Health Care
MNRO,Monro Inc. Common Stock,Consumer Discretionary
MNSB,MainStreet Bancshares Inc. Common Stock,Finance
MNSBP,MainStreet Bancshares Inc. Depositary Shares,Finance
MNST,Monster Beverage Corporation,Consumer Staples
MNTK,Montauk Renewables Inc. Common Stock,Utilities
MNTS,Momentus Inc. Class A Common Stock,
MNTSW,Momentus Inc. Warrant,
MNTX,Manitex International Inc. Common Stock,Technology
MNY,MoneyHero Limited Class A Ordinary Shares,Consumer Discretionary
MNYWW,MoneyHero Limited Warrants,Consumer Discretionary
MOB,Mobilicom Limited American Depositary Shares,Industrials
MOBX,Mobix Labs Inc. Class A Common Stock,Technology
MODD,Modular Medical Inc. Common Stock,Health Care
MODV,ModivCare Inc. Common Stock,Consumer Discretionary
MOFG,MidWestOne Financial Gp Common Stock,Finance
MOGO,Mogo Inc. Common Shares,
MOLN,Molecular Partners AG American Depositary Shares,Health Care
MOMO,Hello Group Inc. American Depositary Shares,Technology
MOND,Mondee Holdings Inc. Class A Common Stock,Consumer Discretionary
MOR,MorphoSys AG American Depositary Shares,Health Care
MORF,Morphic Holding Inc. Common Stock,Health Care
MORN,Morningstar Inc. Common Stock,Finance
MOVE,Movano Inc. Common Stock,Health Care
MPAA,Motorcar Parts  of America Inc. Common Stock,Consumer Discretionary
MPB,Mid Penn Bancorp Common Stock,Finance
MPWR,Monolithic Power Systems Inc. Common Stock,Technology
MQ,Marqeta Inc. Class A Common Stock,Technology
MRAM,Everspin Technologies Inc. Common Stock,Technology
MRBK,Meridian Corporation Common Stock,Finance
MRCC,Monroe Capital Corporation Common Stock,Finance
MRCY,Mercury Systems Inc Common Stock,Technology
MREO,Mereo BioPharma Group plc American Depositary Shares,Health Care
MRIN,Marin Software Incorporated Common Stock,Technology
MRKR,Marker Therapeutics Inc. Common Stock,Health Care
MRM,MEDIROM Healthcare Technologies Inc. American Depositary Share,Consumer Discretionary
MRNA,Moderna Inc. Common Stock,Health Care
MRNO,Murano Global Investments PLC Ordinary Shares,
MRNOW,Murano Global Investments PLC Warrants,Finance
MRNS,Marinus Pharmaceuticals Inc. Common Stock,Health Care
MRSN,Mersana Therapeutics Inc. Common Stock,Health Care
MRTN,Marten Transport Ltd. Common Stock,Industrials
MRUS,Merus N.V. Common Shares,Health Care
MRVI,Maravai LifeSciences Holdings Inc. Class A Common Stock,Health Care
MRVL,Marvell Technology Inc. Common Stock,Technology
MRX,Marex Group plc Ordinary Shares,Finance
MSAI,MultiSensor AI Holdings Inc. Common Stock,Technology
MSAIW,MultiSensor AI Holdings Inc. Warrant,Technology
MSBI,Midland States Bancorp Inc. Common Stock,Finance
MSBIP,Midland States Bancorp Inc. Depositary Shares Each Representing a 1/40th Interest in a Share of 7.750% Fixed-Rate Reset Non-Cumulative Perpetual Preferred Stock Series A,Finance
MSEX,Middlesex Water Company Common Stock,Utilities
MSFT,Microsoft Corporation Common Stock,Technology
MSGM,Motorsport Games Inc. Class A Common Stock,Technology
MSS,Maison Solutions Inc. Class A Common Stock,Consumer Staples
MSSA,Metal Sky Star Acquisition Corporation Ordinary shares,Finance
MSSAR,Metal Sky Star Acquisition Corporation Right,Finance
MSSAW,Metal Sky Star Acquisition Corporation Warrant,Finance
MSTR,MicroStrategy Incorporated Common Stock Class A,Technology
MTC,MMTec Inc. Common Shares,Technology
MTCH,Match Group Inc. Common Stock,Technology
MTEK,Maris-Tech Ltd. Ordinary Shares,Telecommunications
MTEKW,Maris-Tech Ltd. Warrants,Telecommunications
MTEM,Molecular Templates Inc. Common Stock,Health Care
MTEN,Mingteng International Corporation Inc. Ordinary Shares,Industrials
MTEX,Mannatech Incorporated Common Stock,Health Care
MTLS,Materialise NV American Depositary Shares,Technology
MTRX,Matrix Service Company Common Stock,Consumer Discretionary
MTSI,MACOM Technology Solutions Holdings Inc. Common Stock,Technology
MTTR,Matterport Inc. Class A Common Stock,Technology
MU,Micron Technology Inc. Common Stock,Technology
MULN,Mullen Automotive Inc. Common Stock,Consumer Discretionary
MURA,Mural Oncology plc Ordinary Shares,Health Care
MVBF,MVB Financial Corp. Common Stock,Finance
MVIS,MicroVision Inc. Common Stock,Technology
MVST,Microvast Holdings Inc. Common Stock,Miscellaneous
MVSTW,Microvast Holdings Inc. Warrants,Miscellaneous
MXCT,MaxCyte Inc. Common Stock,Health Care
MXL,MaxLinear Inc. Common Stock,Technology
MYFW,First Western Financial Inc. Common Stock,Finance
MYGN,Myriad Genetics Inc. Common Stock,Health Care
MYMD,MyMD Pharmaceuticals Inc. Common Stock (DE),Health Care
MYNA,Mynaric AG American Depository Shares,Consumer Discretionary
MYNZ,Mainz Biomed N.V. Ordinary Shares,Health Care
MYPS,PLAYSTUDIOS Inc.  Class A Common Stock,Technology
MYPSW,PLAYSTUDIOS Inc. Warrant,Technology
MYRG,MYR Group Inc. Common Stock,Industrials
MYSZ,My Size Inc. Common Stock,Technology
,Nano Labs Ltd Class A Ordinary Shares,Technology
NAAS,NaaS Technology Inc. American Depositary Shares,Consumer Discretionary
NAII,Natural Alternatives International Inc. Common Stock,Health Care
NAMS,NewAmsterdam Pharma Company N.V. Ordinary Shares,Health Care
NAMSW,NewAmsterdam Pharma Company N.V. Warrant,Health Care
NAOV,NanoVibronix Inc. Common Stock,Health Care
NARI,Inari Medical Inc. Common Stock,Health Care
NATH,Nathan's Famous Inc. Common Stock,Consumer Discretionary
NATR,Nature's Sunshine Products Inc. Common Stock,Health Care
NAUT,Nautilus Biotechnolgy Inc. Common Stock,Industrials
NAVI,Navient Corporation Common Stock,Finance
NB,NioCorp Developments Ltd. Common Stock,Basic Materials
NBBK,NB Bancorp Inc. Common Stock,Finance
NBIX,Neurocrine Biosciences Inc. Common Stock,Health Care
NBN,Northeast Bank Common Stock,Finance
NBST,Newbury Street Acquisition Corporation Common Stock,Finance
NBSTW,Newbury Street Acquisition Corporation Warrants,Finance
NBTB,NBT Bancorp Inc. Common Stock,Finance
NBTX,Nanobiotix S.A. American Depositary Shares,Health Care
NCI,Neo-Concept International Group Holdings Limited Ordinary Shares,Consumer Discretionary
NCMI,National CineMedia Inc. Common Stock,Consumer Discretionary
NCNA,NuCana plc American Depositary Share,Health Care
NCNC,noco-noco Inc. Ordinary Share,Miscellaneous
NCNO,nCino Inc. Common Stock,Technology
NCPL,Netcapital Inc. Common Stock,Finance
NCPLW,Netcapital Inc. Warrants,Finance
NCRA,Nocera Inc. Common Stock,Consumer Staples
NCSM,NCS Multistage Holdings Inc. Common Stock,Energy
NCTY,The9 Limited American Depository Shares,Consumer Discretionary
NDAQ,Nasdaq Inc. Common Stock,Finance
NDLS,Noodles & Company Class A Common Stock,Consumer Discretionary
NDRA,ENDRA Life Sciences Inc. Common Stock,Health Care
NDSN,Nordson Corporation Common Stock,Industrials
NECB,NorthEast Community Bancorp Inc. Common Stock,Finance
NEGG,Newegg Commerce Inc. Common Shares,Consumer Discretionary
NEO,NeoGenomics Inc. Common Stock,Health Care
NEOG,Neogen Corporation Common Stock,Health Care
NEON,Neonode Inc. Common Stock,Technology
NEOV,NeoVolta Inc. Common Stock,Miscellaneous
NEPH,Nephros Inc. Common Stock,Health Care
NERV,Minerva Neurosciences Inc Common Stock,Health Care
NETD,Nabors Energy Transition Corp. II Class A Ordinary Shares,
NEWT,NewtekOne Inc. Common Stock,Finance
NEWTI,NewtekOne Inc. 8.00% Fixed Rate Senior Notes due 2028,Finance
NEWTL,NewtekOne Inc. 5.75% Notes due 2024,Finance
NEWTZ,NewtekOne Inc. 5.50% Notes Due 2026,Finance
NEXI,NexImmune Inc. Common Stock,Health Care
NEXN,Nexxen International Ltd. American Depository Shares,Technology
NEXT,NextDecade Corporation Common Stock,Utilities
NFBK,Northfield Bancorp Inc. Common Stock (Delaware),Finance
NFE,New Fortress Energy Inc. Class A Common Stock,Utilities
NFLX,Netflix Inc. Common Stock,Consumer Discretionary
NGNE,Neurogene Inc. Common Stock,Health Care
NHTC,Natural Health Trends Corp. Common Stock,Consumer Discretionary
NICE,NICE Ltd American Depositary Shares,Technology
NICK,Nicholas Financial Inc. Common Stock,Finance
NIOBW,NioCorp Developments Ltd. Warrant,Basic Materials
NISN,NiSun International Enterprise Development Group Co. Ltd. Class A Common Shares,Industrials
NITO,N2OFF Inc. Common Stock,Industrials
NIU,Niu Technologies American Depositary Shares,Consumer Discretionary
NIVF,NewGenIvf Group Limited Class A Ordinary Shares,Health Care
NIVFW,NewGenIvf Group Limited Warrants,Health Care
NKGN,NKGen Biotech Inc. Common Stock,Health Care
NKLA,Nikola Corporation Common Stock,Consumer Discretionary
NKSH,National Bankshares Inc. Common Stock,Finance
NKTR,Nektar Therapeutics  Common Stock,Health Care
NKTX,Nkarta Inc. Common Stock,Health Care
NLSP,NLS Pharmaceutics Ltd. Ordinary Shares,Health Care
NLSPW,NLS Pharmaceutics Ltd. Warrant,Health Care
NMFC,New Mountain Finance Corporation Common Stock,Finance
NMFCZ,New Mountain Finance Corporation 8.250% Notes due 2028,
NMHI,Nature's Miracle Holding Inc. Common Stock,
NMHIW,Nature's Miracle Holding Inc. Warrants,
NMIH,NMI Holdings Inc. Common Stock,Finance
NMRA,Neumora Therapeutics Inc. Common Stock,Health Care
NMRK,Newmark Group Inc. Class A Common Stock,Finance
NMTC,NeuroOne Medical Technologies Corporation Common Stock,Health Care
NN,NextNav Inc. Common Stock,Industrials
NNAG,99 Acquisition Group Inc. Class A Common Stock,
NNAGW,99 Acquisition Group Inc. Warrant,
NNAVW,NextNav Inc. Warrant,Industrials
NNBR,NN Inc. Common Stock,Industrials
NNDM,Nano Dimension Ltd. American Depositary Shares,Technology
NNE,Nano Nuclear Energy Inc. Common Stock,Utilities
NNOX,NANO-X IMAGING LTD Ordinary Shares,Health Care
NODK,NI Holdings Inc. Common Stock,Finance
NOTV,Inotiv Inc. Common Stock,Health Care
NOVT,Novanta Inc. Common Stock,
NOVV,Nova Vision Acquisition Corp. Ordinary share,Finance
NPAB,New Providence Acquisition Corp. II Class A Common Stock,Finance
NPABU,New Providence Acquisition Corp. II Unit,Finance
NPCE,Neuropace Inc. Common Stock,Health Care
NRBO,NeuroBo Pharmaceuticals Inc. Common Stock,Health Care
NRC,National Research Corporation Common Stock (Delaware),Health Care
NRDS,NerdWallet Inc. Class A Common Stock,Technology
NRIM,Northrim BanCorp Inc Common Stock,Finance
NRIX,Nurix Therapeutics Inc. Common stock,Health Care
NRSN,NeuroSense Therapeutics Ltd. Ordinary Shares,Health Care
NRSNW,NeuroSense Therapeutics Ltd. Warrant,Health Care
NRXP,NRX Pharmaceuticals Inc. Common Stock,Health Care
NRXPW,NRX Pharmaceuticals Inc. Warrant,Health Care
NSIT,Insight Enterprises Inc. Common Stock,Consumer Discretionary
NSPR,InspireMD Inc. Common Stock,Health Care
NSSC,NAPCO Security Technologies Inc. Common Stock,Telecommunications
NSTS,NSTS Bancorp Inc. Common Stock,Finance
NSYS,Nortech Systems Incorporated Common Stock,Technology
NTAP,NetApp Inc. Common Stock,Technology
NTBL,Notable Labs Ltd. Ordinary Shares,Health Care
NTCT,NetScout Systems Inc. Common Stock,Technology
NTES,NetEase Inc. American Depositary Shares,Technology
NTGR,NETGEAR Inc. Common Stock,Utilities
NTIC,Northern Technologies International Corporation Common Stock,Industrials
NTLA,Intellia Therapeutics Inc. Common Stock,Health Care
NTNX,Nutanix Inc. Class A Common Stock,Technology
NTRA,Natera Inc. Common Stock,Health Care
NTRB,Nutriband Inc. Common Stock,Health Care
NTRBW,Nutriband Inc. Warrant,Health Care
NTRP,NextTrip Inc. Common Stock,Consumer Discretionary
NTRS,Northern Trust Corporation Common Stock,Finance
NTRSO,Northern Trust Corporation Depositary Shares Each Representing a 1/1000th Interest in a Share of Series E Non-Cumulative Perpetual Preferred Stock,Finance
NTWK,NetSol Technologies Inc. Common  Stock,Technology
NUKK,Nukkleus Inc. Common Stock,Consumer Discretionary
NURO,NeuroMetrix Inc. Common Stock,Health Care
NUTX,Nutex Health Inc. Common Stock,Consumer Discretionary
NUVL,Nuvalent Inc. Class A Common Stock,Health Care
NUVO,Holdco Nuvo Group D.G Ltd. Ordinary Shares,Health Care
NUWE,Nuwellis Inc. Common Stock,Health Care
NUZE,NuZee Inc. Common Stock,Consumer Discretionary
NVAC,NorthView Acquisition Corporation Common Stock,Health Care
NVACR,NorthView Acquisition Corporation Rights,Health Care
NVAX,Novavax Inc. Common Stock,Health Care
NVCR,NovoCure Limited Ordinary Shares,Health Care
NVCT,Nuvectis Pharma Inc. Common Stock,Health Care
NVDA,NVIDIA Corporation Common Stock,Technology
NVEC,NVE Corporation Common Stock,Technology
NVEE,NV5 Global Inc. Common Stock,Consumer Discretionary
NVEI,Nuvei Corporation Subordinate Voting Shares,
NVFY,Nova Lifestyle Inc. Common Stock,Consumer Discretionary
NVMI,Nova Ltd. Ordinary Shares,Technology
NVNI,Nvni Group Limited Ordinary Shares,Technology
NVNIW,Nvni Group Limited Warrants,Technology
NVNO,enVVeno Medical Corporation Common Stock,Health Care
NVOS,Novo Integrated Sciences Inc. Common Stock,Industrials
NVTS,Navitas Semiconductor Corporation Common Stock,Technology
NVVE,Nuvve Holding Corp. Common Stock,Industrials
NVVEW,Nuvve Holding Corp. Warrant,Industrials
NVX,NOVONIX Limited American Depository Shares,Miscellaneous
NWBI,Northwest Bancshares Inc. Common Stock,Finance
NWE,NorthWestern Energy Group Inc. Common Stock,Utilities
NWFL,Norwood Financial Corp. Common Stock,Finance
NWGL,Nature Wood Group Limited American Depositary Shares,Energy
NWL,Newell Brands Inc. Common Stock,Industrials
NWLI,National Western Life Group Inc. Class A Common Stock,Finance
NWPX,Northwest Pipe Company Common Stock,Industrials
NWS,News Corporation Class B Common Stock,Consumer Discretionary
NWSA,News Corporation Class A Common Stock,Consumer Discretionary
NWTN,NWTN Inc. Class B Ordinary Shares,Consumer Discretionary
NXGL,NexGel Inc Common Stock,Health Care
NXGLW,NexGel Inc Warrant,Health Care
NXL,Nexalin Technology Inc. Common Stock,Health Care
NXLIW,Nexalin Technology Inc. Warrant,Health Care
NXPI,NXP Semiconductors N.V. Common Stock,Technology
NXPL,NextPlat Corp Common Stock,Telecommunications
NXPLW,NextPlat Corp Warrants,Telecommunications
NXST,Nexstar Media Group Inc. Common Stock,Industrials
NXT,Nextracker Inc. Class A Common Stock,Industrials
NXTC,NextCure Inc. Common Stock,Health Care
NXTT,Next Technology Holding Inc. Ordinary Shares,Technology
NXU,Nxu Inc. Class A Common Stock,Consumer Discretionary
NYAX,Nayax Ltd. Ordinary Shares,Technology
NYMT,New York Mortgage Trust Inc. Common Stock,Real Estate
NYMTL,New York Mortgage Trust Inc. 6.875% Series F Fixed-to-Floating Rate Cumulative Redeemable Preferred Stock $0.01 par value per share,Real Estate
NYMTM,New York Mortgage Trust Inc. 7.875% Series E Fixed-to-Floating Rate Cumulative Redeemable Preferred Stock,Real Estate
NYMTN,New York Mortgage Trust Inc. 8.00% Series D Fixed-to-Floating Rate Cumulative Redeemable Preferred Stock,Real Estate
NYMTZ,New York Mortgage Trust Inc. 7.000% Series G Cumulative Redeemable Preferred Stock $0.01 par value per share,Real Estate
NYXH,Nyxoah SA Ordinary Shares,Health Care
OABI,OmniAb Inc. Common Stock,Health Care
OAKU,Oak Woods Acquisition Corporation Class A Ordinary Shares,Finance
OAKUU,Oak Woods Acquisition Corporation Unit,Consumer Discretionary
OB,Outbrain Inc. Common Stock,Technology
OBIO,Orchestra BioMed Holdings Inc. Ordinary Shares,Health Care
OBLG,Oblong Inc. Common Stock,Technology
OBT,Orange County Bancorp Inc. Common Stock,Finance
OCAX,OCA Acquisition Corp. Class A Common Stock,Finance
OCAXU,OCA Acquisition Corp. Unit,Finance
OCC,Optical Cable Corporation Common Stock,Industrials
OCCI,OFS Credit Company Inc. Common Stock,Finance
OCCIN,OFS Credit Company Inc. 5.25% Series E Term Preferred Stock Due 2026,Finance
OCCIO,OFS Credit Company Inc. 6.125% Series C Term Preferred Stock,Finance
OCEA,Ocean Biomedical Inc. Common Stock,Health Care
OCEAW,Ocean Biomediacal Inc. Warrants,Health Care
OCFC,OceanFirst Financial Corp. Common Stock,Finance
OCFCP,OceanFirst Financial Corp. Depositary Shares,Finance
OCG,Oriental Culture Holding LTD Ordinary Shares,Consumer Discretionary
OCGN,Ocugen Inc. Common Stock,Health Care
OCS,Oculis Holding AG Ordinary shares,Health Care
OCSAW,Oculis Holding AG Warrants,Health Care
OCSL,Oaktree Specialty Lending Corporation Common Stock,Finance
OCTO,Eightco Holdings Inc. Common Stock,
OCUL,Ocular Therapeutix Inc. Common Stock,Health Care
OCUP,Ocuphire Pharma Inc. Common Stock,Health Care
OCX,Oncocyte Corporation Common Stock,Health Care
ODD,ODDITY Tech Ltd. Class A Ordinary Shares,Consumer Discretionary
ODFL,Old Dominion Freight Line Inc. Common Stock,Industrials
ODP,The ODP Corporation Common Stock,Consumer Discretionary
ODVWZ,Osisko Development Corp. Warrant expiring 5/27/2027,Basic Materials
OESX,Orion Energy Systems Inc. Common Stock,Consumer Discretionary
OFIX,Orthofix Medical Inc. Common Stock (DE),Health Care
OFLX,Omega Flex Inc. Common Stock,Industrials
OFS,OFS Capital Corporation Common Stock,Finance
OGI,Organigram Holdings Inc. Common Shares,Health Care
OKTA,Okta Inc. Class A Common Stock,Technology
OKYO,OKYO Pharma Limited Ordinary Shares,Health Care
OLB,The OLB Group Inc. Common Stock,Consumer Discretionary
OLED,Universal Display Corporation Common Stock,Technology
OLK,Olink Holding AB (publ) American Depositary Shares,Industrials
OLLI,Ollie's Bargain Outlet Holdings Inc. Common Stock,Consumer Discretionary
OLMA,Olema Pharmaceuticals Inc. Common Stock,Health Care
OLPX,Olaplex Holdings Inc. Common Stock,Consumer Discretionary
OM,Outset Medical Inc. Common Stock,Health Care
OMAB,Grupo Aeroportuario del Centro Norte S.A.B. de C.V. ADS,Consumer Discretionary
OMCL,Omnicell Inc. Common Stock ($0.001 par value),Technology
OMER,Omeros Corporation Common Stock,Health Care
OMEX,Odyssey Marine Exploration Inc. Common Stock,Consumer Discretionary
OMGA,Omega Therapeutics Inc. Common Stock,Health Care
OMH,Ohmyhome Limited Ordinary Shares,Finance
OMIC,Singular Genomics Systems Inc. Common Stock,Industrials
ON,ON Semiconductor Corporation Common Stock,Technology
ONB,Old National Bancorp Common Stock,Finance
ONBPO,Old National Bancorp Depositary Shares Each Representing a 1/40th Interest in a Share of Series C Preferred Stock,Finance
ONBPP,Old National Bancorp Depositary Shares Each Representing a 1/40th Interest in a Share of Series A Preferred Stock,Finance
ONCO,Onconetix Inc. Common Stock,Health Care
ONCT,Oncternal Therapeutics Inc. Common Stock,Health Care
ONCY,Oncolytics Biotech Inc. Common Shares,Health Care
ONDS,Ondas Holdings Inc. Common Stock,Telecommunications
ONEW,OneWater Marine Inc. Class A Common Stock,Consumer Discretionary
ONFO,Onfolio Holdings Inc. Common Stock,Technology
ONFOW,Onfolio Holdings Inc. Warrant,Technology
ONMD,OneMedNet Corp Class A Common Stock,Health Care
ONMDW,OneMedNet Corp Warrant,Health Care
ONVO,Organovo Holdings Inc. Common Stock,Health Care
ONYX,Onyx Acquisition Co. I Class A Ordinary Shares,Finance
ONYXW,Onyx Acquisition Co. I Warrant,Finance
OP,OceanPal Inc. Common Stock,Consumer Discretionary
OPAL,OPAL Fuels Inc. Class A Common Stock,Utilities
OPBK,OP Bancorp Common Stock,Finance
OPCH,Option Care Health Inc. Common Stock,Health Care
OPEN,Opendoor Technologies Inc Common Stock,Finance
OPGN,OpGen Inc. Common Stock,Health Care
OPHC,OptimumBank Holdings Inc. Common Stock,Finance
OPI,Office Properties Income Trust Common Shares of Beneficial Interest,Finance
OPINL,Office Properties Income Trust 6.375% Senior Notes due 2050,Finance
OPK,OPKO Health Inc. Common Stock,Health Care
OPOF,Old Point Financial Corporation Common Stock,Finance
OPRA,Opera Limited American Depositary Shares,Technology
OPRT,Oportun Financial Corporation Common Stock,Finance
OPRX,OptimizeRx Corporation Common Stock,Consumer Discretionary
OPT,Opthea Limited American Depositary Shares,Health Care
OPTN,OptiNose Inc. Common Stock,Health Care
OPTX,Syntec Optics Holdings Inc. Class A Common Stock,Technology
OPTXW,Syntec Optics Holdings Inc. Warrant,Technology
OPXS,Optex Systems Holdings Inc. Common Stock,Technology
ORGN,Origin Materials Inc. Common Stock,Industrials
ORGNW,Origin Materials Inc. Warrants,Industrials
ORGO,Organogenesis Holdings Inc. Class A Common Stock,Health Care
ORGS,Orgenesis Inc. Common Stock,Health Care
ORIC,Oric Pharmaceuticals Inc. Common Stock,Health Care
ORLY,O'Reilly Automotive Inc. Common Stock,Consumer Discretionary
ORMP,Oramed Pharmaceuticals Inc. Common Stock,Health Care
ORRF,Orrstown Financial Services Inc Common Stock,Finance
OSBC,Old Second Bancorp Inc. Common Stock,Finance
OSIS,OSI Systems Inc. Common Stock (DE),Technology
OSPN,OneSpan Inc. Common Stock,Technology
OSS,One Stop Systems Inc. Common Stock,Technology
OST,Ostin Technology Group Co. Ltd. Ordinary Shares,Technology
OSUR,OraSure Technologies Inc. Common Stock,Health Care
OSW,OneSpaWorld Holdings Limited Common Shares,Consumer Discretionary
OTEX,Open Text Corporation Common Shares,
OTLK,Outlook Therapeutics Inc. Common Stock,Health Care
OTLY,Oatly Group AB American Depositary Shares,Consumer Staples
OTRK,Ontrak Inc. Common Stock,Health Care
OTTR,Otter Tail Corporation Common Stock,Utilities
OVBC,Ohio Valley Banc Corp. Common Stock,Finance
OVID,Ovid Therapeutics Inc. Common Stock,Health Care
OVLY,Oak Valley Bancorp (CA) Common Stock,Finance
OXBR,Oxbridge Re Holdings Limited Ordinary Shares,Finance
OXLC,Oxford Lane Capital Corp. Common Stock,Finance
OXLCL,Oxford Lane Capital Corp. 6.75% Notes due 2031,Finance
OXLCM,Oxford Lane Capital Corp. 6.75% Series 2024 Term Preferred Stock,Finance
OXLCN,Oxford Lane Capital Corp. 7.125% Series 2029 Term Preferred Stock,Finance
OXLCO,Oxford Lane Capital Corp. Preferred Stock Shares 6.00% Series 2029,Finance
OXLCP,Oxford Lane Capital Corp. 6.25% Series 2027 Term Preferred Shares,Finance
OXLCZ,Oxford Lane Capital Corp. 5.00% Notes due 2027,Finance
OXSQ,Oxford Square Capital Corp. Common Stock,Finance
OXSQG,Oxford Square Capital Corp. 5.50% Notes due 2028,Consumer Discretionary
OXSQZ,Oxford Square Capital Corp. 6.25% Notes due 2026,Finance
OZK,Bank OZK Common Stock,Finance
OZKAP,Bank OZK 4.625% Series A Non-Cumulative Perpetual Preferred Stock,Finance
PAA,Plains All American Pipeline L.P. Common Units representing Limited Partner Interests,Energy
PACB,Pacific Biosciences of California Inc. Common Stock,Industrials
PAGP,Plains GP Holdings L.P. Class A Units representing Limited Partner Interests,Energy
PAHC,Phibro Animal Health Corporation Class A Common Stock,Health Care
PAL,Proficient Auto Logistics Inc. Common Stock,Consumer Discretionary
PALI,Palisade Bio Inc. Common Stock,Health Care
PALT,Paltalk Inc. Common Stock,Technology
PANL,Pangaea Logistics Solutions Ltd. Common Shares,Consumer Discretionary
PANW,Palo Alto Networks Inc. Common Stock,Technology
PARA,Paramount Global Class B Common Stock,Industrials
PARAA,Paramount Global Class A Common Stock,Industrials
PASG,Passage Bio Inc. Common Stock,Health Care
PATK,Patrick Industries Inc. Common Stock,Consumer Discretionary
PAVM,PAVmed Inc. Common Stock,Health Care
PAVS,Paranovus Entertainment Technology Ltd. Class A Ordinary Shares,Health Care
PAX,Patria Investments Limited Class A Common Shares,Finance
PAYO,Payoneer Global Inc. Common Stock,Consumer Discretionary
PAYOW,Payoneer Global Inc. Warrant,Consumer Discretionary
PAYS,Paysign Inc. Common Stock,Technology
PAYX,Paychex Inc. Common Stock,Consumer Discretionary
PBBK,PB Bankshares Inc. Common Stock,Finance
PBFS,Pioneer Bancorp Inc. Common Stock,Finance
PBHC,Pathfinder Bancorp Inc. Common Stock (MD),Finance
PBM,Psyence Biomedical Ltd. Common Shares,Health Care
PBPB,Potbelly Corporation Common Stock,Consumer Discretionary
PBYI,Puma Biotechnology Inc Common Stock,Health Care
PCAR,PACCAR Inc. Common Stock,Consumer Discretionary
PCB,PCB Bancorp Common Stock,Finance
PCH,PotlatchDeltic Corporation Common Stock,Real Estate
PCRX,Pacira BioSciences Inc. Common Stock,Health Care
PCSA,Processa Pharmaceuticals Inc. Common Stock,Health Care
PCT,PureCycle Technologies Inc. Common stock,Industrials
PCTTW,PureCycle Technologies Inc. Warrant,Industrials
PCTY,Paylocity Holding Corporation Common Stock,Technology
PCVX,Vaxcyte Inc. Common Stock,Health Care
PCYO,Pure Cycle Corporation Common Stock,Utilities
PDCO,Patterson Companies Inc. Common Stock,Health Care
PDD,PDD Holdings Inc. American Depositary Shares,Consumer Discretionary
PDEX,Pro-Dex Inc. Common Stock,Health Care
PDFS,PDF Solutions Inc. Common Stock,Technology
PDLB,Ponce Financial Group Inc. Common Stock,Finance
PDSB,PDS Biotechnology Corporation Common Stock,Health Care
PDYN,Palladyne AI Corp. Common Stock,Industrials
PDYNW,Palladyne AI Corp Warrants,Industrials
PEBK,Peoples Bancorp of North Carolina Inc. Common Stock,Finance
PEBO,Peoples Bancorp Inc. Common Stock,Finance
PECO,Phillips Edison & Company Inc. Common Stock,Real Estate
PEGA,Pegasystems Inc. Common Stock,Technology
PEGR,Project Energy Reimagined Acquisition Corp. Class A Ordinary Share,Finance
PEGY,Pineapple Energy Inc. Common Stock,Industrials
PENN,PENN Entertainment Inc. Common Stock,Consumer Discretionary
PEP,PepsiCo Inc. Common Stock,Consumer Staples
PEPG,PepGen Inc. Common Stock,Health Care
PERI,Perion Network Ltd. Ordinary Shares,Technology
PESI,Perma-Fix Environmental Services Inc. Common Stock,Industrials
PET,Wag! Group Co. Common Stock,Consumer Discretionary
PETQ,PetIQ Inc. Class A Common Stock,Health Care
PETS,PetMed Express Inc. Common Stock,Consumer Staples
PETWW,Wag! Group Co Warrant,Consumer Discretionary
PETZ,TDH Holdings Inc. Common Shares,Industrials
PEV,Phoenix Motor Inc. Common Stock,Consumer Discretionary
PFBC,Preferred Bank Common Stock,Finance
PFC,Premier Financial Corp. Common Stock,Finance
PFG,Principal Financial Group Inc Common Stock,Finance
PFIE,Profire Energy Inc. Common Stock,Industrials
PFIS,Peoples Financial Services Corp. Common Stock,Finance
PFMT,Performant Financial Corporation Common Stock,Consumer Discretionary
PFTA,Perception Capital Corp. III Class A Ordinary Share,Finance
PFX,PhenixFIN Corporation Common Stock,Finance
PFXNZ,PhenixFIN Corporation  5.25% Notes due 2028,Finance
PGC,Peapack-Gladstone Financial Corporation Common Stock,Finance
PGEN,Precigen Inc. Common Stock,Health Care
PGNY,Progyny Inc. Common Stock,Health Care
PGY,Pagaya Technologies Ltd. Class A Ordinary Shares,Finance
PGYWW,Pagaya Technologies Ltd. Warrants,Finance
PHAR,Pharming Group N.V. ADS each representing 10 ordinary shares,Health Care
PHAT,Phathom Pharmaceuticals Inc. Common Stock,Health Care
PHIO,Phio Pharmaceuticals Corp. Common Stock,Health Care
PHUN,Phunware Inc. Common Stock,Technology
PHVS,Pharvaris N.V. Ordinary Shares,Health Care
PI,Impinj Inc. Common Stock,Technology
PIII,P3 Health Partners Inc. Class A Common Stock,Health Care
PIK,Kidpik Corp. Common Stock,Consumer Discretionary
PINC,Premier Inc. Class A Common Stock,Consumer Discretionary
PIRS,Pieris Pharmaceuticals Inc. Common Stock,Health Care
PIXY,ShiftPixy Inc. Common Stock,Consumer Discretionary
PKBK,Parke Bancorp Inc. Common Stock,Finance
PKOH,Park-Ohio Holdings Corp. Common Stock,Industrials
PLAB,Photronics Inc. Common Stock,Technology
PLAO,Patria Latin American Opportunity Acquisition Corp. Class A Ordinary Shares,Finance
PLAY,Dave & Buster's Entertainment Inc. Common Stock,Consumer Discretionary
PLBC,Plumas Bancorp,Finance
PLBY,PLBY Group Inc. Common Stock,Consumer Discretionary
PLCE,Children's Place Inc. (The) Common Stock,Consumer Discretionary
PLL,Piedmont Lithium Inc. Common Stock,Industrials
PLMI,Plum Acquisition Corp. I Class A Ordinary Share,Finance
PLMIW,Plum Acquisition Corp. I Warrant,Finance
PLMR,Palomar Holdings Inc. Common stock,Finance
PLPC,Preformed Line Products Company Common Stock,Industrials
PLRX,Pliant Therapeutics Inc. Common Stock,Health Care
PLSE,Pulse Biosciences Inc Common Stock (DE),Health Care
PLTK,Playtika Holding Corp. Common Stock,Technology
PLTN,Plutonian Acquisition Corp. Common Stock,Finance
PLTNR,Plutonian Acquisition Corp. Rights,Finance
PLTNU,Plutonian Acquisition Corp. Unit,Finance
PLTNW,Plutonian Acquisition Corp. Warrant,Finance
PLUG,Plug Power Inc. Common Stock,Energy
PLUR,Pluri Inc. Common Stock,Health Care
PLUS,ePlus inc. Common Stock,Technology
PLXS,Plexus Corp. Common Stock,Technology
PLYA,Playa Hotels & Resorts N.V. Ordinary Shares,Consumer Discretionary
PMCB,PharmaCyte  Biotech Inc. Common Stock,Health Care
PMD,Psychemedics Corporation,Health Care
PMEC,Primech Holdings Ltd. Ordinary Shares,Finance
PMN,ProMIS Neurosciences Inc. Common Shares (ON),Health Care
PMTS,CPI Card Group Inc. Common Stock,Consumer Discretionary
PMVP,PMV Pharmaceuticals Inc. Common Stock,Health Care
PNBK,Patriot National Bancorp Inc. Common Stock,Finance
PNFP,Pinnacle Financial Partners Inc. Common Stock,Finance
PNFPP,Pinnacle Financial Partners Inc. Depositary shares of Pinnacle Financial Partners Inc. each representing a 1/40th Interest in a share of its 6.75% Fixed-Rate Non-Cumulative Perpetual Preferred Stock Series B,Finance
PNRG,PrimeEnergy Resources Corporation Common Stock,Energy
PNTG,The Pennant Group Inc. Common Stock,Health Care
POAI,Predictive Oncology Inc. Common Stock,Health Care
POCI,Precision Optics Corporation Inc. Common stock,Health Care
PODC,PodcastOne Inc. Common Stock,Technology
PODD,Insulet Corporation Common Stock,Health Care
POET,POET Technologies Inc. Common Shares,Technology
POLA,Polar Power Inc. Common Stock,Industrials
POOL,Pool Corporation Common Stock,Consumer Discretionary
POWI,Power Integrations Inc. Common Stock,Technology
POWL,Powell Industries Inc. Common Stock,Energy
POWW,AMMO Inc. Common Stock,Industrials
POWWP,AMMO Inc. 8.75% Series A Cumulative Redeemable Perpetual Preferred Stock,Industrials
PPBI,Pacific Premier Bancorp Inc,Finance
PPBT,Purple Biotech Ltd. American Depositary Shares,Health Care
PPC,Pilgrim's Pride Corporation Common Stock,Consumer Staples
PPIH,Perma-Pipe International Holdings Inc. Common Stock,Industrials
PPSI,Pioneer Power Solutions Inc. Common Stock,Industrials
PPTA,Perpetua Resources Corp. Common Shares,
PPYA,Papaya Growth Opportunity Corp. I Class A Common Stock,Finance
PRAA,PRA Group Inc. Common Stock,Finance
PRAX,Praxis Precision Medicines Inc. Common Stock,Health Care
PRCH,Porch Group Inc. Common Stock,Technology
PRCT,PROCEPT BioRobotics Corporation Common Stock,Health Care
PRDO,Perdoceo Education Corporation Common Stock,Real Estate
PRE,Prenetics Global Limited Class A Ordinary Share,Finance
PRFT,Perficient Inc. Common Stock,Technology
PRFX,PainReform Ltd. Ordinary Shares,Health Care
PRGS,Progress Software Corporation Common Stock (DE),Technology
PRLD,Prelude Therapeutics Incorporated Common Stock,Health Care
PRLH,Pearl Holdings Acquisition Corp Class A Ordinary Shares,Finance
PRLHW,Pearl Holdings Acquisition Corp Warrant,Finance
PRME,Prime Medicine Inc. Common Stock,Health Care
PROC,Procaps Group S.A. Ordinary Shares,Health Care
PROF,Profound Medical Corp. Common Stock,
PROK,ProKidney Corp. Class A Ordinary Shares,Health Care
PROP,Prairie Operating Co. Common Stock,Finance
PROV,Provident Financial Holdings Inc. Common Stock,Finance
PRPH,ProPhase Labs Inc. Common Stock (DE),Health Care
PRPL,Purple Innovation Inc. Common Stock,Consumer Discretionary
PRPO,Precipio Inc.  Common Stock,Industrials
PRQR,ProQR Therapeutics N.V. Ordinary Shares,Health Care
PRSO,Peraso Inc. Common Stock,Technology
PRST,Presto Automation Inc. Common Stock,Technology
PRSTW,Presto Automation Inc. Warrant,Technology
PRTA,Prothena Corporation plc Ordinary Shares,Health Care
PRTC,PureTech Health plc American Depositary Shares,Health Care
PRTG,Portage Biotech Inc. Common Stock,Energy
PRTH,Priority Technology Holdings Inc. Common Stock,Consumer Discretionary
PRTS,CarParts.com Inc. Common Stock,Consumer Discretionary
PRVA,Privia Health Group Inc. Common Stock,Health Care
PRZO,ParaZero Technologies Ltd. Ordinary Shares,Industrials
PSEC,Prospect Capital Corporation Common Stock,Finance
PSHG,Performance Shipping Inc. Common Shares,Consumer Discretionary
PSMT,PriceSmart Inc. Common Stock,Consumer Discretionary
PSNL,Personalis Inc. Common Stock,Health Care
PSNY,Polestar Automotive Holding UK PLC Class A ADS,Consumer Discretionary
PSNYW,Polestar Automotive Holding UK PLC Class C-1 ADS (ADW),Consumer Discretionary
PSTV,PLUS THERAPEUTICS Inc. Common Stock,Health Care
PSTX,Poseida Therapeutics Inc. Common Stock,Health Care
PT,Pintec Technology Holdings Limited American Depositary Shares,Technology
PTC,PTC Inc. Common Stock,Technology
PTCT,PTC Therapeutics Inc. Common Stock,Health Care
PTEN,Patterson-UTI Energy Inc. Common Stock,Energy
PTGX,Protagonist Therapeutics Inc. Common Stock,Health Care
PTIX,Protagenic Therapeutics Inc. Common Stock,Health Care
PTIXW,Protagenic Therapeutics Inc. Warrant,Health Care
PTLO,Portillo's Inc. Class A Common Stock,Consumer Discretionary
PTMN,Portman Ridge Finance Corporation Common Stock,Finance
PTON,Peloton Interactive Inc. Class A Common Stock,Consumer Discretionary
PTPI,Petros Pharmaceuticals Inc. Common Stock,Health Care
PTSI,P.A.M. Transportation Services Inc. Common Stock,Industrials
PTVE,Pactiv Evergreen Inc. Common stock,Consumer Discretionary
PTWO,Pono Capital Two Inc. Class A Common Stock,Finance
PTWOU,Pono Capital Two Inc. Unit,Finance
PUBM,PubMatic Inc. Class A Common Stock,Technology
PULM,Pulmatrix Inc. Common Stock,Health Care
PVBC,Provident Bancorp Inc. (MD) Common Stock,Finance
PWFL,PowerFleet Inc. Common Stock,Telecommunications
PWM,Prestige Wealth Inc. Class A Ordinary Shares,Finance
PWOD,Penns Woods Bancorp Inc. Common Stock,Finance
PWP,Perella Weinberg Partners Class A Common Stock,Finance
PWUP,PowerUp Acquisition Corp. Class A Ordinary Shares,Finance
PXDT,Pixie Dust Technologies Inc. American Depositary Shares,Health Care
PXLW,Pixelworks Inc.  Common Stock,Technology
PXS,Pyxis Tankers Inc. Common Stock,Consumer Discretionary
PXSAP,Pyxis Tankers Inc. 7.75% Series A Cumulative Convertible Preferred Shares,Consumer Discretionary
PXSAW,Pyxis Tankers Inc. Warrant,Consumer Discretionary
PYCR,Paycor HCM Inc. Common Stock,Technology
PYPD,PolyPid Ltd. Ordinary Shares,Health Care
PYPL,PayPal Holdings Inc. Common Stock,Consumer Discretionary
PYXS,Pyxis Oncology Inc. Common Stock,Health Care
PZZA,Papa John's International Inc. Common Stock,Consumer Discretionary
QCOM,QUALCOMM Incorporated Common Stock,Technology
QCRH,QCR Holdings Inc. Common Stock,Finance
QDEL,QuidelOrtho Corporation Common Stock,Health Care
QETA,Quetta Acquisition Corporation Common Stock,
QETAR,Quetta Acquisition Corporation Right,
QFIN,Qifu Technology Inc. American Depositary Shares,Finance
QH,Quhuo Limited American Depository Shares,Consumer Discretionary
QIPT,Quipt Home Medical Corp. Common Shares,Health Care
QLGN,Qualigen Therapeutics Inc. Common Stock,Health Care
QLI,Qilian International Holding Group Ltd. Ordinary Shares,Health Care
QLYS,Qualys Inc. Common Stock,Technology
QMCO,Quantum Corporation Common Stock,Technology
QNCX,Quince Therapeutics Inc. Common Stock,Health Care
QNRX,Quoin Pharmaceuticals Ltd. American Depositary Shares,Health Care
QNST,QuinStreet Inc. Common Stock,Consumer Discretionary
QOMO,Qomolangma Acquisition Corp. Common Stock,Finance
QOMOU,Qomolangma Acquisition Corp. Unit,Finance
QQQX,Nuveen NASDAQ 100 Dynamic Overwrite Fund Shares of Beneficial Interest,Finance
QRHC,Quest Resource Holding Corporation Common Stock,Utilities
QRTEA,Qurate Retail Inc. Series A Common Stock,Consumer Discretionary
QRTEB,Qurate Retail Inc. Series B Common Stock,Consumer Discretionary
QRTEP,Qurate Retail Inc. 8.0% Fixed Rate Cumulative Redeemable Preferred Stock,Consumer Discretionary
QRVO,Qorvo Inc. Common Stock,Technology
QSG,QuantaSing Group Limited American Depositary Shares,Real Estate
QSI,Quantum-Si Incorporated Class A Common Stock,Industrials
QSIAW,Quantum-Si Incorporated Warrant,Industrials
QTI,QT Imaging Holdings Inc. Common Stock,Health Care
QTRX,Quanterix Corporation Common Stock,Industrials
QTTB,Q32 Bio Inc. Common Stock,Health Care
QUBT,Quantum Computing Inc. Common Stock,Technology
QUIK,QuickLogic Corporation Common Stock,Technology
QURE,uniQure N.V. Ordinary Shares,Health Care
RAIL,FreightCar America Inc. Common Stock,Industrials
RAND,Rand Capital Corporation Common Stock,Finance
RANI,Rani Therapeutics Holdings Inc. Class A Common Stock,Health Care
RAPT,RAPT Therapeutics Inc. Common Stock,Health Care
RARE,Ultragenyx Pharmaceutical Inc. Common Stock,Health Care
RAVE,Rave Restaurant Group Inc. Common Stock,Consumer Discretionary
RAY,Raytech Holding Limited Ordinary Shares,Consumer Discretionary
RAYA,Erayak Power Solution Group Inc. Class A Ordinary Shares,Consumer Discretionary
RBB,RBB Bancorp Common Stock,Finance
RBBN,Ribbon Communications Inc. Common Stock,Technology
RBCAA,Republic Bancorp Inc. Class A Common Stock,Finance
RBKB,Rhinebeck Bancorp Inc. Common Stock,Finance
RCAT,Red Cat Holdings Inc. Common Stock,Technology
RCEL,Avita Medical Inc. Common Stock,Health Care
RCKT,Rocket Pharmaceuticals Inc. Common Stock,Health Care
RCKTW,Rocket Pharmaceuticals Inc. Warrant,Health Care
RCKY,Rocky Brands Inc. Common Stock,Consumer Discretionary
RCM,R1 RCM Inc. Common Stock,Consumer Discretionary
RCMT,RCM Technologies Inc. Common Stock,Consumer Discretionary
RCON,Recon Technology Ltd. Class A Ordinary Shares,Energy
RCRT,Recruiter.com Group Inc. Common Stock,Technology
RCRTW,Recruiter.com Group Inc. Warrant,Technology
RDCM,Radcom Ltd. Ordinary Shares,Technology
RDFN,Redfin Corporation Common Stock,Finance
RDHL,Redhill Biopharma Ltd. American Depositary Shares,Health Care
RDI,Reading International Inc Class A Common Stock,Consumer Discretionary
RDIB,Reading International Inc Class B Common Stock,Consumer Discretionary
RDNT,RadNet Inc. Common Stock,Health Care
RDUS,Radius Recycling Inc. Class A Common Stock,Consumer Discretionary
RDVT,Red Violet Inc. Common Stock,Technology
RDWR,Radware Ltd. Ordinary Shares,Consumer Discretionary
RDZN,Roadzen Inc. Ordinary Shares,Finance
RDZNW,Roadzen Inc. Warrants,Finance
REAL,The RealReal Inc. Common Stock,Consumer Discretionary
REAX,The Real Brokerage Inc. Common Shares,Finance
REBN,Reborn Coffee Inc. Common Stock,Consumer Discretionary
REE,REE Automotive Ltd. Class A Ordinary Shares,Consumer Discretionary
REFI,Chicago Atlantic Real Estate Finance Inc. Common Stock,Real Estate
REFR,Research Frontiers Incorporated Common Stock,Technology
REG,Regency Centers Corporation Common Stock,Real Estate
REGCO,Regency Centers Corporation 5.875% Series B Cumulative Redeemable Preferred Stock,
REGCP,Regency Centers Corporation 6.25% Series A Cumulative Redeemable Preferred Stock,
REGN,Regeneron Pharmaceuticals Inc. Common Stock,Health Care
REKR,Rekor Systems Inc. Common Stock,Telecommunications
RELI,Reliance Global Group Inc. Common Stock,Finance
RELIW,Reliance Global Group Inc. Series A Warrants,Finance
RELL,Richardson Electronics Ltd. Common Stock,Technology
RELY,Remitly Global Inc. Common Stock,Consumer Discretionary
RENB,Renovaro Inc. Common Stock,Health Care
RENE,Cartesian Growth Corporation II Class A Ordinary Shares,Finance
RENEW,Cartesian Growth Corporation II Warrant,Finance
RENT,Rent the Runway Inc. Class A Common Stock,Consumer Discretionary
REPL,Replimune Group Inc. Common Stock,Health Care
RETO,ReTo Eco-Solutions Inc. Common Shares,Consumer Discretionary
REVB,Revelation Biosciences Inc. Common Stock,Health Care
REVBW,Revelation Biosciences Inc. Warrant,Health Care
REYN,Reynolds Consumer Products Inc. Common Stock,Industrials
RFAC,RF Acquisition Corp. Class A Common Stock,Finance
RFAIU,RF Acquisition Corp II Unit,Finance
RFIL,RF Industries Ltd. Common Stock,Technology
RGC,Regencell Bioscience Holdings Limited Ordinary Shares,Health Care
RGCO,RGC Resources Inc. Common Stock,Utilities
RGEN,Repligen Corporation Common Stock,Health Care
RGF,The Real Good Food Company Inc. Class A Common Stock,Consumer Staples
RGLD,Royal Gold Inc. Common Stock,Industrials
RGLS,Regulus Therapeutics Inc. Common Stock,Health Care
RGNX,REGENXBIO Inc. Common Stock,Health Care
RGP,Resources Connection Inc. Common Stock,Consumer Discretionary
RGS,Regis Corporation Common Stock,Consumer Discretionary
RGTI,Rigetti Computing Inc. Common Stock,Technology
RGTIW,Rigetti Computing Inc. Warrants,Technology
RICK,RCI Hospitality Holdings Inc. Common Stock,Consumer Discretionary
RIGL,Rigel Pharmaceuticals Inc. Common Stock,Health Care
RILY,B. Riley Financial Inc. Common Stock,Finance
RILYG,B. Riley Financial Inc. 5.00% Senior Notes due 2026,Finance
RILYK,B. Riley Financial Inc. 5.50% Senior Notes Due 2026,Finance
RILYL,B. Riley Financial Inc. Depositary Shares each representing 1/1000th in a share of 7.375% Series B Cumulative Perpetual Preferred Stock par value $0.0001,Finance
RILYM,B. Riley Financial Inc. 6.375% Senior Notes due 2025,Finance
RILYN,B. Riley Financial Inc. 6.50% Senior Notes Due 2026,Finance
RILYP,B. Riley Financial Inc. Depositary Shares each representing a 1/1000th fractional interest in a share of Series A Cumulative Perpetual Preferred Stock,Finance
RILYT,B. Riley Financial Inc. 6.00% Senior Notes Due 2028,Finance
RILYZ,B. Riley Financial Inc. 5.25% Senior Notes due 2028,Finance
RIOT,Riot Platforms Inc. Common Stock,Technology
RIVN,Rivian Automotive Inc. Class A Common Stock,Consumer Discretionary
RKDA,Arcadia Biosciences Inc. Common Stock,Consumer Staples
RKLB,Rocket Lab USA Inc. Common Stock,Industrials
RLAY,Relay Therapeutics Inc. Common Stock,Health Care
RLMD,Relmada Therapeutics Inc. Common Stock,Health Care
RLYB,Rallybio Corporation Common Stock,Health Care
RMBI,Richmond Mutual Bancorporation Inc. Common Stock,Finance
RMBL,RumbleOn Inc. Class B Common Stock,Technology
RMBS,Rambus Inc. Common Stock,Technology
RMCF,Rocky Mountain Chocolate Factory Inc. Common Stock,Consumer Staples
RMCO,Royalty Management Holding Corporation Class A Common Stock,Miscellaneous
RMNI,Rimini Street Inc. (DE) Common Stock,Consumer Discretionary
RMR,The RMR Group Inc. Class A Common Stock,Consumer Discretionary
RMTI,Rockwell Medical Inc. Common Stock,Health Care
RNA,Avidity Biosciences Inc. Common Stock,Health Care
RNAC,Cartesian Therapeutics Inc. Common Stock,Health Care
RNAZ,TransCode Therapeutics Inc. Common Stock,Health Care
RNLX,Renalytix plc American Depositary Shares,Health Care
RNW,ReNew Energy Global plc Class A Ordinary Shares,Industrials
RNWWW,ReNew Energy Global plc Warrant,Industrials
RNXT,RenovoRx Inc. Common Stock,Health Care
ROAD,Construction Partners Inc. Class A Common Stock,Industrials
ROCK,Gibraltar Industries Inc. Common Stock,Industrials
ROCL,Roth CH Acquisition V Co. Common Stock,Finance
ROCLU,Roth CH Acquisition V Co. Unit,Finance
ROCLW,Roth CH Acquisition V Co. Warrant,Finance
ROIC,Retail Opportunity Investments Corp. Common Stock (MD),Real Estate
ROIV,Roivant Sciences Ltd. Common Shares,Health Care
ROKU,Roku Inc. Class A Common Stock,Telecommunications
ROMA,Roma Green Finance Limited Ordinary Shares,Consumer Discretionary
ROOT,Root Inc. Class A Common Stock,Finance
ROP,Roper Technologies Inc. Common Stock,Industrials
ROST,Ross Stores Inc. Common Stock,Consumer Discretionary
RPAY,Repay Holdings Corporation Class A Common Stock,Consumer Discretionary
RPD,Rapid7 Inc. Common Stock,Technology
RPHM,Reneo Pharmaceuticals Inc. Common Stock,Health Care
RPID,Rapid Micro Biosystems Inc. Class A Common Stock,Industrials
RPRX,Royalty Pharma plc Class A Ordinary Shares,Health Care
RPTX,Repare Therapeutics Inc. Common Shares,Health Care
RR,Richtech Robotics Inc. Class B Common Stock,Industrials
RRBI,Red River Bancshares Inc. Common Stock,Consumer Discretionary
RRGB,Red Robin Gourmet Burgers Inc. Common Stock,Consumer Discretionary
RRR,Red Rock Resorts Inc. Class A Common Stock,Consumer Discretionary
RSLS,ReShape Lifesciences Inc. Common Stock,Health Care
RSSS,Research Solutions Inc Common Stock,Consumer Discretionary
RSVR,Reservoir Media Inc. Common Stock,Consumer Discretionary
RSVRW,Reservoir Media Inc. Warrant,Consumer Discretionary
RTC,Baijiayun Group Ltd. Class A Ordinary Shares,Technology
RUM,Rumble Inc. Class A Common Stock,Technology
RUMBW,Rumble Inc. Warrant,Technology
RUN,Sunrun Inc. Common Stock,Miscellaneous
RUSHA,Rush Enterprises Inc. Common Stock Cl A,Consumer Discretionary
RUSHB,Rush Enterprises Inc. Class B,Consumer Discretionary
RVMD,Revolution Medicines Inc. Common Stock,Health Care
RVMDW,Revolution Medicines Inc. Warrant,
RVNC,Revance Therapeutics Inc. Common Stock,Health Care
RVPH,Reviva Pharmaceuticals Holdings Inc. Common Stock,Health Care
RVPHW,Reviva Pharmaceuticals Holdings Inc. Warrants,Health Care
RVSB,Riverview Bancorp Inc Common Stock,Finance
RVSN,Rail Vision Ltd. Ordinary Share,Industrials
RVSNW,Rail Vision Ltd. Warrant,Industrials
RVYL,Ryvyl Inc. Common Stock,Consumer Discretionary
RWAY,Runway Growth Finance Corp. Common Stock,Finance
RWAYL,Runway Growth Finance Corp. 7.50% Notes due 2027,Finance
RWAYZ,Runway Growth Finance Corp. 8.00% Notes due 2027,Finance
RWOD,Redwoods Acquisition Corp. Common Stock,Finance
RWODU,Redwoods Acquisition Corp. Unit,Finance
RXRX,Recursion Pharmaceuticals Inc. Class A Common Stock,Health Care
RXST,RxSight Inc. Common Stock,Health Care
RXT,Rackspace Technology Inc. Common Stock,Technology
RYAAY,Ryanair Holdings plc American Depositary Shares,Consumer Discretionary
RYTM,Rhythm Pharmaceuticals Inc. Common Stock,Health Care
RZLT,Rezolute Inc. Common Stock (NV),Health Care
SABR,Sabre Corporation Common Stock,Technology
SABS,SAB Biotherapeutics Inc. Common Stock,Health Care
SABSW,SAB Biotherapeutics Inc. Warrant,Health Care
SAFT,Safety Insurance Group Inc. Common Stock,Finance
SAGE,Sage Therapeutics Inc. Common Stock,Health Care
SAI,SAI.TECH Global Corporation Class A Ordinary Shares,Technology
SAIA,Saia Inc. Common Stock,Industrials
SAIC,Science Applications International Corporation Common Stock,Technology
SAMG,Silvercrest Asset Management Group Inc. Class A Common Stock,Finance
SANA,Sana Biotechnology Inc. Common Stock,Health Care
SANG,Sangoma Technologies Corporation Common Shares,Technology
SANM,Sanmina Corporation Common Stock,Technology
SANW,S&W Seed Company Common Stock (NV),Consumer Staples
SASR,Sandy Spring Bancorp Inc. Common Stock,Finance
SATL,Satellogic Inc. Class A Ordinary Shares,Technology
SATLW,Satellogic Inc. Warrant,Technology
SATS,EchoStar  Corporation Common Stock,Consumer Discretionary
SAVA,Cassava Sciences Inc. Common Stock,Health Care
SBAC,SBA Communications Corporation Class A Common Stock,Real Estate
SBCF,Seacoast Banking Corporation of Florida Common Stock,Finance
SBET,SharpLink Gaming Inc. Common Stock,Technology
SBFG,SB Financial Group Inc. Common Stock,Finance
SBFM,Sunshine Biopharma Inc. Common Stock,Health Care
SBFMW,Sunshine Biopharma Inc. Warrant,Health Care
SBGI,Sinclair Inc. Class A Common Stock,Industrials
SBLK,Star Bulk Carriers Corp. Common Shares,Consumer Discretionary
SBRA,Sabra Health Care REIT Inc. Common Stock,Real Estate
SBSI,Southside Bancshares Inc. Common Stock,Finance
SBT,Sterling Bancorp Inc. Common Stock,Finance
SBUX,Starbucks Corporation Common Stock,Consumer Discretionary
SCHL,Scholastic Corporation Common Stock,Consumer Discretionary
SCKT,Socket Mobile Inc. Common Stock,Technology
SCLX,Scilex Holding Company Common Stock,Health Care
SCLXW,Scilex Holding Company Warrant,Health Care
SCNI,Scinai Immunotherapeutics Ltd. American Depositary Shares,Health Care
SCOR,comScore Inc. Common Stock,Consumer Discretionary
SCPH,scPharmaceuticals Inc. Common Stock,Health Care
SCSC,ScanSource Inc. Common Stock,Technology
SCVL,Shoe Carnival Inc. Common Stock,Consumer Discretionary
SCWO,374Water Inc. Common Stock,Consumer Discretionary
SCWX,SecureWorks Corp. Class A Common Stock,Technology
SCYX,SCYNEXIS Inc. Common Stock,Health Care
SDA,SunCar Technology Group Inc. Class A Ordinary Shares,Consumer Discretionary
SDGR,Schrodinger Inc. Common Stock,Health Care
SDIG,Stronghold Digital Mining Inc. Class A Common Stock,Technology
SDOT,Sadot Group Inc. Common Stock,Consumer Discretionary
SEAT,Vivid Seats Inc. Class A Common Stock,Consumer Discretionary
SEATW,Vivid Seats Inc. Warrant,Consumer Discretionary
SEDG,SolarEdge Technologies Inc. Common Stock,Technology
SEED,Origin Agritech Limited Common Stock,Consumer Staples
SEEL,Seelos Therapeutics Inc. Common Stock,Health Care
SEER,Seer Inc. Class A Common Stock,Industrials
SEIC,SEI Investments Company Common Stock,Finance
SELF,Global Self Storage Inc. Common Stock,Real Estate
SELX,Semilux International Ltd. Ordinary Shares,Technology
SENEA,Seneca Foods Corp. Class A Common Stock,Consumer Staples
SENEB,Seneca Foods Corp. Class B Common Stock,Consumer Staples
SEPA,SEP Acquisition Corp Class A Common Stock,Finance
SEPAW,SEP Acquisition Corp Warrants,Finance
SERA,Sera Prognostics Inc. Class A Common Stock,Health Care
SERV,Serve Robotics Inc. Common Stock,Consumer Discretionary
SEVN,Seven Hills Realty Trust Common Stock,Real Estate
SEZL,Sezzle Inc. Common Stock,Consumer Discretionary
SFBC,Sound Financial Bancorp Inc. Common Stock,Finance
SFIX,Stitch Fix Inc. Class A Common Stock,Consumer Discretionary
SFM,Sprouts Farmers Market Inc. Common Stock,Consumer Staples
SFNC,Simmons First National Corporation Class A Common Stock,Finance
SFST,Southern First Bancshares Inc. Common Stock,Finance
SFWL,Shengfeng Development Limited Class A Ordinary Shares,Industrials
SGA,Saga Communications Inc. Class A Common Stock (FL),Consumer Discretionary
SGBX,Safe & Green Holdings Corp. Common Stock,Industrials
SGC,Superior Group of Companies Inc. Common Stock,Consumer Discretionary
SGD,Safe and Green Development Corporation Common Stock,Finance
SGH,SMART Global Holdings Inc. Ordinary Shares,Technology
SGHT,Sight Sciences Inc. Common Stock,Health Care
SGLY,Singularity Future Technology Ltd. Common Stock,
SGMA,SigmaTron International Inc. Common Stock,Technology
SGML,Sigma Lithium Corporation Common Shares,Basic Materials
SGMO,Sangamo Therapeutics Inc. Common Stock,Health Care
SGMT,Sagimet Biosciences Inc. Series A Common Stock,Health Care
SGRP,SPAR Group Inc. Common Stock,Consumer Discretionary
SGRY,Surgery Partners Inc. Common Stock,Health Care
SHBI,Shore Bancshares Inc Common Stock,Finance
SHC,Sotera Health Company Common Stock,Health Care
SHCR,Sharecare Inc. Class A Common Stock,Health Care
SHCRW,Sharecare Inc. Warrant,Health Care
SHEN,Shenandoah Telecommunications Co Common Stock,Telecommunications
SHFS,SHF Holdings Inc. Class A Common Stock,Finance
SHFSW,SHF Holdings Inc. Warrants,Finance
SHIM,Shimmick Corporation Common Stock,Industrials
SHIP,Seanergy Maritime Holdings Corp. Common Stock,
SHLS,Shoals Technologies Group Inc. Class A Common Stock,Technology
SHLT,SHL Telemedicine Ltd American Depositary Shares,Health Care
SHMD,SCHMID Group N.V. Class A Ordinary Shares,Technology
SHMDW,SCHMID Group N.V. Warrants,Technology
SHOO,Steven Madden Ltd. Common Stock,Consumer Discretionary
SHOT,Safety Shot Inc. Common Stock,Consumer Discretionary
SHOTW,Safety Shot Inc. Warrant,Consumer Discretionary
SHPH,Shuttle Pharmaceuticals Holdings Inc. Common Stock,Health Care
SHPW,Shapeways Holdings Inc. Common Stock,Consumer Discretionary
SHPWW,Shapeways Holdings Inc. Warrants,Consumer Discretionary
SHYF,The Shyft Group Inc. Common Stock,Consumer Discretionary
SIBN,SI-BONE Inc. Common Stock,Health Care
SIDU,Sidus Space Inc. Class A Common Stock,Telecommunications
SIEB,Siebert Financial Corp. Common Stock,Finance
SIFY,Sify Technologies Limited American Depositary Shares,Technology
SIGA,SIGA Technologies Inc. Common Stock,Health Care
SIGI,Selective Insurance Group Inc. Common Stock,Finance
SIGIP,Selective Insurance Group Inc. Depositary Shares each representing a 1/1000th interest in a share of 4.60% Non-Cumulative Preferred Stock Series B,Finance
SILC,Silicom Ltd Ordinary Shares,Telecommunications
SILK,Silk Road Medical Inc. Common Stock,Health Care
SILO,Silo Pharma Inc. Common Stock,Consumer Discretionary
SIMO,Silicon Motion Technology Corporation American Depositary Shares,Technology
SINT,SiNtx Technologies Inc. Common Stock,Health Care
SIRI,Sirius XM Holdings Inc. Common Stock,Consumer Discretionary
SISI,Shineco Inc. Common Stock,Health Care
SITM,SiTime Corporation Common Stock,Technology
SJ,Scienjoy Holding Corporation Class A Ordinary Shares,Technology
SKGR,SK Growth Opportunities Corporation Class A Common Stock,Finance
SKGRW,SK Growth Opportunities Corporation Warrant,Finance
SKIN,The Beauty Health Company Class A Common Stock,Health Care
SKWD,Skyward Specialty Insurance Group Inc. Common Stock,Finance
SKYE,Skye Bioscience Inc. Common Stock,Health Care
SKYT,SkyWater Technology Inc. Common Stock,Technology
SKYW,SkyWest Inc. Common Stock,Consumer Discretionary
SKYX,SKYX Platforms Corp. Common Stock,Consumer Discretionary
SLAB,Silicon Laboratories Inc. Common Stock,Technology
SLAM,Slam Corp. Class A Ordinary Share,Finance
SLAMU,Slam Corp. Unit,Finance
SLAMW,Slam Corp. warrant,Finance
SLDB,Solid Biosciences Inc. Common Stock,Health Care
SLDP,Solid Power Inc. Class A Common Stock,Miscellaneous
SLDPW,Solid Power Inc. Warrant,Miscellaneous
SLE,Super League Enterprise Inc. Common Stock,Consumer Discretionary
SLGL,Sol-Gel Technologies Ltd. Ordinary Shares,Health Care
SLM,SLM Corporation Common Stock,Finance
SLMBP,SLM Corporation Floating Rate Non-Cumulative Preferred Stock Series B,Finance
SLN,Silence Therapeutics Plc American Depository Share,Health Care
SLNA,Selina Hospitality PLC Ordinary Shares,Consumer Discretionary
SLNAW,Selina Hospitality PLC Warrant,Consumer Discretionary
SLNG,Stabilis Solutions Inc. Common Stock,Utilities
SLNH,Soluna Holdings Inc. Common Stock,Finance
SLNHP,Soluna Holdings Inc 9.0% Series A Cumulative Perpetual Preferred Stock,Finance
SLNO,Soleno Therapeutics Inc. Common Stock,Health Care
SLP,Simulations Plus Inc. Common Stock,Technology
SLRC,SLR Investment Corp. Common Stock,Finance
SLRN,ACELYRIN INC. Common Stock,Health Care
SLRX,Salarius Pharmaceuticals Inc. Common Stock,Health Care
SLS,SELLAS Life Sciences Group Inc. Common Stock,Health Care
SLVO,Credit Suisse X-Links Silver Shares Covered Call ETNs due April 21 2033,Finance
SMBC,Southern Missouri Bancorp Inc. Common Stock,Finance
SMCI,Super Micro Computer Inc. Common Stock,Technology
SMFL,Smart for Life Inc. Common Stock,Health Care
SMID,Smith-Midland Corporation Common Stock,Industrials
SMLR,Semler Scientific Inc. Common Stock,Health Care
SMMT,Summit Therapeutics Inc. Common Stock,Health Care
SMPL,The Simply Good Foods Company Common Stock,Consumer Staples
SMSI,Smith Micro Software Inc. Common Stock,Technology
SMTC,Semtech Corporation Common Stock,Technology
SMTI,Sanara MedTech Inc. Common Stock,Health Care
SMTK,SmartKem Inc. Common Stock,
SMX,SMX (Security Matters) Public Limited Company Class A Ordinary Shares,Technology
SMXT,Solarmax Technology Inc. Common Stock,Consumer Discretionary
SNAL,Snail Inc. Class A Common Stock,Technology
SNAX,Stryve Foods Inc. Class A Common Stock,Consumer Staples
SNBR,Sleep Number Corporation Common Stock,Consumer Discretionary
SNCR,Synchronoss Technologies Inc. Common Stock,Technology
SNCRL,Synchronoss Technologies Inc. 8.375% Senior Notes due 2026,Health Care
SNCY,Sun Country Airlines Holdings Inc. Common Stock,Consumer Discretionary
SND,Smart Sand Inc. Common Stock,Industrials
SNDL,SNDL Inc. Common Shares,Health Care
SNDX,Syndax Pharmaceuticals Inc. Common Stock,Health Care
SNES,SenesTech Inc. Common Stock,Industrials
SNEX,StoneX Group Inc. Common Stock,Finance
SNFCA,Security National Financial Corporation Class A Common Stock,Finance
SNGX,Soligenix Inc. Common Stock,Health Care
SNOA,Sonoma Pharmaceuticals Inc. Common Stock,Health Care
SNPO,Snap One Holdings Corp. Common Stock,Technology
SNPS,Synopsys Inc. Common Stock,Technology
SNPX,Synaptogenix Inc. Common Stock,Health Care
SNSE,Sensei Biotherapeutics Inc. Common Stock,Health Care
SNT,Senstar Technologies Corporation Common Shares,Telecommunications
SNTG,Sentage Holdings Inc. Class A Ordinary Shares,Finance
SNTI,Senti Biosciences Inc. Common Stock,Health Care
SNY,Sanofi ADS,Health Care
SOBR,SOBR Safe Inc. Common Stock,Consumer Discretionary
SOFI,SoFi Technologies Inc. Common Stock,Finance
SOGP,Sound Group Inc. American Depositary Shares,Technology
SOHO,Sotherly Hotels Inc. Common Stock,Real Estate
SOHOB,Sotherly Hotels Inc. 8.0% Series B Cumulative Redeemable Perpetual Preferred Stock,Real Estate
SOHON,Sotherly Hotels Inc. 8.25% Series D Cumulative Redeemable Perpetual Preferred Stock,Real Estate
SOHOO,Sotherly Hotels Inc. 7.875% Series C Cumulative Redeemable Perpetual Preferred Stock,Real Estate
SOHU,Sohu.com Limited American Depositary Shares,Technology
SOND,Sonder Holdings Inc. Class A Common Stock,Consumer Discretionary
SONM,Sonim Technologies Inc. Common Stock,Utilities
SONN,Sonnet BioTherapeutics Holdings Inc. Common Stock,Health Care
SONO,Sonos Inc. Common Stock,Consumer Staples
SOPA,Society Pass Incorporated Common Stock,Consumer Discretionary
SOPH,SOPHiA GENETICS SA Ordinary Shares,Health Care
SOTK,Sono-Tek Corporation Common Stock,Technology
SOUN,SoundHound AI Inc Class A Common Stock,Technology
SOUNW,SoundHound AI Inc. Warrant,Technology
SOWG,Sow Good Inc. Common Stock,Consumer Staples
SPCB,SuperCom Ltd. Ordinary Shares (Israel),Technology
SPEC,Spectaire Holdings Inc. Common Stock,Industrials
SPFI,South Plains Financial Inc. Common Stock,Finance
SPGC,Sacks Parente Golf Inc. Common Stock,Consumer Discretionary
SPI,SPI Energy Co. Ltd. Ordinary Shares,Technology
SPKL,Spark I Acquisition Corp. Class A Ordinary Share,
SPNS,Sapiens International Corporation N.V. Common Shares (Cayman Islands),Technology
SPOK,Spok Holdings Inc. Common Stock,Technology
SPPL,SIMPPLE LTD. Ordinary Shares,Consumer Discretionary
SPRB,Spruce Biosciences Inc. Common Stock,Health Care
SPRC,SciSparc Ltd. Ordinary Shares,Health Care
SPRO,Spero Therapeutics Inc. Common Stock,Health Care
SPRY,ARS Pharmaceuticals Inc. Common Stock,Health Care
SPSC,SPS Commerce Inc. Common Stock,Technology
SPT,Sprout Social Inc Class A Common Stock,Technology
SPTN,SpartanNash Company Common Stock,Consumer Discretionary
SPWH,Sportsman's Warehouse Holdings Inc. Common Stock,Consumer Discretionary
SPWR,SunPower Corporation Common Stock,Technology
SQFT,Presidio Property Trust Inc. Class A Common Stock,Real Estate
SQFTP,Presidio Property Trust Inc. 9.375% Series D Cumulative Redeemable Perpetual Preferred Stock $0.01 par value per share,Real Estate
SQFTW,Presidio Property Trust Inc. Series A Common Stock Purchase Warrants,Real Estate
SRAD,Sportradar Group AG Class A Ordinary Shares,Technology
SRBK,SR Bancorp Inc. Common stock,Finance
SRCE,1st Source Corporation Common Stock,Finance
SRCL,Stericycle Inc. Common Stock,Industrials
SRDX,Surmodics Inc. Common Stock,Health Care
SRM,SRM Entertainment Inc. Common Stock,Consumer Discretionary
SRPT,Sarepta Therapeutics Inc. Common Stock (DE),Health Care
SRRK,Scholar Rock Holding Corporation Common Stock,Health Care
SRTS,Sensus Healthcare Inc. Common Stock,Health Care
SRZN,Surrozen Inc. Common Stock,Health Care
SSBI,Summit State Bank Common Stock,Finance
SSBK,Southern States Bancshares Inc. Common Stock,Finance
SSIC,Silver Spike Investment Corp. Common Stock,Finance
SSKN,Strata Skin Sciences Inc. Common Stock,Health Care
SSNC,SS&C Technologies Holdings Inc. Common Stock,Technology
SSNT,SilverSun Technologies Inc. Common Stock,Technology
SSP,E.W. Scripps Company (The) Class A Common Stock,Industrials
SSRM,SSR Mining Inc. Common Stock,Industrials
SSSS,SuRo Capital Corp. Common Stock,Finance
SSSSL,SuRo Capital Corp. 6.00% Notes due 2026,Finance
SSTI,SoundThinking Inc. Common Stock,Technology
SSYS,Stratasys Ltd. Ordinary Shares (Israel),Technology
STAA,STAAR Surgical Company Common Stock,Health Care
STAF,Staffing 360 Solutions Inc. Common Stock (DE),Consumer Discretionary
STBA,S&T Bancorp Inc. Common Stock,Finance
STBX,Starbox Group Holdings Ltd. Ordinary Shares,Consumer Discretionary
STCN,Steel Connect Inc. Common Stock,Consumer Discretionary
STEP,StepStone Group Inc. Class A Common Stock,Finance
STER,Sterling Check Corp. Common Stock,Technology
STGW,Stagwell Inc. Class A Common Stock,
STHO,Star Holdings Shares of Beneficial Interest,Real Estate
STI,Solidion Technology Inc. Common Stock,Miscellaneous
STIM,Neuronetics Inc. Common Stock,Health Care
STKH,Steakholder Foods Ltd. American Depositary Shares,Consumer Staples
STKL,SunOpta Inc. Common Stock,Industrials
STKS,The ONE Group Hospitality Inc. Common Stock,Consumer Discretionary
STLD,Steel Dynamics Inc.,Industrials
STNE,StoneCo Ltd. Class A Common Shares,Technology
STOK,Stoke Therapeutics Inc. Common Stock,Health Care
STRA,Strategic Education Inc. Common Stock,Real Estate
STRL,Sterling Infrastructure Inc. Common Stock,Industrials
STRM,Streamline Health Solutions Inc. Common Stock,Technology
STRO,Sutro Biopharma Inc. Common Stock,Health Care
STRR,Star Equity Holdings Inc. Common Stock,Health Care
STRRP,Star Equity Holdings Inc. Series A Cumulative Perpetual Preferred Stock,Health Care
STRS,Stratus Properties Inc. Common Stock,Real Estate
STRT,STRATTEC SECURITY CORPORATION Common Stock,Consumer Discretionary
STSS,Sharps Technology Inc. Common Stock,Health Care
STSSW,Sharps Technology Inc. Warrant,Finance
STTK,Shattuck Labs Inc. Common Stock,Health Care
STX,Seagate Technology Holdings PLC Ordinary Shares (Ireland),Technology
SUGP,SU Group Holdings Limited Ordinary Shares,Consumer Discretionary
SUPN,Supernus Pharmaceuticals Inc. Common Stock,Health Care
SURG,SurgePays Inc. Common Stock,Consumer Discretionary
SURGW,SurgePays Inc. Warrant,Consumer Discretionary
SUUN,SolarBank Corporation Common Stock,Utilities
SVC,Service Properties Trust Common Stock,Real Estate
SVCO,Silvaco Group Inc. Common Stock,Technology
SVII,Spring Valley Acquisition Corp. II Class A Ordinary Shares,Finance
SVIIW,Spring Valley Acquisition Corp. II Warrant,Finance
SVMH,SRIVARU Holding Limited Ordinary Shares,Consumer Discretionary
SVMHW,SRIVARU Holding Limited Warrant,Consumer Discretionary
SVRA,Savara Inc. Common Stock,Health Care
SVRE,SaverOne 2014 Ltd. American Depositary Shares,Technology
SWAG,Stran & Company Inc. Common Stock,Consumer Discretionary
SWAGW,Stran & Company Inc. Warrant,Consumer Discretionary
SWAV,Shockwave Medical Inc. Common Stock,Health Care
SWBI,Smith & Wesson Brands Inc. Common Stock,Industrials
SWIM,Latham Group Inc. Common Stock,Industrials
SWIN,Solowin Holdings Ordinary Share,Finance
SWKH,SWK Holdings Corporation Common Stock,Finance
SWKHL,SWK Holdings Corporation 9.00% Senior Notes due 2027,
SWKS,Skyworks Solutions Inc. Common Stock,Technology
SWSS,Clean Energy Special Situations Corp. Common stock,Finance
SWTX,SpringWorks Therapeutics Inc. Common Stock,Health Care
SWVL,Swvl Holdings Corp Class A Common Shares,Consumer Discretionary
SWVLW,Swvl Holdings Corp Warrant,Consumer Discretionary
SXTC,China SXT Pharmaceuticals Inc. Ordinary Shares,Health Care
SXTP,60 Degrees Pharmaceuticals Inc. Common Stock,Health Care
SY,So-Young International Inc. American Depository Shares,Technology
SYBT,Stock Yards Bancorp Inc. Common Stock,Finance
SYBX,Synlogic Inc. Common Stock,Health Care
SYM,Symbotic Inc. Class A Common Stock,Industrials
SYNA,Synaptics Incorporated Common Stock $0.001 Par Value,Technology
SYPR,Sypris Solutions Inc. Common Stock,Industrials
SYRA,Syra Health Corp. Class A Common Stock,Consumer Discretionary
SYRE,Spyre Therapeutics Inc. Common Stock,Health Care
SYRS,Syros Pharmaceuticals Inc. Common Stock,Health Care
SYT,SYLA Technologies Co. Ltd. American Depositary Shares,Finance
SYTA,Siyata Mobile Inc. Common Shares,Telecommunications
SYTAW,Siyata Mobile Inc. Warrant,Telecommunications
TACT,TransAct Technologies Incorporated Common Stock,Technology
TAIT,Taitron Components Incorporated Class A Common Stock,Technology
TALK,Talkspace Inc. Common Stock,Health Care
TALKW,Talkspace Inc. Warrant,Health Care
TANH,Tantech Holdings Ltd. Common Shares,
TAOP,Taoping Inc. Ordinary Shares,Technology
TARA,Protara Therapeutics Inc.  Common Stock,Health Care
TARS,Tarsus Pharmaceuticals Inc. Common Stock,Health Care
TASK,TaskUs Inc. Class A Common Stock,Technology
TATT,TAT Technologies Ltd. Ordinary Shares,Industrials
TAYD,Taylor Devices Inc. Common Stock,Industrials
TBBK,The Bancorp Inc Common Stock,Finance
TBIO,Telesis Bio Inc. Common Stock,Industrials
TBLA,Taboola.com Ltd. Ordinary Shares,Technology
TBLAW,Taboola.com Ltd. Warrant,Technology
TBLD,Thornburg Income Builder Opportunities Trust Common Stock,Finance
TBLT,ToughBuilt Industries Inc. Common Stock,Consumer Discretionary
TBMC,Trailblazer Merger Corporation I Class A Common Stock,Finance
TBNK,Territorial Bancorp Inc. Common Stock,Finance
TBPH,Theravance Biopharma Inc. Ordinary Shares,Health Care
TBRG,TruBridge Inc. Common Stock,Technology
TC,TuanChe Limited American Depositary Shares,Consumer Discretionary
TCBC,TC Bancshares Inc. Common Stock,Finance
TCBI,Texas Capital Bancshares Inc. Common Stock,Finance
TCBIO,Texas Capital Bancshares Inc. Depositary Shares 5.75% Fixed Rate Non-Cumulative Perpetual Preferred Stock Series B,Finance
TCBK,TriCo Bancshares Common Stock,Finance
TCBP,TC BioPharm (Holdings) plc American Depositary Shares,Health Care
TCBPW,TC BioPharm (Holdings) plc Warrants,Health Care
TCBS,Texas Community Bancshares Inc. Common Stock,Finance
TCBX,Third Coast Bancshares Inc. Common Stock,Finance
TCJH,Top KingWin Ltd Class A Ordinary Shares,Consumer Discretionary
TCMD,Tactile Systems Technology Inc. Common Stock,Health Care
TCOM,Trip.com Group Limited American Depositary Shares,Consumer Discretionary
TCON,TRACON Pharmaceuticals Inc. Common Stock,Health Care
TCPC,BlackRock TCP Capital Corp. Common Stock,Finance
TCRT,Alaunos Therapeutics Inc. Common Stock,Health Care
TCRX,TScan Therapeutics Inc. Common Stock,Health Care
TCTM,TCTM Kids IT Education Inc. American Depositary Shares,Real Estate
TCX,Tucows Inc. Class A Common Stock,Technology
TDUP,ThredUp Inc. Class A Common Stock,Consumer Discretionary
TEAM,Atlassian Corporation Class A Common Stock,Technology
TECH,Bio-Techne Corp Common Stock,Health Care
TECTP,Tectonic Financial Inc. 9.00% Fixed-to-Floating Rate Series B Non-Cumulative Perpetual Preferred Stock,Finance
TELA,TELA Bio Inc. Common Stock,Health Care
TELO,Telomir Pharmaceuticals Inc. Common Stock,Health Care
TENB,Tenable Holdings Inc. Common Stock,Technology
TENK,TenX Keane Acquisition Ordinary Share,Finance
TENKR,TenX Keane Acquisition Right,Finance
TENX,Tenax Therapeutics Inc. Common Stock,Health Care
TER,Teradyne Inc. Common Stock,Industrials
TERN,Terns Pharmaceuticals Inc. Common Stock,Health Care
TETE,Technology & Telecommunication Acquisition Corporation Class A Ordinary Shares,Finance
TETEW,Technology & Telecommunication Acquisition Corporation Warrant,Finance
TFFP,TFF Pharmaceuticals Inc. Common Stock,Health Care
TFIN,Triumph Financial Inc. Common Stock,Finance
TFINP,Triumph Financial Inc. Depositary Shares Each Representing a 1/40th Interest in a Share of 7.125% Series C Fixed-Rate Non-Cumulative Perpetual Preferred Stock,Finance
TFSL,TFS Financial Corporation Common Stock,Finance
TGAA,Target Global Acquisition I Corp. Class A Ordinary Share,Finance
TGAN,Transphorm Inc. Common Stock,Technology
TGL,Treasure Global Inc. Common Stock,Consumer Discretionary
TGTX,TG Therapeutics Inc. Common Stock,Health Care
TH,Target Hospitality Corp. Common Stock,Consumer Discretionary
THAR,Tharimmune Inc. Common Stock,Health Care
THCH,TH International Limited Ordinary shares,Consumer Discretionary
THCP,Thunder Bridge Capital Partners IV Inc. Class A Common Stock,Industrials
THCPU,Thunder Bridge Capital Partners IV Inc. Unit,Industrials
THFF,First Financial Corporation Indiana Common Stock,Finance
THMO,ThermoGenesis Holdings Inc. Common Stock,Industrials
THRD,Third Harmonic Bio Inc. Common Stock,Health Care
THRM,Gentherm Inc Common Stock,Consumer Discretionary
THRY,Thryv Holdings Inc. Common Stock,Consumer Discretionary
THTX,Theratechnologies Inc. Common Shares,Health Care
TIGO,Millicom International Cellular S.A. Common Stock,Telecommunications
TIGR,UP Fintech Holding Ltd American Depositary Share representing fifteen Class A Ordinary Shares,Finance
TIL,Instil Bio Inc. Common Stock,Health Care
TILE,Interface Inc. Common Stock,Consumer Discretionary
TIPT,Tiptree Inc. Common Stock,Finance
TIRX,TIAN RUIXIANG Holdings Ltd Class A Ordinary Shares,Finance
TITN,Titan Machinery Inc. Common Stock,Consumer Discretionary
TIVC,Tivic Health Systems Inc. Common Stock,Health Care
TKLF,Yoshitsu Co. Ltd American Depositary Shares,Consumer Discretionary
TKNO,Alpha Teknova Inc. Common Stock,Health Care
TLF,Tandy Leather Factory Inc. Common Stock,Consumer Discretionary
TLGY,TLGY Acquisition Corporation Class A Ordinary Share,Finance
TLIS,Talis Biomedical Corporation Common Stock,Industrials
TLPH,Talphera Inc. Common Stock,Health Care
TLRY,Tilray Brands Inc. Common Stock,Health Care
TLS,Telos Corporation Common Stock,Technology
TLSA,Tiziana Life Sciences Ltd. Common Shares,Health Care
TLSI,TriSalus Life Sciences Inc. Common Stock,Health Care
TLSIW,TriSalus Life Sciences Inc. Warrant,Health Care
TMC,TMC the metals company Inc. Common Stock,
TMCI,Treace Medical Concepts Inc. Common Stock,Health Care
TMCWW,TMC the metals company Inc. Warrants,
TMDX,TransMedics Group Inc. Common Stock,Health Care
TMTC,TMT Acquisition Corp Ordinary Shares,Finance
TMTCR,TMT Acquisition Corp Rights,Finance
TMTCU,TMT Acquisition Corp Unit,Finance
TMUS,T-Mobile US Inc. Common Stock,Telecommunications
TNDM,Tandem Diabetes Care Inc. Common Stock,Health Care
TNGX,Tango Therapeutics Inc.,Health Care
TNON,Tenon Medical Inc. Common Stock,Health Care
TNONW,Tenon Medical Inc. Warrant,Health Care
TNXP,Tonix Pharmaceuticals Holding Corp. Common Stock,Health Care
TNYA,Tenaya Therapeutics Inc. Common Stock,Health Care
TOI,The Oncology Institute Inc. Common Stock,Health Care
TOIIW,The Oncology Institute Inc. Warrant,Health Care
TOMZ,TOMI Environmental Solutions Inc. Common Stock,Industrials
TOP,TOP Financial Group Limited Ordinary Shares,Finance
TORO,Toro Corp. Common Stock,Consumer Discretionary
TOUR,Tuniu Corporation American Depositary Shares,Consumer Discretionary
TOWN,TowneBank Common Stock,Finance
TPCS,TechPrecision Corporation Common stock,Industrials
TPG,TPG Inc. Class A Common Stock,Finance
TPGXL,TPG Operating Group II L.P. 6.950% Fixed-Rate Junior Subordinated Notes due 2064,
TPIC,TPI Composites Inc. Common Stock,Industrials
TPST,Tempest Therapeutics Inc. Common Stock,Health Care
TRAW,Traws Pharma Inc. Common Stock,Health Care
TRDA,Entrada Therapeutics Inc. Common Stock,Health Care
TREE,LendingTree Inc. Common Stock,Finance
TRIB,Trinity Biotech plc American Depositary Shares,Health Care
TRIN,Trinity Capital Inc. Common Stock,Finance
TRINL,Trinity Capital Inc. 7.00% Notes Due 2025,Finance
TRINZ,Trinity Capital Inc. 7.875% Notes due 2029,Finance
TRIP,TripAdvisor Inc. Common Stock,Technology
TRMB,Trimble Inc. Common Stock,Industrials
TRMD,TORM plc Class A Common Stock,Consumer Discretionary
TRMK,Trustmark Corporation Common Stock,Finance
TRML,Tourmaline Bio Inc. Common Stock,Health Care
TRNR,Interactive Strength Inc. Common Stock,Technology
TRNS,Transcat Inc. Common Stock,Industrials
TRON,Corner Growth Acquisition Corp. 2 Class A Ordinary Share,Finance
TRONW,Corner Growth Acquisition Corp. 2 Warrants,Finance
TROO,TROOPS Inc. Ordinary Shares,Technology
TROW,T. Rowe Price Group Inc. Common Stock,Finance
TRS,TriMas Corporation Common Stock,Industrials
TRSG,Tungray Technologies Inc Class A Ordinary Shares,Industrials
TRST,TrustCo Bank Corp NY Common Stock,Finance
TRUE,TrueCar Inc. Common Stock,Technology
TRUG,TruGolf Holdings Inc. Class A Common Stock,Consumer Discretionary
TRUP,Trupanion Inc. Common Stock,Health Care
TRVG,trivago N.V. American Depositary Shares,Technology
TRVI,Trevi Therapeutics Inc. Common Stock,Health Care
TRVN,Trevena Inc. Common Stock,Health Care
TSAT,Telesat Corporation Class A Common Shares and Class B Variable Voting Shares,Industrials
TSBK,Timberland Bancorp Inc. Common Stock,Finance
TSBX,Turnstone Biologics Corp. Common Stock,Health Care
TSCO,Tractor Supply Company Common Stock,Consumer Discretionary
TSEM,Tower Semiconductor Ltd. Ordinary Shares,Technology
TSHA,Taysha Gene Therapies Inc. Common Stock,Health Care
TSLA,Tesla Inc. Common Stock,Consumer Discretionary
TSRI,TSR Inc. Common Stock,Technology
TSVT,2seventy bio Inc. Common Stock,Health Care
TTD,The Trade Desk Inc. Class A Common Stock,Technology
TTEC,TTEC Holdings Inc. Common Stock,Consumer Discretionary
TTEK,Tetra Tech Inc. Common Stock,Consumer Discretionary
TTGT,TechTarget Inc. Common Stock,Telecommunications
TTMI,TTM Technologies Inc. Common Stock,Technology
TTNP,Titan Pharmaceuticals Inc. Common Stock,Health Care
TTOO,T2 Biosystems Inc. Common Stock,Health Care
TTSH,Tile Shop Holdings Inc. Common Stock,Consumer Discretionary
TTWO,Take-Two Interactive Software Inc. Common Stock,Technology
TURB,Turbo Energy S.A. American Depositary Shares,Miscellaneous
TURN,180 Degree Capital Corp. Common Stock,Finance
TUSK,Mammoth Energy Services Inc. Common Stock,Energy
TVGN,Tevogen Bio Holdings Inc. Common Stock,Health Care
TVGNW,Tevogen Bio Holdings Inc. Warrant,Health Care
TVTX,Travere Therapeutics Inc. Common Stock,Health Care
TW,Tradeweb Markets Inc. Class A Common Stock,Finance
TWG,Top Wealth Group Holding Limited Ordinary Shares,Consumer Staples
TWIN,Twin Disc Incorporated Common Stock,Industrials
TWKS,Thoughtworks Holding Inc. Common Stock,Technology
TWLV,Twelve Seas Investment Company II Class A Common Stock,Finance
TWOU,2U Inc. Common Stock,Technology
TWST,Twist Bioscience Corporation Common Stock,Health Care
TXG,10x Genomics Inc. Class A Common Stock,Industrials
TXMD,TherapeuticsMD Inc. Common Stock,Health Care
TXN,Texas Instruments Incorporated Common Stock,Technology
TXRH,Texas Roadhouse Inc. Common Stock,Consumer Discretionary
TYGO,Tigo Energy Inc. Common Stock,Technology
TYRA,Tyra Biosciences Inc. Common Stock,Health Care
TZOO,Travelzoo Common Stock,Consumer Discretionary
UAL,United Airlines Holdings Inc. Common Stock,Consumer Discretionary
UBCP,United Bancorp Inc. Common Stock,Finance
UBFO,United Security Bancshares Common Stock,Finance
UBSI,United Bankshares Inc. Common Stock,Finance
UBX,Unity Biotechnology Inc. Common Stock,Health Care
UBXG,U-BX Technology Ltd. Ordinary Shares,Technology
UCAR,U Power Limited Ordinary Shares,Consumer Discretionary
UCBI,United Community Banks Inc. Common Stock,Finance
UCBIO,United Community Banks Inc. Depositary Shares each representing 1/1000th interest in a share of Series I Non-CumulativePreferred Stock,Finance
UCL,uCloudlink Group Inc. American Depositary Shares,Consumer Discretionary
UCTT,Ultra Clean Holdings Inc. Common Stock,Technology
UDMY,Udemy Inc. Common Stock,Real Estate
UEIC,Universal Electronics Inc. Common Stock,Consumer Staples
UFCS,United Fire Group Inc. Common Stock,Finance
UFPI,UFP Industries Inc. Common Stock,Basic Materials
UFPT,UFP Technologies Inc. Common Stock,Health Care
UG,United-Guardian Inc. Common Stock,Consumer Discretionary
UGRO,urban-gro Inc. Common Stock,Consumer Discretionary
UHG,United Homes Group Inc Class A Common Stock,Consumer Discretionary
UHGWW,United Homes Group Inc. Warrant,Consumer Discretionary
UK,Ucommune International Ltd Ordinary Shares,Consumer Discretionary
UKOMW,Ucommune International Ltd Warrant expiring 11/17/2025,Consumer Discretionary
ULBI,Ultralife Corporation Common Stock,Miscellaneous
ULCC,Frontier Group Holdings Inc. Common Stock,Consumer Discretionary
ULH,Universal Logistics Holdings Inc. Common Stock,Industrials
ULTA,Ulta Beauty Inc. Common Stock,Consumer Discretionary
ULY,Urgent.ly Inc. Common Stock,Technology
UMBF,UMB Financial Corporation Common Stock,Finance
UNB,Union Bankshares Inc. Common Stock,Finance
UNCY,Unicycive Therapeutics Inc. Common Stock,Health Care
UNIT,Uniti Group Inc. Common Stock,Real Estate
UNTY,Unity Bancorp Inc. Common Stock,Finance
UONE,Urban One Inc. Class A Common Stock,Consumer Discretionary
UONEK,Urban One Inc. Class D Common Stock,Consumer Discretionary
UPBD,Upbound Group Inc. Common Stock,Consumer Discretionary
UPC,Universe Pharmaceuticals Inc. Ordinary Shares,Health Care
UPLD,Upland Software Inc. Common Stock,Technology
UPST,Upstart Holdings Inc. Common stock,Finance
UPWK,Upwork Inc. Common Stock,Technology
UPXI,Upexi Inc. Common Stock,Health Care
URBN,Urban Outfitters Inc. Common Stock,Consumer Discretionary
URGN,UroGen Pharma Ltd. Ordinary Shares,Health Care
UROY,Uranium Royalty Corp. Common Stock,Finance
USAP,Universal Stainless & Alloy Products Inc. Common Stock,Industrials
USAU,U.S. Gold Corp. Common Stock,Basic Materials
USCB,USCB Financial Holdings Inc. Class A Common Stock,Finance
USEA,United Maritime Corporation Common Stock,Consumer Discretionary
USEG,U.S. Energy Corp. Common Stock (DE),Energy
USGO,U.S. GoldMining Inc. Common stock,Basic Materials
USGOW,U.S. GoldMining Inc. Warrant,Basic Materials
USIO,Usio Inc. Common Stock,Finance
USLM,United States Lime & Minerals Inc. Common Stock,Industrials
USOI,Credit Suisse AG Credit Suisse X-Links Crude Oil Shares Covered Call ETN,Finance
UTHR,United Therapeutics Corporation Common Stock,Health Care
UTMD,Utah Medical Products Inc. Common Stock,Health Care
UTSI,UTStarcom Holdings Corp. Ordinary Shares,Telecommunications
UVSP,Univest Financial Corporation Common Stock,Finance
UXIN,Uxin Limited ADS,Consumer Discretionary
VABK,Virginia National Bankshares Corporation Common Stock,Finance
VALN,Valneva SE American Depositary Shares,Health Care
VALU,Value Line Inc. Common Stock,Finance
VANI,Vivani Medical Inc. Common Stock (DE),Health Care
VBFC,Village Bank and Trust Financial Corp. Common Stock,Finance
VBIV,VBI Vaccines Inc. New Common Stock (Canada),Health Care
VBNK,VersaBank Common Shares,
VBTX,Veritex Holdings Inc. Common Stock,Finance
VC,Visteon Corporation Common Stock,Consumer Discretionary
VCEL,Vericel Corporation Common Stock,Health Care
VCIG,VCI Global Limited Ordinary Share,Consumer Discretionary
VCNX,Vaccinex Inc. Common Stock,Health Care
VCSA,Vacasa Inc. Class A Common Stock,Finance
VCTR,Victory Capital Holdings Inc. Class A Common Stock,Finance
VCYT,Veracyte Inc. Common Stock,Health Care
VECO,Veeco Instruments Inc. Common Stock,Technology
VEEE,Twin Vee PowerCats Co. Common Stock,Industrials
VEON,VEON Ltd. ADS,Telecommunications
VERA,Vera Therapeutics Inc. Class A Common Stock,Health Care
VERB,Verb Technology Company Inc. Common Stock,Technology
VERI,Veritone Inc. Common Stock,Technology
VERO,Venus Concept Inc. Common Stock,Health Care
VERU,Veru Inc. Common Stock,Health Care
VERV,Verve Therapeutics Inc. Common Stock,Health Care
VERX,Vertex Inc. Class A Common Stock,Technology
VERY,Vericity Inc. Common Stock,Finance
VEV,Vicinity Motor Corp. Common Stock,Consumer Discretionary
VFF,Village Farms International Inc. Common Shares,
VFS,VinFast Auto Ltd. Ordinary Shares,Finance
VFSWW,VinFast Auto Ltd. Warrant,
VGAS,Verde Clean Fuels Inc. Class A Common Stock,Industrials
VGASW,Verde Clean Fuels Inc. Warrant,Industrials
VIA,Via Renewables Inc. Class A Common Stock,Utilities
VIASP,Via Renewables Inc. 8.75% Series A Fixed-to-Floating Rate Cumulative Redeemable Perpetual Preferred Stock,Utilities
VIAV,Viavi Solutions Inc. Common Stock,Technology
VICR,Vicor Corporation Common Stock,Technology
VIGL,Vigil Neuroscience Inc. Common Stock,Health Care
VINC,Vincerx Pharma Inc. Common Stock,Health Care
VINO,Gaucho Group Holdings Inc. Common Stock,Finance
VINP,Vinci Partners Investments Ltd. Class A Common Shares,Finance
VIOT,Viomi Technology Co. Ltd American Depositary Shares,Consumer Discretionary
VIR,Vir Biotechnology Inc. Common Stock,Health Care
VIRC,Virco Manufacturing Corporation Common Stock,Consumer Discretionary
VIRI,Virios Therapeutics Inc. Common Stock,Health Care
VIRT,Virtu Financial Inc. Class A Common Stock,Finance
VIRX,Viracta Therapeutics Inc. Common Stock,Health Care
VISL,Vislink Technologies Inc. Common Stock,Telecommunications
VITL,Vital Farms Inc. Common Stock,Consumer Staples
VIVK,Vivakor Inc. Common Stock,Utilities
VKTX,Viking Therapeutics Inc. Common Stock,Health Care
VLCN,Volcon Inc. Common stock,Consumer Discretionary
VLGEA,Village Super Market Inc. Class A Common Stock,Consumer Staples
VLY,Valley National Bancorp Common Stock,Finance
VLYPO,Valley National Bancorp 5.50% Fixed-to-Floating Rate Non-Cumulative Perpetual Preferred Stock Series B,Finance
VLYPP,Valley National Bancorp 6.25% Fixed-to-Floating Rate Non-Cumulative Perpetual Preferred Stock Series A,Finance
VMAR,Vision Marine Technologies Inc. Common Shares,Industrials
VMCA,Valuence Merger Corp. I Class A Ordinary Shares,Finance
VMCAU,Valuence Merger Corp. I Unit,Finance
VMCAW,Valuence Merger Corp. I Warrant,Finance
VMD,Viemed Healthcare Inc. Common Shares,
VMEO,Vimeo Inc. Common Stock,Technology
VNDA,Vanda Pharmaceuticals Inc. Common Stock,Health Care
VNET,VNET Group Inc. American Depositary Shares,Technology
VNOM,Viper Energy Inc. Class A Common Stock,Energy
VOD,Vodafone Group Plc American Depositary Shares,Telecommunications
VOR,Vor Biopharma Inc. Common Stock,Health Care
VOXR,Vox Royalty Corp. Common Stock,Basic Materials
VOXX,VOXX International Corporation Class A Common Stock,Technology
VRA,Vera Bradley Inc. Common Stock,Consumer Discretionary
VRAR,The Glimpse Group Inc. Common Stock,Technology
VRAX,Virax Biolabs Group Limited Ordinary Shares,Health Care
VRCA,Verrica Pharmaceuticals Inc. Common Stock,Health Care
VRDN,Viridian Therapeutics Inc. Common Stock,Health Care
VREX,Varex Imaging Corporation Common Stock,Technology
VRM,Vroom Inc. Common Stock,Consumer Discretionary
VRME,VerifyMe Inc. Common Stock,Technology
VRMEW,VerifyMe Inc. Warrant,Technology
VRNA,Verona Pharma plc American Depositary Share,Health Care
VRNS,Varonis Systems Inc. Common Stock,Technology
VRNT,Verint Systems Inc. Common Stock,Technology
VRPX,Virpax Pharmaceuticals Inc. Common Stock,Health Care
VRRM,Verra Mobility Corporation Class A Common Stock,Consumer Discretionary
VRSK,Verisk Analytics Inc. Common Stock,Consumer Discretionary
VRSN,VeriSign Inc. Common Stock,Technology
VRTX,Vertex Pharmaceuticals Incorporated Common Stock,Health Care
VS,Versus Systems Inc. Common Shares,
VSAT,ViaSat Inc. Common Stock,Technology
VSEC,VSE Corporation Common Stock,Consumer Discretionary
VSME,VS Media Holdings Limited Class A Ordinary Shares,Consumer Discretionary
VSSYW,Versus Systems Inc. Class A Warrants,
VSTA,Vasta Platform Limited Class A Ordinary Shares,Real Estate
VSTE,Vast Renewables Limited Ordinary Shares,Industrials
VSTEW,Vast Renewables Limited Warrants,Industrials
VSTM,Verastem Inc. Common Stock,Health Care
VTGN,Vistagen Therapeutics Inc. Common Stock,Health Care
VTNR,Vertex Energy Inc Common Stock,Energy
VTRS,Viatris Inc. Common Stock,Health Care
VTRU,Vitru Limited Common Shares,Real Estate
VTSI,VirTra Inc. Common Stock,Consumer Discretionary
VTVT,vTv Therapeutics Inc. Class A Common Stock,Health Care
VTYX,Ventyx Biosciences Inc. Common Stock,Health Care
VUZI,Vuzix Corporation Common Stock,Technology
VVOS,Vivos Therapeutics Inc. Common Stock,Health Care
VVPR,VivoPower International PLC Ordinary Shares,Utilities
VWE,Vintage Wine Estates Inc. Common Stock,Consumer Staples
VWEWW,Vintage Wine Estates Inc. Warrants,Consumer Staples
VXRT,Vaxart Inc Common Stock,Health Care
VYGR,Voyager Therapeutics Inc. Common Stock,Health Care
VYNE,VYNE Therapeutics Inc. Common Stock,Health Care
WABC,Westamerica Bancorporation Common Stock,Finance
WAFD,WaFd Inc. Common Stock,Finance
WAFDP,WaFd Inc. Depositary Shares,Finance
WAFU,Wah Fu Education Group Limited Ordinary Shares,Real Estate
WALD,Waldencast plc Class A Ordinary Share,Consumer Discretionary
WASH,Washington Trust Bancorp Inc. Common Stock,Finance
WATT,Energous Corporation Common Stock,Technology
WAVD,WaveDancer Inc. Common Stock,Technology
WAVE,Eco Wave Power Global AB (publ) American Depositary Shares,Utilities
WAVS,Western Acquisition Ventures Corp. Common Stock,Technology
WB,Weibo Corporation American Depositary Share,Technology
WBA,Walgreens Boots Alliance Inc. Common Stock,Consumer Staples
WBD,Warner Bros. Discovery Inc. Series A Common Stock,Telecommunications
WBUY,WEBUY GLOBAL LTD. Ordinary Shares,Consumer Discretionary
WDAY,Workday Inc. Class A Common Stock,Technology
WDC,Western Digital Corporation Common Stock,Technology
WDFC,WD-40 Company Common Stock,Industrials
WEN,Wendy's Company (The) Common Stock,Consumer Discretionary
WERN,Werner Enterprises Inc. Common Stock,Industrials
WEST,Westrock Coffee Company Common Stock,Consumer Staples
WESTW,Westrock Coffee Company Warrants,Consumer Staples
WETH,Wetouch Technology Inc. Common Stock,Technology
WEYS,Weyco Group Inc. Common Stock,Consumer Staples
WFCF,Where Food Comes From Inc. Common Stock,Technology
WFRD,Weatherford International plc Ordinary Shares,Industrials
WGS,GeneDx Holdings Corp. Class A Common Stock,Technology
WGSWW,GeneDx Holdings Corp. Warrant,Technology
WHF,WhiteHorse Finance Inc. Common Stock,Finance
WHFCL,WhiteHorse Finance Inc. 7.875% Notes due 2028,
WHLM,Wilhelmina International Inc. Common Stock,Consumer Discretionary
WHLR,Wheeler Real Estate Investment Trust Inc. Common Stock,Real Estate
WHLRD,Wheeler Real Estate Investment Trust Inc. Series D Cumulative Preferred Stock,Real Estate
WHLRL,Wheeler Real Estate Investment Trust Inc. 7.00% Senior Subordinated Convertible Notes Due 2031,Real Estate
WHLRP,Wheeler Real Estate Investment Trust Inc. Class B Preferred Stock,Real Estate
WILC,G. Willi-Food International  Ltd. Ordinary Shares,Consumer Discretionary
WIMI,WiMi Hologram Cloud Inc. American Depositary Share,Technology
WINA,Winmark Corporation Common Stock,Consumer Discretionary
WING,Wingstop Inc. Common Stock,Consumer Discretionary
WINT,Windtree Therapeutics Inc. Common Stock,Health Care
WINV,WinVest Acquisition Corp. Common Stock,Finance
WINVR,WinVest Acquisition Corp. Right,Finance
WIRE,Encore Wire Corporation Common Stock,Industrials
WISA,WiSA Technologies Inc. Common Stock,Technology
WIX,Wix.com Ltd. Ordinary Shares,Technology
WKEY,WISeKey International Holding Ltd American Depositary Shares,Technology
WKHS,Workhorse Group Inc. Common Stock,Consumer Discretionary
WKME,WalkMe Ltd. Ordinary Shares,Technology
WKSP,Worksport Ltd. Common Stock,Consumer Discretionary
WKSPW,Worksport Ltd. Warrant,Consumer Discretionary
WLDN,Willdan Group Inc. Common Stock,Consumer Discretionary
WLDS,Wearable Devices Ltd. Ordinary Share,Telecommunications
WLFC,Willis Lease Finance Corporation Common Stock,Consumer Discretionary
WLGS,Wang & Lee Group Inc. Ordinary Shares,Consumer Discretionary
WMG,Warner Music Group Corp. Class A Common Stock,Consumer Discretionary
WMPN,William Penn Bancorporation Common Stock,Finance
WNEB,Western New England Bancorp Inc. Common Stock,Finance
WNW,Meiwu Technology Company Limited Ordinary Shares,Consumer Discretionary
WOOF,Petco Health and Wellness Company Inc. Class A Common Stock,Consumer Discretionary
WORX,SCWorx Corp. Common Stock,Consumer Discretionary
WPRT,Westport Fuel Systems Inc Common Shares,Industrials
WRAP,Wrap Technologies Inc. Common Stock,Industrials
WRLD,World Acceptance Corporation Common Stock,Finance
WRNT,Warrantee Inc. American Depositary Shares,Consumer Discretionary
WSBC,WesBanco Inc. Common Stock,Finance
WSBCP,WesBanco Inc. Depositary Shares Each Representing a 1/40th Interest in a Share of 6.75% Fixed-Rate Reset Non-Cumulative Perpetual Preferred Stock Series A,Finance
WSBF,Waterstone Financial Inc. Common Stock (MD),Finance
WSC,WillScot Mobile Mini Holdings Corp. Class A Common Stock,Industrials
WSFS,WSFS Financial Corporation Common Stock,Finance
WTBA,West Bancorporation Common Stock,Finance
WTFC,Wintrust Financial Corporation Common Stock,Finance
WTFCM,Wintrust Financial Corporation Fixed-to-Floating Rate Non-Cumulative Perpetual Preferred Stock Series D,Finance
WTFCP,Wintrust Financial Corporation Depositary Shares Each Representing a 1/1000th Interest in a Share of 6.875% Fixed-Rate Reset Non-Cumulative Perpetual Preferred Stock Series E,Finance
WTMA,Welsbach Technology Metals Acquisition Corp. Common Stock,Miscellaneous
WTO,UTime Limited Ordinary Shares,Technology
WTW,Willis Towers Watson Public Limited Company Ordinary Shares,Finance
WULF,TeraWulf Inc. Common Stock,Technology
WVE,Wave Life Sciences Ltd. Ordinary Shares,Health Care
WVVI,Willamette Valley Vineyards Inc. Common Stock,Consumer Staples
WVVIP,Willamette Valley Vineyards Inc. Series A Redeemable Preferred Stock,Consumer Staples
WW,WW International Inc. Common Stock,Consumer Discretionary
WWD,Woodward Inc. Common Stock,Energy
WYNN,Wynn Resorts Limited Common stock,Consumer Discretionary
XAIR,Beyond Air Inc. Common Stock,Health Care
XBIO,Xenetic Biosciences Inc. Common Stock,Health Care
XBIOW,Xenetic Biosciences Inc. Warrants,Health Care
XBIT,XBiotech Inc. Common Stock,Health Care
XBP,XBP Europe Holdings Inc. Common Stock,Consumer Discretionary
XCUR,Exicure Inc. Common Stock,Health Care
XEL,Xcel Energy Inc. Common Stock,Utilities
XELA,Exela Technologies Inc. Common Stock,Consumer Discretionary
XELAP,Exela Technologies Inc. 6.00% Series B Cumulative Convertible Perpetual Preferred Stock,Technology
XELB,Xcel Brands Inc. Common Stock,Miscellaneous
XENE,Xenon Pharmaceuticals Inc. Common Shares,Health Care
XERS,Xeris Biopharma Holdings Inc. Common Stock,Health Care
XFIN,ExcelFin Acquisition Corp Class A Common Stock,Finance
XFOR,X4 Pharmaceuticals Inc. Common Stock,Health Care
XGN,Exagen Inc. Common Stock,Health Care
XHG,XChange TEC.INC American Depositary Shares,Finance
XLO,Xilio Therapeutics Inc. Common Stock,Health Care
XMTR,Xometry Inc. Class A Common Stock,Consumer Discretionary
XNCR,Xencor Inc. Common Stock,Health Care
XNET,Xunlei Limited American Depositary Shares,Technology
XOMA,XOMA Corporation Common Stock,Health Care
XOMAO,XOMA Corporation Depositary Shares Rep Series B 8.375% Cumulative Preferred Stock,Health Care
XOMAP,XOMA Corporation 8.625% Series A Cumulative Perpetual Preferred Stock,Health Care
XOS,Xos Inc. Common Stock,Consumer Discretionary
XOSWW,Xos Inc. Warrants,Consumer Discretionary
XP,XP Inc. Class A Common Stock,Finance
XPEL,XPEL Inc. Common Stock,Industrials
XPON,Expion360 Inc. Common Stock,Miscellaneous
XRAY,DENTSPLY SIRONA Inc. Common Stock,Health Care
XRTX,XORTX Therapeutics Inc. Common Stock,Health Care
XRX,Xerox Holdings Corporation Common Stock,Technology
XTIA,XTI Aerospace Inc. Common Stock,Technology
XTKG,X3 Holdings Co. Ltd. Ordinary Shares,Technology
XTLB,XTL Biopharmaceuticals Ltd. American Depositary Shares,Health Care
XWEL,XWELL Inc. Common Stock,Consumer Discretionary
XXII,22nd Century Group Inc. Common Stock,Health Care
XYLO,Xylo Technologies Ltd. American Depositary Shares,Health Care
YGMZ,MingZhu Logistics Holdings Limited Ordinary Shares,Consumer Discretionary
YHGJ,Yunhong Green CTI Ltd. Common Stock,Industrials
YI,111 Inc. American Depositary Shares,Consumer Staples
YIBO,Planet Image International Limited Class A Ordinary Shares,
YJ,Yunji Inc. American Depository Shares,Consumer Discretionary
YMAB,Y-mAbs Therapeutics Inc. Common Stock,Health Care
YORW,York Water Company (The) Common Stock,Utilities
YOSH,Yoshiharu Global Co. Class A Common Stock,Consumer Discretionary
YOTA,Yotta Acquisition Corporation Common Stock,Consumer Staples
YQ,17 Education & Technology Group Inc. American Depositary Shares,Real Estate
YTRA,Yatra Online Inc. Ordinary Shares,Consumer Discretionary
YY,JOYY Inc. American Depositary Shares,Technology
YYAI,Connexa Sports Technologies Inc. Common Stock,Consumer Discretionary
YYGH,YY Group Holding Limited Class A Ordinary Shares,Consumer Discretionary
Z,Zillow Group Inc. Class C Capital Stock,Consumer Discretionary
ZAPP,Zapp Electric Vehicles Group Limited Ordinary Shares,Consumer Discretionary
ZAPPW,Zapp Electric Vehicles Group Limited Warrant,Consumer Discretionary
ZBAO,Zhibao Technology Inc. Class A Ordinary Shares,Finance
ZBRA,Zebra Technologies Corporation Class A Common Stock,Industrials
ZCAR,Zoomcar Holdings Inc. Common Stock,Consumer Discretionary
ZCARW,Zoomcar Holdings Inc. Warrants,Consumer Discretionary
ZCMD,Zhongchao Inc. Class A Ordinary Shares,Real Estate
ZD,Ziff Davis Inc. Common Stock,Telecommunications
ZENV,Zenvia Inc. Class A Common Stock,Technology
ZEO,Zeo Energy Corporation Class A Common Stock,Miscellaneous
ZEOWW,Zeo Energy Corporation Warrants,Miscellaneous
ZEUS,Olympic Steel Inc. Common Stock,Industrials
ZG,Zillow Group Inc. Class A Common Stock,Consumer Discretionary
ZI,ZoomInfo Technologies Inc Common Stock,Technology
ZIMV,ZimVie Inc. Common Stock,Health Care
ZION,Zions Bancorporation N.A. Common Stock,Finance
ZIONL,Zions Bancorporation 6.95% Fixed-to-Floating Rate Subordinated Notes,Finance
ZIONO,Zions Bancorporation N.A. Dep Shs Repstg 1/40th Perp Pfd Ser G,Finance
ZIONP,Zions Bancorporation N.A. Depositary Shares (Each representing 1/40th Interest in a Share of Series A Floating-Rate Non-Cumulative Perpetual Preferred Stock),Finance
ZJYL,JIN MEDICAL INTERNATIONAL LTD. Ordinary Shares,Health Care
ZKIN,ZK International Group Co. Ltd Ordinary Share,Industrials
ZLAB,Zai Lab Limited American Depositary Shares,Health Care
ZLS,Zalatoris II Acquisition Corp Class A Ordinary Shares,Finance
ZLSWW,Zalatoris II Acquisition Corp Warrant,Finance
ZM,Zoom Video Communications Inc. Class A Common Stock,Technology
ZNTL,Zentalis Pharmaceuticals Inc. Common Stock,Health Care
ZOOZ,ZOOZ Power Ltd. Ordinary Shares,Technology
ZOOZW,ZOOZ Power Ltd. Warrant,Technology
ZPTA,Zapata Computing Holdings Inc. Common Stock,Finance
ZPTAW,Zapata Computing Holdings Inc. Warrant,Finance
ZS,Zscaler Inc. Common Stock,Technology
ZTEK,Zentek Ltd. Common Stock,
ZUMZ,Zumiez Inc. Common Stock,Consumer Discretionary
ZURA,Zura Bio Limited Class A Ordinary Shares,Health Care
ZURAW,Zura Bio Limited Warrants,Health Care
ZVRA,Zevra Therapeutics Inc. Common Stock,Health Care
ZVSA,ZyVersa Therapeutics Inc. Common Stock,Health Care
ZYME,Zymeworks Inc. Common Stock,Health Care
ZYXI,Zynex Inc. Common Stock,Health Care
