Symbol,Name,Sector
A,Agilent Technologies Inc. Common Stock,Industrials
AA,Alcoa Corporation Common Stock,Industrials
AACT,Ares Acquisition Corporation II Class A Ordinary Shares,Finance
AAN,Aarons Holdings Company Inc. Common Stock,Miscellaneous
AAP,Advance Auto Parts Inc.,Consumer Discretionary
AAT,American Assets Trust Inc. Common Stock,Real Estate
AB,AllianceBernstein Holding L.P.  Units,Finance
ABBV,AbbVie Inc. Common Stock,Health Care
ABEV,Ambev S.A. American Depositary Shares (Each representing 1 Common Share),Consumer Staples
ABG,Asbury Automotive Group Inc Common Stock,Consumer Discretionary
ABM,ABM Industries Incorporated Common Stock,Finance
ABR,Arbor Realty Trust Common Stock,Real Estate
ABR^D,Arbor Realty Trust 6.375% Series D Cumulative Redeemable Preferred Stock Liquidation Preference $25.00 per Share,
ABR^E,Arbor Realty Trust 6.25% Series E Cumulative Redeemable Preferred Stock,
ABR^F,Arbor Realty Trust 6.25% Series F Fixed-to-Floating Rate Cumulative Redeemable Preferred Stock Liquidation Preference $25.00 per share,
ABT,Abbott Laboratories Common Stock,Health Care
AC,Associated Capital Group Inc. Common Stock,Finance
ACA,Arcosa Inc. Common Stock,Industrials
ACCO,Acco Brands Corporation Common Stock,Consumer Discretionary
ACEL,Accel Entertainment Inc.,Consumer Discretionary
ACHR,Archer Aviation Inc. Class A Common Stock,Industrials
ACI,Albertsons Companies Inc. Class A Common Stock,Consumer Staples
ACM,AECOM Common Stock,Consumer Discretionary
ACN,Accenture plc Class A Ordinary Shares (Ireland),Consumer Discretionary
ACP,abrdn Income Credit Strategies Fund Common Shares,Finance
ACP^A,abrdn Income Credit Strategies Fund 5.250% Series A Perpetual Preferred Stock,
ACR,ACRES Commercial Realty Corp. Common Stock,Real Estate
ACR^C,ACRES Commercial Realty Corp. 8.625% Fixed-to-Floating Series C Cumulative Redeemable Preferred Stock,
ACR^D,ACRES Commercial Realty Corp. 7.875% Series D Cumulative Redeemable Preferred Stock,
ACRE,Ares Commercial Real Estate Corporation Common Stock,Real Estate
ACV,Virtus Diversified Income & Convertible Fund Common Shares of Beneficial Interest,Finance
ADC,Agree Realty Corporation Common Stock,Real Estate
ADC^A,Agree Realty Corporation Depositary Shares each representing 1/1000th of a 4.250% Series A Cumulative Redeemable Preferred Stock,
ADCT,ADC Therapeutics SA Common Shares,Health Care
ADM,Archer-Daniels-Midland Company Common Stock,Consumer Staples
ADNT,Adient plc Ordinary Shares,Consumer Discretionary
ADT,ADT Inc. Common Stock,Consumer Discretionary
ADX,Adams Diversified Equity Fund Inc.,Finance
AEE,Ameren Corporation Common Stock,Utilities
AEFC,Aegon Funding Company LLC 5.10% Subordinated Notes due 2049,
AEG,Aegon Ltd. New York Registry Shares,Finance
AEM,Agnico Eagle Mines Limited Common Stock,Basic Materials
AEO,American Eagle Outfitters Inc. Common Stock,Consumer Discretionary
AER,AerCap Holdings N.V. Ordinary Shares,Consumer Discretionary
AES,The AES Corporation Common Stock,Utilities
AESI,Atlas Energy Solutions Inc. Common Stock,Industrials
AEVA,Aeva Technologies Inc. Common Stock,Consumer Discretionary
AFB,AllianceBernstein National Municipal Income Fund Inc,Finance
AFG,American Financial Group Inc. Common Stock,Finance
AFGB,American Financial Group Inc. 5.875% Subordinated Debentures due 2059,Finance
AFGC,American Financial Group Inc. 5.125% Subordinated Debentures due 2059,Finance
AFGD,American Financial Group Inc. 5.625% Subordinated Debentures due 2060,Finance
AFGE,American Financial Group Inc. 4.500% Subordinated Debentures due 2060,
AFL,AFLAC Incorporated Common Stock,Finance
AFT,Apollo Senior Floating Rate Fund Inc. Common Stock,Finance
AG,First Majestic Silver Corp. Ordinary Shares (Canada),Basic Materials
AGCO,AGCO Corporation Common Stock,Industrials
AGD,abrdn Global Dynamic Dividend Fund Common Shares of Beneficial Interest,Finance
AGI,Alamos Gold Inc. Class A Common Shares,Basic Materials
AGL,agilon health inc. Common Stock,Health Care
AGM,Federal Agricultural Mortgage Corporation Common Stock,Finance
AGM^C,Federal Agricultural Mortgage Corporation Preferred Series C Fixed to Fltg,
AGM^D,Federal Agricultural Mortgage Corporation 5.700% Non-Cumulative Preferred Stock Series D,
AGM^E,Federal Agricultural Mortgage Corporation 5.750% Non-Cumulative Preferred Stock Series E,
AGM^F,Federal Agricultural Mortgage Corporation 5.250% Non-Cumulative Preferred Stock Series F,
AGM^G,Federal Agricultural Mortgage Corporation 4.875% Non-Cumulative Preferred Stock Series G,
AGO,Assured Guaranty Ltd. Common Stock,Finance
AGR,Avangrid Inc. Common Stock,Utilities
AGRO,Adecoagro S.A. Common Shares,Consumer Staples
AGS,PlayAGS Inc. Common Stock,Consumer Discretionary
AGX,Argan Inc. Common Stock,Consumer Discretionary
AHH,Armada Hoffler Properties Inc. Common Stock,Finance
AHH^A,Armada Hoffler Properties Inc. 6.75% Series A Cumulative Redeemable Perpetual Preferred Stock,
AHL^C,Aspen Insurance Holdings Limited 5.95% Fixed-to-Floating Rate Perpetual Non-Cumulative Preference Shares,
AHL^D,Aspen Insurance Holdings Limited 5.625% Perpetual Non-Cumulative Preference Shares,
AHL^E,Aspen Insurance Holdings Limited Depositary Shares each representing a 1/1000th interest in a share of 5.625% Perpetual Non-Cumulative Preference Shares,
AHR,American Healthcare REIT Inc. Common Stock,Real Estate
AHT,Ashford Hospitality Trust Inc Common Stock,Real Estate
AHT^D,Ashford Hospitality Trust Inc 8.45% Series D Cumulative Preferred Stock,
AHT^F,Ashford Hospitality Trust Inc 7.375% Series F Cumulative Preferred Stock,
AHT^G,Ashford Hospitality Trust Inc 7.375% Series G Cumulative Preferred Stock,
AHT^H,Ashford Hospitality Trust Inc 7.50% Series H Cumulative Preferred Stock,
AHT^I,Ashford Hospitality Trust Inc 7.50% Series I Cumulative Preferred Stock,
AI,C3.ai Inc. Class A Common Stock,Technology
AIF,Apollo Tactical Income Fund Inc. Common Stock,Finance
AIG,American International Group Inc. New Common Stock,Finance
AIN,Albany International Corporation Common Stock,Consumer Discretionary
AIO,Virtus Artificial Intelligence & Technology Opportunities Fund Common Shares of Beneficial Interest,Finance
AIR,AAR Corp. Common Stock,Industrials
AIRC,Apartment Income REIT Corp. Common Stock,Real Estate
AIT,Applied Industrial Technologies Inc. Common Stock,Consumer Discretionary
AIU,Meta Data Limited ADS,Real Estate
AIV,Apartment Investment and Management Company Common Stock,Real Estate
AIZ,Assurant Inc. Common Stock,Finance
AIZN,Assurant Inc. 5.25% Subordinated Notes due 2061,Finance
AJG,Arthur J. Gallagher & Co. Common Stock,Finance
AJX,Great Ajax Corp. Common Stock,Real Estate
AKA,a.k.a. Brands Holding Corp. Common Stock,Consumer Discretionary
AKO/A,Embotelladora Andina S.A.,
AKO/B,Embotelladora Andina S.A.,
AKR,Acadia Realty Trust Common Stock,Real Estate
AL,Air Lease Corporation Class A Common Stock,Consumer Discretionary
AL^A,Air Lease Corporation 6.150% Fixed-to-Floating Rate Non-Cumulative Perpetual Preferred Stock Series A,
ALB,Albemarle Corporation Common Stock,Industrials
ALB^A,Albemarle Corporation Depositary Shares each representing a 1/20th of 7.25% Series A Mandatory Convertible Preferred Stock,
ALC,Alcon Inc. Ordinary Shares,Health Care
ALE,Allete Inc.,Utilities
ALEX,Alexander & Baldwin Inc. Common Stock REIT Holding Company,Real Estate
ALG,Alamo Group Inc. Common Stock,Industrials
ALIT,Alight Inc. Class A Common Stock,Consumer Discretionary
ALK,Alaska Air Group Inc. Common Stock,Consumer Discretionary
ALL,Allstate Corporation (The) Common Stock,Finance
ALL^B,Allstate Corporation (The) 5.100% Fixed-to-Floating Rate Subordinated Debentures due 2053,
ALL^H,Allstate Corporation (The) Depositary Shares each representing a 1/1000th interest in a share of Fixed Rate Noncumulative Perpetual Preferred Stock Series H,
ALL^I,Allstate Corporation (The) Depositary Shares each representing a 1/1000th interest in a share of Fixed Rate Noncumulative Perpetual Preferred Stock Series I,
ALL^J,Allstate Corporation (The) Depositary Shares each representing a 1/1000th interest in a share of Fixed Rate Noncumulative Perpetual Preferred Stock Series J,
ALLE,Allegion plc Ordinary Shares,Consumer Discretionary
ALLG,Allego N.V. Ordinary Share,Consumer Discretionary
ALLY,Ally Financial Inc. Common Stock,Finance
ALSN,Allison Transmission Holdings Inc. Common Stock,Consumer Discretionary
ALTG,Alta Equipment Group Inc. Class A Common Stock,Industrials
ALTG^A,Alta Equipment Group Inc. Depositary Shares (each representing 1/1000th in a share of 10% Series A Cumulative Perpetual Preferred Stock),
ALTM,Arcadium Lithium plc Ordinary Shares,Industrials
ALUR,Allurion Technologies Inc. Common Stock,Health Care
ALV,Autoliv Inc. Common Stock,Consumer Discretionary
ALX,Alexander's Inc. Common Stock,Real Estate
AM,Antero Midstream Corporation Common Stock,Utilities
AMBC,Ambac Financial Group Inc. Common Stock,Finance
AMBP,Ardagh Metal Packaging S.A. Ordinary Shares,Industrials
AMC,AMC Entertainment Holdings Inc. Class A Common Stock,Consumer Discretionary
AMCR,Amcor plc Ordinary Shares,Consumer Discretionary
AME,AMETEK Inc.,Industrials
AMG,Affiliated Managers Group Inc. Common Stock,Finance
AMH,American Homes 4 Rent Common Shares of Beneficial Interest,Real Estate
AMH^G,American Homes 4 Rent Series G cumulative redeemable perpetual preferred shares of beneficial interest,
AMH^H,American Homes 4 Rent Series H cumulative redeemable perpetual Preferred Shares of Beneficial Interest,
AMK,AssetMark Financial Holdings Inc. Common Stock,Finance
AMN,AMN Healthcare Services Inc,Health Care
AMP,Ameriprise Financial Inc. Common Stock,Finance
AMPS,Altus Power Inc. Class A Common Stock,Utilities
AMPX,Amprius Technologies Inc. Common Stock,Miscellaneous
AMPY,Amplify Energy Corp. Common Stock,Energy
AMR,Alpha Metallurgical Resources Inc. Common Stock,Energy
AMRC,Ameresco Inc. Class A Common Stock,Consumer Discretionary
AMT,American Tower Corporation (REIT) Common Stock,Real Estate
AMTB,Amerant Bancorp Inc. Class A Common Stock,Finance
AMTD,AMTD IDEA Group American Depositary Shares each representing six (6) Class A Ordinary Shares,
AMWL,American Well Corporation Class A Common Stock,Consumer Discretionary
AMX,America Movil S.A.B. de C.V. American Depositary Shares (each representing the right to receive twenty (20) Series B Shares,Telecommunications
AN,AutoNation Inc. Common Stock,Consumer Discretionary
ANET,Arista Networks Inc. Common Stock,Technology
ANF,Abercrombie & Fitch Company Common Stock,Consumer Discretionary
ANG^A,American National Group Inc. Depositary Shares each representing a 1/1000th interest in a share of  5.95% Fixed-Rate Reset Non-Cumulative Preferred Stock Series A,
ANG^B,American National Group Inc. Depositary Shares each representing a 1/1000th interest in a share of 6.625% Fixed-Rate Reset Non-Cumulative Preferred Stock Series B,
ANRO,Alto Neuroscience Inc. Common Stock,Health Care
ANVS,Annovis Bio Inc. Common Stock,Health Care
AOD,abrdn Total Dynamic Dividend Fund Common Shares of Beneficial Interest,Finance
AOMR,Angel Oak Mortgage REIT Inc. Common Stock,Finance
AON,Aon plc Class A Ordinary Shares (Ireland),Finance
AORT,Artivion Inc. Common Stock,Health Care
AOS,A.O. Smith Corporation Common Stock,Industrials
AP,Ampco-Pittsburgh Corporation Common Stock,Industrials
APAM,Artisan Partners Asset Management Inc. Class A Common Stock,Finance
APCA,AP Acquisition Corp Class A Ordinary Shares,Finance
APD,Air Products and Chemicals Inc. Common Stock,Industrials
APG,APi Group Corporation Common Stock,Consumer Discretionary
APH,Amphenol Corporation Common Stock,Technology
APLE,Apple Hospitality REIT Inc. Common Shares,Real Estate
APO,Apollo Global Management Inc. (New) Common Stock,Finance
APO^A,Apollo Global Management Inc. 6.75% Series A Mandatory Convertible Preferred Stock,
APOS,Apollo Global Management Inc. 7.625% Fixed-Rate Resettable Junior Subordinated Notes due 2053,Finance
APTV,Aptiv PLC Ordinary Shares,Consumer Discretionary
AQN,Algonquin Power & Utilities Corp. Common Shares,Utilities
AQNB,Algonquin Power & Utilities Corp. 6.20% Fixed-to-Floating Subordinated Notes Series 2019-A due July 1 2079,Utilities
AQNU,Algonquin Power & Utilities Corp. Corporate Units,Utilities
AR,Antero Resources Corporation Common Stock,Energy
ARC,ARC Document Solutions Inc. Common Stock,Consumer Discretionary
ARCH,Arch Resources Inc. Class A Common Stock,Energy
ARCO,Arcos Dorados Holdings Inc. Class A Shares,Consumer Discretionary
ARDC,Ares Dynamic Credit Allocation Fund Inc. Common Shares,Finance
ARE,Alexandria Real Estate Equities Inc. Common Stock,Real Estate
ARES,Ares Management Corporation Class A Common Stock,Finance
ARGD,Argo Group International Holdings Ltd. 6.5% Senior Notes Due 2042,Finance
ARGO^A,Argo Group International Holdings Inc. Depositary Shares Each Representing a 1/1000th Interest in a 7.00% Resettable Fixed Rate Preference Share Series A,
ARI,Apollo Commercial Real Estate Finance Inc,Real Estate
ARIS,Aris Water Solutions Inc. Class A Common Stock,Energy
ARL,American Realty Investors Inc. Common Stock,Real Estate
ARLO,Arlo Technologies Inc. Common Stock,Consumer Staples
ARMK,Aramark Common Stock,Consumer Discretionary
AROC,Archrock Inc. Common Stock,Energy
ARR,ARMOUR Residential REIT Inc.,Real Estate
ARR^C,ARMOUR Residential REIT Inc. 7% Series C Cumulative Redeemable Preferred Stock (liquidation preference $25.00 per share),
ARW,Arrow Electronics Inc. Common Stock,Technology
AS,Amer Sports Inc. Ordinary Shares,Consumer Discretionary
ASA,ASA  Gold and Precious Metals Limited,Industrials
ASAI,Sendas Distribuidora S A ADS,Consumer Staples
ASAN,Asana Inc. Class A Common Stock,Technology
ASB,Associated Banc-Corp Common Stock,Finance
ASB^E,Associated Banc-Corp Depositary Shares each representing a 1/40th interest in a share of 5.875% Non-Cumulative Perpetual Preferred Stock Series E,
ASB^F,Associated Banc-Corp Depositary Shares each representing a 1/40th interest in a share of Associated Banc-Corp 5.625% Non-Cumulative Perpetual Preferred Stock Series F,
ASBA,Associated Banc-Corp 6.625% Fixed-Rate Reset Subordinated Notes due 2033,Finance
ASC,Ardmore Shipping Corporation Common Stock,Consumer Discretionary
ASG,Liberty All-Star Growth Fund Inc.,Finance
ASGI,abrdn Global Infrastructure Income Fund Common Shares of Beneficial Interest,Finance
ASGN,ASGN Incorporated Common Stock,Technology
ASH,Ashland Inc. Common Stock,Consumer Discretionary
ASIX,AdvanSix Inc. Common Stock,Industrials
ASPN,Aspen Aerogels Inc. Common Stock,Consumer Discretionary
ASR,Grupo Aeroportuario del Sureste S.A. de C.V. Common Stock,Consumer Discretionary
ASX,ASE Technology Holding Co. Ltd. American Depositary Shares (each representing Two Common Shares),Technology
ATCO^D,Atlas Corp. 7.95% Series D,
ATCO^H,Atlas Corp. 7.875% Series H,
ATEN,A10 Networks Inc. Common Stock,Technology
ATGE,Adtalem Global Education Inc. Common Stock,Real Estate
ATH^A,Athene Holding Ltd. Depositary Shares Each Representing a 1/1000th Interest in a 6.35% Fixed-to-Floating Rate Perpetual Non-Cumulative Preference Share Series A,
ATH^B,Athene Holding Ltd. Depositary Shares Each Representing a 1/1000th Interest in a 5.625% Fixed Rate Perpetual Non- Cumulative Preference Share Series B par value $1.00 per share,
ATH^C,Athene Holding Ltd. Depositary Shares each representing a 1/1000th Interest in a Share of 6.375% Fixed-Rate Reset Perpetual Non-Cumulative Preference Shares Series C,
ATH^D,Athene Holding Ltd. Depositary Shares Each Representing a 1/1000th Interest in a 4.875% Fixed-Rate Perpetual Non-Cumulative Preference Share Series D,
ATH^E,Athene Holding Ltd. Depositary Shares Each Representing a 1/1000th Interest in a 7.750% Fixed-Rate Reset Perpetual Non-Cumulative Preference Share Series E,
ATHM,Autohome Inc. American Depositary Shares each representing four class A ordinary shares.,Technology
ATHS,Athene Holding Ltd. 7.250% Fixed-Rate Reset Junior Subordinated Debentures due 2064,
ATI,ATI Inc. Common Stock,Industrials
ATIP,ATI Physical Therapy Inc. Class A Common Stock,Health Care
ATKR,Atkore Inc. Common Stock,Miscellaneous
ATMU,Atmus Filtration Technologies Inc. Common Stock,Consumer Discretionary
ATO,Atmos Energy Corporation Common Stock,Utilities
ATR,AptarGroup Inc. Common Stock,Industrials
ATS,ATS Corporation Common Shares,Industrials
ATUS,Altice USA Inc. Class A Common Stock,Telecommunications
AU,AngloGold Ashanti PLC Ordinary Shares,Basic Materials
AUB,Atlantic Union Bankshares Corporation Common Stock,Finance
AUB^A,Atlantic Union Bankshares Corporation Depositary Shares each representing a 1/400th ownership interest in a share of 6.875% Perpetual Non-Cumulative Preferred Stock Series A,
AUNA,Auna SA Class A Ordinary Shares,Health Care
AVA,Avista Corporation Common Stock,Utilities
AVAL,Grupo Aval Acciones y Valores S.A. ADR (Each representing 20 preferred shares),Finance
AVB,AvalonBay Communities Inc. Common Stock,Real Estate
AVD,American Vanguard Corporation Common Stock ($0.10 Par Value),Industrials
AVK,Advent Convertible and Income Fund,Finance
AVNS,Avanos Medical Inc. Common Stock,Health Care
AVNT,Avient Corporation Common Stock,Industrials
AVTR,Avantor Inc. Common Stock,Industrials
AVY,Avery Dennison Corporation Common Stock,Consumer Discretionary
AWF,Alliancebernstein Global High Income Fund,Finance
AWI,Armstrong World Industries Inc Common Stock,Industrials
AWK,American Water Works Company Inc. Common Stock,Utilities
AWP,abrdn Global Premier Properties Fund Common Shares of Beneficial Interest,Finance
AWR,American States Water Company Common Stock,Utilities
AX,Axos Financial Inc. Common Stock,Finance
AXL,American Axle & Manufacturing Holdings Inc. Common Stock,Consumer Discretionary
AXP,American Express Company Common Stock,Finance
AXR,AMREP Corporation Common Stock,Real Estate
AXS,Axis Capital Holdings Limited Common Stock,Finance
AXS^E,Axis Capital Holdings Limited Depositary Shares each representing 1/100th interest in a share of a 5.50% Series E Preferred Shares,
AXTA,Axalta Coating Systems Ltd. Common Shares,Consumer Discretionary
AYI,Acuity Brands Inc.,Consumer Discretionary
AZEK,The AZEK Company Inc. Class A Common Stock,Industrials
AZO,AutoZone Inc. Common Stock,Consumer Discretionary
AZUL,Azul S.A. American Depositary Shares (each representing three preferred shares),Consumer Discretionary
AZZ,AZZ Inc.,Industrials
B,Barnes Group Inc. Common Stock,Industrials
BA,Boeing Company (The) Common Stock,Industrials
BABA,Alibaba Group Holding Limited American Depositary Shares each representing eight Ordinary share,Consumer Discretionary
BAC,Bank of America Corporation Common Stock,Finance
BAC^B,Bank of America Corporation Depositary Shares each representing a 1/1000th interest in a share of 6.000% Non-Cumulative Preferred Stock Series GG,
BAC^E,Bank of America Corporation Depositary Sh repstg 1/1000th Perp Pfd Ser E,
BAC^K,Bank of America Corporation Depositary Shares each representing a 1/1000th interest in a share of 5.875% Non- Cumulative Preferred Stock Series HH,
BAC^L,Bank of America Corporation Non Cumulative Perpetual Conv Pfd Ser L,
BAC^M,Bank of America Corporation Depositary Shares each representing a 1/1000th interest in a share of 5.375% Non-Cumulative Preferred Stock Series KK,
BAC^N,Bank of America Corporation Depositary shares each representing 1/1000th interest in a share of 5.000% Non-Cumulative Preferred Stock Series LL,
BAC^O,Bank of America Corporation Depositary shares each representing 1/1000th interest in a share of 4.375% Non-Cumulative Preferred Stock Series NN,
BAC^P,Bank of America Corporation Depositary Shares each representing a 1/1000th interest in a share of 4.125% Non-Cumulative Preferred Stock Series PP,
BAC^Q,Bank of America Corporation Depositary shares each representing 1/1000th interest in a share of 4.250% Non-Cumulative Preferred Stock Series QQ,
BAC^S,Bank of America Corporation Depositary shares each representing 1/1000th interest in a share of 4.750% Non-Cumulative Preferred Stock Series SS,
BAH,Booz Allen Hamilton Holding Corporation Common Stock,Consumer Discretionary
BAK,Braskem SA ADR,Industrials
BALL,Ball Corporation Common Stock,Industrials
BALY,Bally's Corporation Common Stock,Consumer Discretionary
BAM,Brookfield Asset Management Inc Class A Limited Voting Shares,Real Estate
BANC,Banc of California Inc. Common Stock,Finance
BANC^F,Banc of California Inc. Depositary Shares each representing a 1/40th interest in a share of 7.75% non-cumulative perpetual preferred stock Series F,
BAP,Credicorp Ltd. Common Stock,Finance
BARK,BARK Inc. Class A Common Stock,Consumer Discretionary
BAX,Baxter International Inc. Common Stock,Health Care
BB,BlackBerry Limited Common Stock,
BBAI,BigBear.ai Inc. Common Stock,Technology
BBAR,Banco BBVA Argentina S.A. ADS,Finance
BBD,Banco Bradesco Sa American Depositary Shares,Finance
BBDC,Barings BDC Inc. Common Stock,Finance
BBDO,Banco Bradesco Sa American Depositary Shares (each representing one Common Share),Finance
BBN,BlackRock Taxable Municipal Bond Trust Common Shares of Beneficial Interest,Finance
BBU,Brookfield Business Partners L.P. Limited Partnership Units,Consumer Discretionary
BBUC,Brookfield Business Corporation Class A Exchangeable Subordinate Voting Shares,Consumer Discretionary
BBVA,Banco Bilbao Vizcaya Argentaria S.A. Common Stock,Finance
BBW,Build-A-Bear Workshop Inc. Common Stock,Consumer Discretionary
BBWI,Bath & Body Works Inc.,Miscellaneous
BBY,Best Buy Co. Inc. Common Stock,Consumer Discretionary
BC,Brunswick Corporation Common Stock,Industrials
BC^A,Brunswick Corporation 6.500% Senior Notes due 2048,
BC^B,Brunswick Corporation 6.625% Senior Notes due 2049,
BC^C,Brunswick Corporation 6.375% Notes due 2049,
BCAT,BlackRock Capital Allocation Term Trust Common Shares of Beneficial Interest,Finance
BCC,Boise Cascade L.L.C. Common Stock,Consumer Discretionary
BCE,BCE Inc. Common Stock,Telecommunications
BCH,Banco De Chile ADS,Finance
BCO,Brinks Company (The) Common Stock,Consumer Discretionary
BCS,Barclays PLC Common Stock,Finance
BCSF,Bain Capital Specialty Finance Inc. Common Stock,Finance
BCX,BlackRock Resources Common Shares of Beneficial Interest,Finance
BDC,Belden Inc Common Stock,Telecommunications
BDJ,Blackrock Enhanced Equity Dividend Trust,Finance
BDN,Brandywine Realty Trust Common Stock,Real Estate
BDX,Becton Dickinson and Company Common Stock,Health Care
BE,Bloom Energy Corporation Class A Common Stock,Energy
BEDU,Bright Scholar Education Holdings Limited American Depositary Shares each  representing four Class A Ordinary Share,Real Estate
BEKE,KE Holdings Inc American Depositary Shares (each representing three Class A Ordinary Shares),Finance
BEN,Franklin Resources Inc. Common Stock,Finance
BEP,Brookfield Renewable Partners L.P.,Utilities
BEP^A,Brookfield Renewable Partners L.P. 5.25% Class A Preferred Limited Partnership Units Series 17,
BEPC,Brookfield Renewable Corporation Class A Subordinate Voting Shares,Utilities
BEPH,Brookfield BRP Holdings (Canada) Inc. 4.625% Perpetual Subordinated Notes,Utilities
BEPI,Brookfield BRP Holdings (Canada) Inc. 4.875% Perpetual Subordinated Notes,Utilities
BEPJ,Brookfield BRP Holdings (Canada) Inc. 7.250% Perpetual Subordinated Notes,Utilities
BERY,Berry Global Group Inc. Common Stock,Industrials
BEST,BEST Inc. American Depositary Shares each representing twenty (20) Class A Ordinary Shares,
BF/A,Brown Forman Corporation,
BF/B,Brown Forman Corporation,
BFAC,Battery Future Acquisition Corp. Class A Ordinary Shares,Finance
BFAM,Bright Horizons Family Solutions Inc. Common Stock,Consumer Discretionary
BFH,Bread Financial Holdings Inc. Common Stock,Consumer Discretionary
BFK,BlackRock Municipal Income Trust,Finance
BFLY,Butterfly Network Inc. Class A Common Stock,Health Care
BFS,Saul Centers Inc. Common Stock,Real Estate
BFS^D,Saul Centers Inc. Depositary Shares each representing 1/100th of a share of 6.125% Series D Cumulative Redeemable Preferred Stock,
BFS^E,Saul Centers Inc. Depositary shares each representing a 1/100th fractional interest in a share of 6.000% Series E Cumulative Redeemable Preferred Stock,
BFZ,BlackRock California Municipal Income Trust,Finance
BG,Bunge Limited Common Shares,Consumer Staples
BGB,Blackstone Strategic Credit 2027 Term Fund Common Shares of Beneficial Interest,Finance
BGH,Barings Global Short Duration High Yield Fund Common Shares of Beneficial Interests,Finance
BGR,BlackRock Energy and Resources Trust,Finance
BGS,B&G Foods Inc. Common Stock,Consumer Staples
BGSF,BGSF Inc. Common Stock,Consumer Discretionary
BGT,BlackRock Floating Rate Income Trust,Finance
BGX,Blackstone Long Short Credit Income Fund Common Shares,Finance
BGY,Blackrock Enhanced International Dividend Trust,Finance
BH,Biglari Holdings Inc. Class B Common Stock,Consumer Discretionary
BHC,Bausch Health Companies Inc. Common Stock,Health Care
BHE,Benchmark Electronics Inc. Common Stock,Technology
BHIL,Benson Hill Inc. Common Stock,Consumer Staples
BHK,Blackrock Core Bond Trust,Finance
BHLB,Berkshire Hills Bancorp Inc. Common Stock,Finance
BHP,BHP Group Limited American Depositary Shares (Each representing two Ordinary Shares),Energy
BHR,Braemar Hotels & Resorts Inc. Common Stock,Real Estate
BHR^B,Braemar Hotels & Resorts Inc. 5.50% Series B Cumulative Convertible Preferred Stock par value $0.01 per share,
BHR^D,Braemar Hotels & Resorts Inc. 8.25% Series D Cumulative Preferred Stock  par value $0.01 per share,
BHV,BlackRock Virginia Municipal Bond Trust,Finance
BHVN,Biohaven Ltd. Common Shares,Health Care
BIG,Big Lots Inc. Common Stock,Consumer Discretionary
BIGZ,BlackRock Innovation and Growth Term Trust Common Shares of Beneficial Interest,
BILL,BILL Holdings Inc. Common Stock,Technology
BIO,Bio-Rad Laboratories Inc. Class A Common Stock,Industrials
BIO/B,Bio-Rad Laboratories Inc.,
BIP,Brookfield Infrastructure Partners LP Limited Partnership Units,Consumer Discretionary
BIP^A,Brookfield Infrastructure Partners LP 5.125% Class A Preferred Limited Partnership Units Series 13,
BIP^B,Brookfield Infrastructure Partners LP 5.000% Class A Preferred Limited Partnership Units Series 14,
BIPC,Brookfield Infrastructure Corporation,
BIPH,Brookfield Infrastructure Corporation 5.000% Subordinated Notes due 2081,
BIPI,BIP Bermuda Holdings I Limited 5.125% Perpetual Subordinated Notes,Consumer Discretionary
BIRK,Birkenstock Holding plc Ordinary Shares,Consumer Discretionary
BIT,BlackRock Multi-Sector Income Trust Common Shares of Beneficial Interest,Finance
BJ,BJ's Wholesale Club Holdings Inc. Common Stock,Consumer Discretionary
BK,The Bank of New York Mellon Corporation Common Stock,Finance
BKD,Brookdale Senior Living Inc. Common Stock,Health Care
BKE,Buckle Inc. (The) Common Stock,Consumer Discretionary
BKH,Black Hills Corporation Common Stock,Utilities
BKKT,Bakkt Holdings Inc. Class A Common Stock,Finance
BKN,BlackRock Investment Quality Municipal Trust Inc. (The),Finance
BKSY,BlackSky Technology Inc. Class A Common Stock,Technology
BKT,BlackRock Income Trust Inc. (The),Finance
BKU,BankUnited Inc. Common Stock,Finance
BLCO,Bausch + Lomb Corporation Common Shares,Health Care
BLD,TopBuild Corp. Common Stock,Consumer Discretionary
BLDR,Builders FirstSource Inc. Common Stock,Consumer Discretionary
BLE,BlackRock Municipal Income Trust II,Finance
BLK,BlackRock Inc. Common Stock,Finance
BLND,Blend Labs Inc. Class A Common Stock,Technology
BLW,Blackrock Limited Duration Income Trust,Consumer Discretionary
BLX,Banco Latinoamericano de Comercio Exterior S.A.,Finance
BMA,Banco Macro S.A.  ADR (representing Ten Class B Common Shares),Finance
BME,Blackrock Health Sciences Trust,Finance
BMEZ,BlackRock Health Sciences Term Trust Common Shares of Beneficial Interest,Finance
BMI,Badger Meter Inc. Common Stock,Industrials
BML^G,Bank of America Corporation Depositary Shares (Each representing a 1/1200th interest in a share of Floating Rate Non-Cumulative Preferred Stock  Series 1),
BML^H,Bank of America Corporation Depositary Shares (Each representing a 1/1200th interest in a Share of Floating Rate Non-Cumulative Preferred Stock Series 2),
BML^J,Bank of America Corporation Depositary Shares (Each representing a 1/1200th interest in a Share of Floating Rate Non-Cumulative Preferred Stock Series 4),
BML^L,Bank of America Corporation Depositary Shares (Each representing a 1/1200th Interest in a Share of Floating Rate Non-Cumulative Preferred Stock Series 5),
BMN,BlackRock 2037 Municipal Target Term Trust Common Shares of Beneficial Interest,Finance
BMO,Bank Of Montreal Common Stock,Finance
BMY,Bristol-Myers Squibb Company Common Stock,Health Care
BN,Brookfield Corporation Class A Limited Voting Shares,Consumer Discretionary
BNED,Barnes & Noble Education Inc Common Stock,Consumer Discretionary
BNH,Brookfield Finance Inc. 4.625% Subordinated Notes due October 16 2080,Real Estate
BNJ,Brookfield Finance Inc. 4.50% Perpetual Subordinated Notes,Real Estate
BNL,Broadstone Net Lease Inc. Common Stock,Real Estate
BNRE,Brookfield Reinsurance Ltd. Class A Exchangeable Limited Voting Shares,Finance
BNS,Bank Nova Scotia Halifax Pfd 3 Ordinary Shares,
BNY,BlackRock New York Municipal Income Trust,Finance
BOC,Boston Omaha Corporation Class A Common Stock,Finance
BODI,The Beachbody Company Inc. Class A Common Stock,Consumer Discretionary
BOE,Blackrock Enhanced Global Dividend Trust Common Shares of Beneficial Interest,Finance
BOH,Bank of Hawaii Corporation Common Stock,Finance
BOH^A,Bank of Hawaii Corporation Depositary Shares Each Representing a 1/40th Interest in a Share of 4.375% Fixed Rate Non-Cumulative Perpetual Preferred Stock Series A,
BOOT,Boot Barn Holdings Inc. Common Stock,Consumer Discretionary
BORR,Borr Drilling Limited Common Shares,Energy
BOW,Bowhead Specialty Holdings Inc. Common Stock,Finance
BOWL,Bowlero Corp. Class A Common Stock,Consumer Discretionary
BOX,Box Inc. Class A Common Stock,Technology
BP,BP p.l.c. Common Stock,Energy
BPT,BP Prudhoe Bay Royalty Trust Common Stock,Energy
BR,Broadridge Financial Solutions Inc. Common Stock,Consumer Discretionary
BRBR,BellRing Brands Inc. Common Stock,Consumer Staples
BRC,Brady Corporation Common Stock,Consumer Discretionary
BRCC,BRC Inc. Class A Common Stock,Consumer Staples
BRDG,Bridge Investment Group Holdings Inc. Class A Common Stock,Finance
BRFS,BRF S.A.,Consumer Staples
BRK/A,Berkshire Hathaway Inc.,
BRK/B,Berkshire Hathaway Inc.,
BRO,Brown & Brown Inc. Common Stock,Finance
BROS,Dutch Bros Inc. Class A Common Stock,Consumer Discretionary
BRSP,BrightSpire Capital Inc. Class A Common Stock,Real Estate
BRT,BRT Apartments Corp. (MD) Common Stock,Real Estate
BRW,Saba Capital Income & Opportunities Fund SBI,Finance
BRX,Brixmor Property Group Inc. Common Stock,Real Estate
BSAC,Banco Santander - Chile ADS,Finance
BSBR,Banco Santander Brasil SA American Depositary Shares each representing one unit,Finance
BSIG,BrightSphere Investment Group Inc. Common Stock,Finance
BSL,Blackstone Senior Floating Rate 2027 Term Fund Common Shares of Beneficial Interest,Finance
BSM,Black Stone Minerals L.P. Common units representing limited partner interests,Energy
BST,BlackRock Science and Technology Trust Common Shares of Beneficial Interest,Finance
BSTZ,BlackRock Science and Technology Term Trust Common Shares of Beneficial Interest,Finance
BSX,Boston Scientific Corporation Common Stock,Health Care
BTA,BlackRock Long-Term Municipal Advantage Trust Common Shares of Beneficial Interest,Finance
BTCM,BIT Mining Limited ADS,Technology
BTE,Baytex Energy Corp Common Shares,Consumer Staples
BTI,British American Tobacco  Industries p.l.c. Common Stock ADR,Health Care
BTO,John Hancock Financial Opportunities Fund Common Stock,Finance
BTT,BlackRock Municipal 2030 Target Term Trust,Finance
BTU,Peabody Energy Corporation Common Stock,Energy
BTZ,BlackRock Credit Allocation Income Trust,Finance
BUD,Anheuser-Busch Inbev SA Sponsored ADR (Belgium),Consumer Staples
BUI,BlackRock Utility Infrastructure & Power Opportunities Trust,Finance
BUR,Burford Capital Limited Ordinary Shares,Finance
BURL,Burlington Stores Inc. Common Stock,Consumer Discretionary
BV,BrightView Holdings Inc. Common Stock,Consumer Discretionary
BVN,Buenaventura Mining Company Inc.,Basic Materials
BW,Babcock & Wilcox Enterprises Inc. Common Stock,Industrials
BW^A,Babcock & Wilcox Enterprises Inc. 7.75% Series A Cumulative Perpetual Preferred Stock,
BWA,BorgWarner Inc. Common Stock,Consumer Discretionary
BWG,BrandywineGLOBAL Global Income Opportunities Fund Inc.,Finance
BWLP,BW LPG Limited Common Shares,Consumer Discretionary
BWNB,Babcock & Wilcox Enterprises Inc. 6.50% Senior Notes due 2026,Industrials
BWSN,Babcock & Wilcox Enterprises Inc. 8.125% Senior Notes due 2026,Industrials
BWXT,BWX Technologies Inc. Common Stock,
BX,Blackstone Inc. Common Stock,Finance
BXC,Bluelinx Holdings Inc. Common Stock,Consumer Discretionary
BXMT,Blackstone Mortgage Trust Inc. Common Stock,Real Estate
BXMX,Nuveen S&P 500 Buy-Write Income Fund Common Shares of Beneficial Interest,Finance
BXP,Boston Properties Inc. Common Stock,Real Estate
BXSL,Blackstone Secured Lending Fund Common Shares of Beneficial Interest,Finance
BY,Byline Bancorp Inc. Common Stock,Finance
BYD,Boyd Gaming Corporation Common Stock,Consumer Discretionary
BYM,Blackrock Municipal Income Quality Trust Common Shares of Beneficial Interest,Finance
BYON,Beyond Inc. Common Stock,Consumer Discretionary
BZH,Beazer Homes USA Inc. Common Stock,Consumer Discretionary
C,Citigroup Inc. Common Stock,Finance
C^N,Citigroup Capital XIII 7.875% Fixed rate Floating Rate trust Preferred Securities (TruPS),
CAAP,Corporacion America Airports SA Common Shares,Consumer Discretionary
CABO,Cable One Inc. Common Stock,Telecommunications
CACI,CACI International Inc. Class A Common Stock,Technology
CADE,Cadence Bank Common Stock,Finance
CADE^A,Cadence Bank 5.50% Series A,
CAE,CAE Inc. Ordinary Shares,Miscellaneous
CAF,Morgan Stanley China A Share Fund Inc. Common Stock,Finance
CAG,ConAgra Brands Inc. Common Stock,Consumer Staples
CAH,Cardinal Health Inc. Common Stock,Health Care
CAL,Caleres Inc. Common Stock,Consumer Discretionary
CALX,Calix Inc Common Stock,Consumer Discretionary
CANG,Cango Inc. American Depositary Shares  each representing two (2) Class A Ordinary Shares,Technology
CAPL,CrossAmerica Partners LP Common Units representing limited partner interests,Energy
CARR,Carrier Global Corporation Common Stock,Industrials
CARS,Cars.com Inc. Common Stock,Consumer Discretionary
CAT,Caterpillar Inc. Common Stock,Industrials
CATO,Cato Corporation (The) Class A Common Stock,Consumer Discretionary
CAVA,CAVA Group Inc. Common Stock,Consumer Discretionary
CB,Chubb Limited  Common Stock,Finance
CBH,Virtus Convertible & Income 2024 Target Term Fund Common Shares of Beneficial Interest,Finance
CBL,CBL & Associates Properties Inc. Common Stock,Real Estate
CBRE,CBRE Group Inc Common Stock Class A,Finance
CBT,Cabot Corporation Common Stock,Industrials
CBU,Community Financial System Inc. Common Stock,Finance
CBZ,CBIZ Inc. Common Stock,Consumer Discretionary
CC,Chemours Company (The) Common Stock,Industrials
CCI,Crown Castle Inc. Common Stock,Real Estate
CCIA,Carlyle Credit Income Fund 8.75% Series A Preferred Shares due 2028,
CCIF,Carlyle Credit Income Fund Shares of Beneficial Interest,Finance
CCJ,Cameco Corporation Common Stock,Basic Materials
CCK,Crown Holdings Inc.,Industrials
CCL,Carnival Corporation Common Stock,Consumer Discretionary
CCM,Concord Medical Services Holdings Limited ADS (Each represents three ordinary shares),Health Care
CCO,Clear Channel Outdoor Holdings Inc. Common Stock,Consumer Discretionary
CCRD,CoreCard Corporation Common Stock,
CCS,Century Communities Inc. Common Stock,Consumer Discretionary
CCU,Compania Cervecerias Unidas S.A. Common Stock,Consumer Staples
CDE,Coeur Mining Inc. Common Stock,Basic Materials
CDLR,Cadeler A/S American Depositary Share (each representing four (4) Ordinary Shares),Consumer Discretionary
CDP,COPT Defense Properties Common Shares of Beneficial Interest,Real Estate
CDR^B,Cedar Realty Trust Inc. 7.25% Series B Cumulative Redeemable Preferred Stock,
CDR^C,Cedar Realty Trust Inc. 6.50% Series C Cumulative Redeemable Preferred Stock,
CDRE,Cadre Holdings Inc. Common Stock,Health Care
CE,Celanese Corporation Common Stock,Industrials
CEE,The Central and Eastern Europe Fund Inc. (The) Common Stock,Finance
CEIX,CONSOL Energy Inc. Common Stock,Energy
CEM,ClearBridge MLP and Midstream Fund Inc. Common Stock,Finance
CEPU,Central Puerto S.A. American Depositary Shares (each represents ten Common Shares),Utilities
CF,CF Industries Holdings Inc. Common Stock,Industrials
CFG,Citizens Financial Group Inc. Common Stock,Finance
CFG^D,Citizens Financial Group Inc. Depositary Shares each representing a 1/40th Interest in a Share of 6.350% Fixed-to-Floating Rate Non-Cumulative Perpetual Preferred Stock Series D,
CFG^E,Citizens Financial Group Inc. Depositary Shares Each Representing 1/40th Interest in a Share of 5.000% Fixed-Rate Non-Cumulative Perpetual Preferred Stock Series E,
CFG^H,Citizens Financial Group Inc. Depositary Shares Each Representing a 1/40th Interest in a Share of 7.375% Fixed-Rate Non-Cumulative Perpetual Preferred Stock Series H,
CFR,Cullen/Frost Bankers Inc. Common Stock,Finance
CFR^B,Cullen/Frost Bankers Inc. Depositary Shares each representing a 1/40th ownership interest in a share of 4.450% non-cumulative perpetual preferred stock Series B,
CGA,China Green Agriculture Inc. Common Stock,Industrials
CGAU,Centerra Gold Inc. Common Shares,Basic Materials
CHCT,Community Healthcare Trust Incorporated Common Stock,Real Estate
CHD,Church & Dwight Company Inc. Common Stock,Consumer Discretionary
CHE,Chemed Corp,Health Care
CHGG,Chegg Inc. Common Stock,Real Estate
CHH,Choice Hotels International Inc. Common Stock,Consumer Discretionary
CHMI,Cherry Hill Mortgage Investment Corporation Common Stock,Real Estate
CHMI^A,Cherry Hill Mortgage Investment Corporation 8.20% Series A Cumulative Redeemable Preferred Stock,
CHMI^B,Cherry Hill Mortgage Investment Corporation 8.250% Series B Fixed-to-Floating Rate Cumulative Redeemable Preferred Stock,
CHN,China Fund Inc. (The) Common Stock,Finance
CHPT,ChargePoint Holdings Inc. Common Stock,Miscellaneous
CHT,Chunghwa Telecom Co. Ltd.,Telecommunications
CHWY,Chewy Inc. Class A Common Stock,Consumer Discretionary
CI,The Cigna Group Common Stock,Health Care
CIA,Citizens Inc. Class A Common Stock ($1.00 Par),Finance
CIB,BanColombia S.A. Common Stock,Finance
CIEN,Ciena Corporation Common Stock,Utilities
CIF,MFS Intermediate High Income Fund Common Stock,Finance
CIG,Comp En De Mn Cemig ADS American Depositary Shares,Utilities
CII,Blackrock Capital and Income Fund Inc.,Finance
CIM,Chimera Investment Corporation Common Stock,Real Estate
CIM^A,Chimera Investment Corporation 8.00% Series A Cumulative Redeemable Preferred Stock,
CIM^B,Chimera Investment Corporation 8.00% Series B Fixed-to-Floating Rate Cumulative Redeemable Preferred Stock,
CIM^C,Chimera Investment Corporation 7.75% Series C Fixed-to-Floating Rate  Cumulative Redeemable  Preferred Stock,
CIM^D,Chimera Investment Corporation 8.00% Series D Fixed-to-Floating Rate Cumulative Redeemable Preferred Stock,
CIMN,Chimera Investment Corporation 9.000% Senior Notes due 2029,Real Estate
CINT,CI&T Inc Class A Common Shares,Technology
CIO,City Office REIT Inc. Common Stock,Real Estate
CIO^A,City Office REIT Inc. 6.625% Series A Cumulative Redeemable Preferred Stock,
CION,CION Investment Corporation Common Stock,Finance
CIVI,Civitas Resources Inc. Common Stock,Energy
CL,Colgate-Palmolive Company Common Stock,Consumer Discretionary
CLB,Core Laboratories Inc. Common Stock,
CLBR,Colombier Acquisition Corp. II Class A Ordinary Shares,
CLCO,Cool Company Ltd. Common Shares,Consumer Discretionary
CLDT,Chatham Lodging Trust (REIT) Common Shares of Beneficial Interest,Real Estate
CLDT^A,Chatham Lodging Trust (REIT) 6.625% Series A Cumulative Redeemable Preferred Shares of Beneficial Interest,
CLF,Cleveland-Cliffs Inc. Common Stock,Basic Materials
CLH,Clean Harbors Inc. Common Stock,Industrials
CLPR,Clipper Realty Inc. Common Stock,Real Estate
CLS,Celestica Inc. Common Stock,
CLVT,Clarivate Plc Ordinary Shares,Technology
CLVT^A,Clarivate Plc 5.25% Series A Mandatory Convertible Preferred Shares,
CLW,Clearwater Paper Corporation Common Stock,Basic Materials
CLX,Clorox Company (The) Common Stock,Consumer Discretionary
CM,Canadian Imperial Bank of Commerce Common Stock,
CMA,Comerica Incorporated Common Stock,Finance
CMC,Commercial Metals Company Common Stock,Industrials
CMCM,Cheetah Mobile Inc. American Depositary Shares each representing fifty (50) Class A Ordinary Shares,Technology
CMG,Chipotle Mexican Grill Inc. Common Stock,Consumer Discretionary
CMI,Cummins Inc. Common Stock,Industrials
CMP,Compass Minerals Intl Inc Common Stock,Industrials
CMRE,Costamare Inc. Common Stock $0.0001 par value,Consumer Discretionary
CMRE^B,Costamare Inc. Perpetual Preferred Stock Series B (Marshall Islands),
CMRE^C,Costamare Inc. Perpetual Preferred Series C (Marshall Islands),
CMRE^D,Costamare Inc. 8.75% Series D Cumulative Redeemable Perpetual Preferred Stock,
CMRE^E,Costamare Inc. 8.875% Series E Cumulative Redeemable Perpetual Preferred Stock par value $0.0001,
CMS,CMS Energy Corporation Common Stock,Utilities
CMS^B,CMS Energy Corporation Preferred Stock,
CMS^C,CMS Energy Corporation Depositary Shares each representing a 1/1000th interest in a share of 4.200% Cumulative Redeemable Perpetual Preferred Stock Series C,
CMSA,CMS Energy Corporation 5.625% Junior Subordinated Notes due 2078,Utilities
CMSC,CMS Energy Corporation 5.875% Junior Subordinated Notes due 2078,Utilities
CMSD,CMS Energy Corporation 5.875% Junior Subordinated Notes due 2079,Utilities
CMTG,Claros Mortgage Trust Inc. Common Stock,Finance
CMU,MFS Municipal Income Trust Common Stock,Finance
CNA,CNA Financial Corporation Common Stock,Finance
CNC,Centene Corporation Common Stock,Health Care
CNF,CNFinance Holdings Limited American Depositary Shares each representing  twenty (20) Ordinary Shares,Finance
CNH,CNH Industrial N.V. Common Shares,Industrials
CNI,Canadian National Railway Company Common Stock,
CNK,Cinemark Holdings Inc Cinemark Holdings Inc. Common Stock,Consumer Discretionary
CNM,Core & Main Inc. Class A Common Stock,Consumer Discretionary
CNMD,CONMED Corporation Common Stock,Health Care
CNNE,Cannae Holdings Inc. Common Stock,Consumer Discretionary
CNO,CNO Financial Group Inc. Common Stock,Finance
CNO^A,CNO Financial Group Inc. 5.125% Subordinated Debentures due 2060,
CNP,CenterPoint Energy Inc (Holding Co) Common Stock,Utilities
CNQ,Canadian Natural Resources Limited Common Stock,Energy
CNS,Cohen & Steers Inc Common Stock,Finance
CNX,CNX Resources Corporation Common Stock,Energy
CODI,D/B/A Compass Diversified Holdings Shares of Beneficial Interest,Consumer Discretionary
CODI^A,Compass Diversified Holdings 7.250% Series A Preferred Shares representing beneficial interest in Compass Diversified Holdings,
CODI^B,Compass Diversified Holdings 7.875% Series B Fixed-to-Floating Rate Cumulative Preferred Shares representing beneficial interests in Compass Diversified Holdings,
CODI^C,Compass Diversified Holdings 7.875% Series C Cumulative Preferred Shares,
COF,Capital One Financial Corporation Common Stock,Finance
COF^I,Capital One Financial Corporation Depositary shares each representing a 1/40th interest in a share of Fixed Rate Non-Cumulative Perpetual Preferred Stock Series I of the Issuer,
COF^J,Capital One Financial Corporation Depositary Shares Each Representing a 1/40th Interest in a Share of Fixed Rate Non- Cumulative Perpetual Preferred Stock Series J,
COF^K,Capital One Financial Corporation Depositary Shares Each Representing a 1/40th Ownership Interest in a Share of Fixed Rate Non-Cumulative Perpetual Preferred Stock Series K,
COF^L,Capital One Financial Corporation Depositary Shares Each Representing a 1/40th Interest in a Share of Fixed Rate Non-Cumulative Perpetual Preferred Stock Series L,
COF^N,Capital One Financial Corporation Depositary Shares Each Representing a 1/40th Ownership Interest in a Share of Fixed Rate Non-Cumulative Perpetual Preferred Stock Series N,
COHR,Coherent Corp. Common Stock,Technology
COLD,Americold Realty Trust Inc. Common Stock,Real Estate
COMP,Compass Inc. Class A Common Stock,Technology
COOK,Traeger Inc. Common Stock,Consumer Discretionary
COP,ConocoPhillips Common Stock,Energy
COR,Cencora Inc. Common Stock,Health Care
COTY,Coty Inc. Class A Common Stock,Consumer Discretionary
COUR,Coursera Inc. Common Stock,Technology
CP,Canadian Pacific Kansas City Limited Common Shares,Industrials
CPA,Copa Holdings S.A. Class A Common Stock,Consumer Discretionary
CPAC,Cementos Pacasmayo S.A.A. American Depositary Shares (Each representing five Common Shares),Industrials
CPAY,Corpay Inc. Common Stock,Technology
CPB,Campbell Soup Company Common Stock,Consumer Staples
CPF,Central Pacific Financial Corp New,Finance
CPK,Chesapeake Utilities Corporation Common Stock,Utilities
CPNG,Coupang Inc. Class A Common Stock,Consumer Discretionary
CPRI,Capri Holdings Limited Ordinary Shares,Consumer Discretionary
CPS,Cooper-Standard Holdings Inc. Common Stock,Consumer Discretionary
CPT,Camden Property Trust Common Stock,Real Estate
CQP,Cheniere Energy Partners LP Common Units,Utilities
CR,Crane Company Common Stock,Industrials
CRBG,Corebridge Financial Inc. Common Stock,Finance
CRC,California Resources Corporation Common Stock,Energy
CRD/A,Crawford & Company,
CRD/B,Crawford & Company,
CRGY,Crescent Energy Company Class A Common Stock,Energy
CRH,CRH PLC Ordinary Shares,Industrials
CRI,Carter's Inc. Common Stock,Consumer Discretionary
CRK,Comstock Resources Inc. Common Stock,Energy
CRL,Charles River Laboratories International Inc. Common Stock,Health Care
CRM,Salesforce Inc. Common Stock,Technology
CRS,Carpenter Technology Corporation Common Stock,Industrials
CRT,Cross Timbers Royalty Trust Common Stock,Energy
CSAN,Cosan S.A. ADS,Consumer Discretionary
CSL,Carlisle Companies Incorporated Common Stock,Industrials
CSR,D/B/A Centerspace Common Stock,Real Estate
CSR^C,D/B/A Centerspace 6.625% Series C,
CSTM,Constellium SE Ordinary Shares (France),Industrials
CSV,Carriage Services Inc. Common Stock,Consumer Discretionary
CTA^A,EIDP Inc. Preferred Stock $3.50 Series,
CTA^B,EIDP Inc. Preferred Stock $4.50 Series,
CTBB,Qwest Corporation 6.5% Notes due 2056,Telecommunications
CTDD,Qwest Corporation 6.75% Notes due 2057,Telecommunications
CTLT,Catalent Inc. Common Stock,Health Care
CTO,CTO Realty Growth Inc. Common Stock,Real Estate
CTO^A,CTO Realty Growth Inc. 6.375% Series A Cumulative Redeemable Preferred Stock,
CTOS,Custom Truck One Source Inc. Common Stock,Consumer Discretionary
CTR,ClearBridge MLP and Midstream Total Return Fund Inc. Common Stock,Finance
CTRA,Coterra Energy Inc. Common Stock,Energy
CTRE,CareTrust REIT Inc. Common Stock,Real Estate
CTRI,Centuri Holdings Inc. Common Stock,Utilities
CTS,CTS Corporation Common Stock,Technology
CTV,Innovid Corp. Common Stock,Technology
CTVA,Corteva Inc. Common Stock,Industrials
CUBB,Customers Bancorp Inc 5.375% Subordinated Notes Due 2034,Finance
CUBE,CubeSmart Common Shares,Real Estate
CUBI,Customers Bancorp Inc Common Stock,Finance
CUBI^E,Customers Bancorp Inc Fixed-to-Floating Rate Non-Cumulative Perpetual Preferred Stock Series E,
CUBI^F,Customers Bancorp Inc Fixed-to-Floating Rate Non-Cumulative Perpetual Preferred Stock Series F,
CUK,Carnival Plc ADS ADS,Consumer Discretionary
CULP,Culp Inc. Common Stock,Consumer Discretionary
CURV,Torrid Holdings Inc. Common Stock,Consumer Discretionary
CUZ,Cousins Properties Incorporated Common Stock,Real Estate
CVE,Cenovus Energy Inc Common Stock,
CVEO,Civeo Corporation (Canada) Common Shares,Consumer Discretionary
CVI,CVR Energy Inc. Common Stock,Energy
CVNA,Carvana Co. Class A Common Stock,Consumer Discretionary
CVS,CVS Health Corporation Common Stock,Consumer Staples
CVX,Chevron Corporation Common Stock,Energy
CW,Curtiss-Wright Corporation Common Stock,Technology
CWAN,Clearwater Analytics Holdings Inc. Class A Common Stock,Technology
CWEN,Clearway Energy Inc. Class C Common Stock,Utilities
CWH,Camping World Holdings Inc. Class A Common Stock,Consumer Discretionary
CWK,Cushman & Wakefield plc Ordinary Shares,Finance
CWT,California Water Service Group Common Stock,Utilities
CX,Cemex S.A.B. de C.V. Sponsored ADR,Industrials
CXE,MFS High Income Municipal Trust Common Stock,Finance
CXH,MFS Investment Grade Municipal Trust Common Stock,Finance
CXM,Sprinklr Inc. Class A Common Stock,Technology
CXT,Crane NXT Co. Common Stock,Industrials
CXW,CoreCivic Inc. Common Stock,Real Estate
CYD,China Yuchai International Limited Common Stock,Industrials
CYH,Community Health Systems Inc. Common Stock,Health Care
D,Dominion Energy Inc. Common Stock,Utilities
DAC,Danaos Corporation Common Stock,Consumer Discretionary
DAL,Delta Air Lines Inc. Common Stock,Consumer Discretionary
DAN,Dana Incorporated Common Stock,Consumer Discretionary
DAO,Youdao Inc. American Depositary Shares each representing one Class A Ordinary Share,Real Estate
DAR,Darling Ingredients Inc. Common Stock,Consumer Staples
DAVA,Endava plc American Depositary Shares (each representing one Class A Ordinary Share),Technology
DAY,Dayforce Inc. Common Stock,Technology
DB,Deutsche Bank AG Common Stock,Finance
DBD,Diebold Nixdorf Incorporated Common stock,Miscellaneous
DBI,Designer Brands Inc. Class A Common Stock,Consumer Discretionary
DBL,DoubleLine Opportunistic Credit Fund Common Shares of Beneficial Interest,
DBRG,DigitalBridge Group Inc.,Real Estate
DBRG^H,DigitalBridge Group Inc. 7.125% Series H,
DBRG^I,DigitalBridge Group Inc. 7.15% Series I,
DBRG^J,DigitalBridge Group Inc. 7.125% Series J,
DCF,BNY Mellon Alcentra Global Credit Income 2024 Target Term Fund Inc. Common Stock,Finance
DCI,Donaldson Company Inc. Common Stock,Industrials
DCO,Ducommun Incorporated Common Stock,Industrials
DD,DuPont de Nemours Inc. Common Stock,Industrials
DDD,3D Systems Corporation Common Stock,Technology
DDL,Dingdong (Cayman) Limited American Depositary Shares (each two representing three Ordinary Shares),Consumer Discretionary
DDS,Dillard's Inc. Common Stock,Consumer Discretionary
DDT,Dillard's Capital Trust I,Consumer Discretionary
DE,Deere & Company Common Stock,Industrials
DEA,Easterly Government Properties Inc. Common Stock,Real Estate
DEC,Diversified Energy Company plc Ordinary Shares,
DECK,Deckers Outdoor Corporation Common Stock,Consumer Discretionary
DEI,Douglas Emmett Inc. Common Stock,Real Estate
DELL,Dell Technologies Inc. Class C Common Stock,Technology
DEO,Diageo plc Common Stock,Consumer Staples
DESP,Despegar.com Corp. Ordinary Shares,Consumer Discretionary
DFH,Dream Finders Homes Inc. Class A Common Stock,Consumer Discretionary
DFIN,Donnelley Financial Solutions Inc. Common Stock,Consumer Discretionary
DFP,Flaherty & Crumrine Dynamic Preferred and Income Fund Inc. Common Stock,Finance
DFS,Discover Financial Services Common Stock,Finance
DG,Dollar General Corporation Common Stock,Consumer Discretionary
DGX,Quest Diagnostics Incorporated Common Stock,Health Care
DHF,BNY Mellon High Yield Strategies Fund Common Stock,Finance
DHI,D.R. Horton Inc. Common Stock,Consumer Discretionary
DHR,Danaher Corporation Common Stock,Industrials
DHT,DHT Holdings Inc.,Consumer Discretionary
DHX,DHI Group Inc. Common Stock,Consumer Discretionary
DIAX,Nuveen Dow 30SM Dynamic Overwrite Fund Common Shares of Beneficial Interest,Finance
DIN,Dine Brands Global Inc. Common Stock,Consumer Discretionary
DINO,HF Sinclair Corporation Common Stock,Energy
DIS,Walt Disney Company (The) Common Stock,Consumer Discretionary
DK,Delek US Holdings Inc. Common Stock,Energy
DKL,Delek Logistics Partners L.P. Common Units representing Limited Partner Interests,Energy
DKS,Dick's Sporting Goods Inc Common Stock,Consumer Discretionary
DLB,Dolby Laboratories Common Stock,Technology
DLNG,Dynagas LNG Partners LP Common Units,Consumer Discretionary
DLNG^A,Dynagas LNG Partners LP 9.00% Series A Cumulative Redeemable Preferred Units,
DLNG^B,Dynagas LNG Partners LP 8.75% Series B Fixed to Floating Rate Cumulative Redeemable Perpetual Preferred Units liquidation preference $25.00 per Uni,
DLR,Digital Realty Trust Inc. Common Stock,Real Estate
DLR^J,Digital Realty Trust Inc. 5.250% Series J Cumulative Redeemable Preferred Stock,
DLR^K,Digital Realty Trust Inc. 5.850% Series K Cumulative Redeemable Preferred Stock par value $0.01 per share,
DLR^L,Digital Realty Trust Inc. 5.200% Series L Cumulative Redeemable Preferred Stock,
DLX,Deluxe Corporation Common Stock,Consumer Discretionary
DLY,DoubleLine Yield Opportunities Fund Common Shares of Beneficial Interest,Finance
DM,Desktop Metal Inc. Class A Common Stock,Technology
DMA,Destra Multi-Alternative Fund Common Stock,Finance
DMB,BNY Mellon Municipal Bond Infrastructure Fund Inc. Common Stock,Finance
DMO,Western Asset Mortgage Opportunity Fund Inc. Common Stock,Finance
DNA,Ginkgo Bioworks Holdings Inc. Class A Common Stock,Health Care
DNB,Dun & Bradstreet Holdings Inc. Common Stock,Finance
DNMR,Danimer Scientific Inc. Common Stock,Industrials
DNOW,DNOW Inc. Common Stock,Industrials
DNP,DNP Select Income Fund Inc. Common Stock,Finance
DO,Diamond Offshore Drilling Inc. Common Stock,Energy
DOC,Healthpeak Properties Inc. Common Stock,Real Estate
DOCN,DigitalOcean Holdings Inc. Common Stock,Technology
DOCS,Doximity Inc. Class A Common Stock,Technology
DOLE,Dole plc Ordinary Shares,Consumer Staples
DOMA,Doma Holdings Inc. Common Stock,Finance
DOUG,Douglas Elliman Inc. Common Stock,Finance
DOV,Dover Corporation Common Stock,Industrials
DOW,Dow Inc. Common Stock,Industrials
DPG,Duff & Phelps Utility and Infrastructure Fund Inc.,Finance
DPZ,Domino's Pizza Inc Common Stock,Consumer Discretionary
DQ,DAQO New Energy Corp. American Depositary Shares each representing five ordinary shares,Technology
DRD,DRDGOLD Limited American Depositary Shares,Basic Materials
DRH,Diamondrock Hospitality Company Common Stock,Real Estate
DRH^A,Diamondrock Hospitality Company 8.250% Series A Cumulative Redeemable Preferred Stock,
DRI,Darden Restaurants Inc. Common Stock,Consumer Discretionary
DRQ,Dril-Quip Inc. Common Stock,Industrials
DSL,DoubleLine Income Solutions Fund Common Shares of Beneficial Interests,Finance
DSM,BNY Mellon Strategic Municipal Bond Fund Inc. Common Stock,Finance
DSU,Blackrock Debt Strategies Fund Inc. Common Stock,Finance
DSX,Diana Shipping inc. common stock,Consumer Discretionary
DSX^B,Diana Shipping Inc. Perpetual Preferred Shares Series B (Marshall Islands),
DT,Dynatrace Inc. Common Stock,Technology
DTB,DTE Energy Company 2020 Series G 4.375% Junior Subordinated Debentures due 2080,Utilities
DTC,Solo Brands Inc. Class A Common Stock,Consumer Discretionary
DTE,DTE Energy Company Common Stock,Utilities
DTF,DTF Tax-Free Income 2028 Term Fund Inc. Common Stock,Finance
DTG,DTE Energy Company 2021 Series E 4.375% Junior Subordinated Debentures,Utilities
DTM,DT Midstream Inc. Common Stock,Utilities
DTW,DTE Energy Company 2017 Series E 5.25% Junior Subordinated Debentures due 2077,Utilities
DUK,Duke Energy Corporation (Holding Company) Common Stock,Utilities
DUK^A,Duke Energy Corporation Depositary Shares each representing a 1/1000th interest in a share of 5.75% Series A Cumulative Redeemable Perpetual Preferred Stock,
DUKB,Duke Energy Corporation 5.625% Junior Subordinated Debentures due 2078,Utilities
DV,DoubleVerify Holdings Inc. Common Stock,Technology
DVA,DaVita Inc. Common Stock,Health Care
DVN,Devon Energy Corporation Common Stock,Energy
DX,Dynex Capital Inc. Common Stock,Real Estate
DX^C,Dynex Capital Inc. 6.900% Series C Fixed-to-Floating Rate Cumulative Redeemable Preferred Stock,
DXC,DXC Technology Company Common Stock,Technology
DXYZ,Destiny Tech100 Inc. Common Stock,
DY,Dycom Industries Inc. Common Stock,Industrials
E,ENI S.p.A. Common Stock,Energy
EAF,GrafTech International Ltd. Common Stock,Energy
EAI,Entergy Arkansas LLC First Mortgage Bonds 4.875% Series Due September 1 2066,Utilities
EARN,Ellington Credit Company Common Shares of Beneficial Interest,Real Estate
EAT,Brinker International Inc. Common Stock,Consumer Discretionary
EB,Eventbrite Inc. Class A Common Stock,Technology
EBF,Ennis Inc. Common Stock,Consumer Discretionary
EBR,Centrais Electricas Brasileiras S A American Depositary Shares (Each representing one Common Share),Utilities
EBS,Emergent Biosolutions Inc. Common Stock,Health Care
EC,Ecopetrol S.A. American Depositary Shares,Energy
ECAT,BlackRock ESG Capital Allocation Term Trust Common Shares of Beneficial Interest,Finance
ECC,Eagle Point Credit Company Inc. Common Stock,Finance
ECC^D,Eagle Point Credit Company Inc. 6.75% Series D Preferred Stock,
ECCC,Eagle Point Credit Company Inc. 6.50% Series C Term Preferred Stock due 2031,Finance
ECCF,Eagle Point Credit Company Inc. 8.00% Series F Term Preferred Stock due 2029,
ECCV,Eagle Point Credit Company Inc. 5.375% Notes due 2029,Finance
ECCW,Eagle Point Credit Company Inc. 6.75% Notes due 2031,Finance
ECCX,Eagle Point Credit Company Inc. 6.6875% Notes due 2028,Finance
ECL,Ecolab Inc. Common Stock,Consumer Discretionary
ECO,Okeanis Eco Tankers Corp. Common Stock,Consumer Discretionary
ECVT,Ecovyst Inc. Common Stock,Industrials
ED,Consolidated Edison Inc. Common Stock,Utilities
EDD,Morgan Stanley Emerging Markets Domestic Debt Fund Inc. Common Stock,Finance
EDF,Virtus Stone Harbor Emerging Markets Income Fund Common Shares of Beneficial Interest,Finance
EDN,Empresa Distribuidora Y Comercializadora Norte S.A. (Edenor) American Depositary Shares,Utilities
EDR,Endeavor Group Holdings Inc. Class A Common Stock,Consumer Discretionary
EDU,New Oriental Education & Technology Group Inc. Sponsored ADR representing 10 Ordinary Share (Cayman Islands),Real Estate
EE,Excelerate Energy Inc. Class A Common Stock,Utilities
EEA,The European Equity Fund Inc. Common Stock,Finance
EEX,Emerald Holding Inc. Common Stock,Consumer Discretionary
EFC,Ellington Financial Inc. Common Stock,Real Estate
EFC^A,Ellington Financial Inc. 6.750% Series A Fixed-to-Floating Rate Cumulative Redeemable Preferred Stock,
EFC^B,Ellington Financial Inc. 6.250% Series B Fixed-Rate Reset Cumulative Redeemable Preferred Stock,
EFC^C,Ellington Financial Inc. 8.625% Series C Fixed-Rate Reset Cumulative Redeemable Preferred Stock,
EFC^D,Ellington Financial Inc. 7.00% Series D Cumulative Perpetual Redeemable Preferred Stock,
EFC^E,Ellington Financial Inc. 8.250% Series E Fixed-to-Floating Rate Cumulative Redeemable Preferred Stock,
EFR,Eaton Vance Senior Floating-Rate Fund Common Shares of Beneficial Interest,Finance
EFT,Eaton Vance Floating Rate Income Trust Common Shares of Beneficial Interest,Finance
EFX,Equifax Inc. Common Stock,Finance
EFXT,Enerflex Ltd Common Shares,Industrials
EG,Everest Group Ltd. Common Stock,Finance
EGF,Blackrock Enhanced Government Fund Inc. Common Stock,Finance
EGO,Eldorado Gold Corporation Ordinary Shares,
EGP,EastGroup Properties Inc. Common Stock,Real Estate
EGY,VAALCO Energy Inc.  Common Stock,Energy
EHAB,Enhabit Inc. Common Stock,Health Care
EHC,Encompass Health Corporation Common Stock,Health Care
EHI,Western Asset Global High Income Fund Inc Common Stock,Finance
EIC,Eagle Point Income Company Inc. Common Stock,Finance
EICA,Eagle Point Income Company Inc. 5.00% Series A Term Preferred Stock due 2026,Finance
EICB,Eagle Point Income Company Inc. 7.75% Series B Term Preferred Stock Due 2028,
EICC,Eagle Point Income Company Inc. 8.00% Series C Term Preferred Stock due 2029,
EIG,Employers Holdings Inc Common Stock,Finance
EIX,Edison International Common Stock,Utilities
EL,Estee Lauder Companies Inc. (The) Common Stock,Consumer Discretionary
ELAN,Elanco Animal Health Incorporated Common Stock,Health Care
ELC,Entergy Louisiana Inc. Collateral Trust Mortgage Bonds 4.875 % Series due September 1 2066,Utilities
ELF,e.l.f. Beauty Inc. Common Stock,Consumer Discretionary
ELME,Elme Communities Common Stock,Real Estate
ELP,Companhia Paranaense de Energia (COPEL) American Depositary Shares (each representing one Unit consisting one Common Share and four non-voting Class B Preferred Shares),Utilities
ELPC,Companhia Paranaense de Energia (COPEL) American Depositary Shares (each representing four (4) Common Shares),Utilities
ELS,Equity Lifestyle Properties Inc. Common Stock,Real Estate
ELV,Elevance Health Inc. Common Stock,Health Care
EMD,Western Asset Emerging Markets Debt Fund Inc Common Stock,Finance
EME,EMCOR Group Inc. Common Stock,Industrials
EMF,Templeton Emerging Markets Fund Common Stock,Finance
EMN,Eastman Chemical Company Common Stock,Industrials
EMO,ClearBridge Energy Midstream Opportunity Fund Inc. Common Stock,Finance
EMP,Entergy Mississippi LLC First Mortgage Bonds 4.90% Series Due October 1 2066,Utilities
EMR,Emerson Electric Company Common Stock,Technology
ENB,Enbridge Inc Common Stock,Energy
ENFN,Enfusion Inc. Class A Common Stock,Technology
ENIC,Enel Chile S.A. American Depositary Shares (Each representing 50 shares of Common Stock),Utilities
ENJ,Entergy New Orleans LLC First Mortgage Bonds 5.0% Series due December 1 2052,Utilities
ENLC,EnLink Midstream LLC Common Units representing Limited Partner Interests,Utilities
ENO,Entergy New Orleans LLC First Mortgage Bonds 5.50% Series due April 1 2066,Utilities
ENOV,Enovis Corporation Common Stock,Industrials
ENR,Energizer Holdings Inc. Common Stock,Miscellaneous
ENS,EnerSys Common Stock,Technology
ENV,Envestnet Inc Common Stock,Consumer Discretionary
ENVA,Enova International Inc. Common Stock,Finance
ENZ,Enzo Biochem Inc. Common Stock ($0.01 Par Value),Health Care
EOD,Allspring Global Dividend Opportunity Fund Common Shares of Beneficial Interest,Finance
EOG,EOG Resources Inc. Common Stock,Energy
EOI,Eaton Vance Enhance Equity Income Fund Eaton Vance Enhanced Equity Income Fund Shares of Beneficial Interest,Finance
EOS,Eaton Vance Enhance Equity Income Fund II Common Stock,Finance
EOT,Eaton Vance Municipal Income Trust EATON VANCE NATIONAL MUNICIPAL OPPORTUNITIES TRUST,Finance
EP^C,El Paso Corporation Preferred Stock,
EPAC,Enerpac Tool Group Corp. Common Stock,Technology
EPAM,EPAM Systems Inc. Common Stock,Technology
EPC,Edgewell Personal Care Company Common Stock,Consumer Discretionary
EPD,Enterprise Products Partners L.P. Common Stock,Utilities
EPR,EPR Properties Common Stock,Real Estate
EPR^C,EPR Properties 5.75% Series C Cumulative Convertible Preferred Shares,
EPR^E,EPR Properties Series E Cumulative Conv Pfd Shs Ser E,
EPR^G,EPR Properties 5.750% Series G Cumulative Redeemable Preferred Shares,
EPRT,Essential Properties Realty Trust Inc. Common Stock,Real Estate
EQBK,Equity Bancshares Inc. Class A Common Stock,Finance
EQC,Equity Commonwealth Common Shares of Beneficial Interest,Real Estate
EQC^D,Equity Commonwealth 6.50% Pfd Conv Shs Ser D,
EQH,Equitable Holdings Inc. Common Stock,Finance
EQH^A,Equitable Holdings Inc. Depositary Shares,
EQH^C,Equitable Holdings Inc. Depositary Shares each representing a 1/1000th interest in a share of Fixed Rate Noncumulative Perpetual Preferred Stock Series C,
EQNR,Equinor ASA,Energy
EQR,Equity Residential Common Shares of Beneficial Interest,Real Estate
EQS,Equus Total Return Inc. Common Stock,Finance
EQT,EQT Corporation Common Stock,Energy
ERJ,Embraer S.A. Common Stock,Industrials
ERO,Ero Copper Corp. Common Shares,
ES,Eversource Energy (D/B/A) Common Stock,Utilities
ESAB,ESAB Corporation Common Stock,Industrials
ESE,ESCO Technologies Inc. Common Stock,Telecommunications
ESI,Element Solutions Inc. Common Stock,Industrials
ESNT,Essent Group Ltd. Common Shares,Finance
ESRT,Empire State Realty Trust Inc. Class A Common Stock,Real Estate
ESS,Essex Property Trust Inc. Common Stock,Real Estate
ESTC,Elastic N.V. Ordinary Shares,Technology
ET,Energy Transfer LP Common Units,Utilities
ET^I,Energy Transfer L.P. Series I Fixed Rate Perpetual Preferred Units,
ETB,Eaton Vance Tax-Managed Buy-Write Income Fund Eaton Vance Tax-Managed Buy-Write Income Fund Common Shares of Beneficial Interest,Finance
ETD,Ethan Allen Interiors Inc. Common Stock,Consumer Discretionary
ETG,Eaton Vance Tax-Advantaged Global Dividend Income Fund Common Shares of Beneficial Interest,Finance
ETI^,Entergy Texas Inc 5.375% Series A Preferred Stock Cumulative No Par Value,
ETJ,Eaton Vance Risk-Managed Diversified Equity Income Fund Common Shares of Beneficial Interest,Finance
ETN,Eaton Corporation PLC Ordinary Shares,Technology
ETO,Eaton Vance Tax-Advantage Global Dividend Opp Common Stock,Finance
ETR,Entergy Corporation Common Stock,Utilities
ETRN,Equitrans Midstream Corporation Common Stock,Utilities
ETV,Eaton Vance Corporation Eaton Vance Tax-Managed Buy-Write Opportunities Fund Common Shares of Beneficial Interest,Finance
ETW,Eaton Vance Corporation Eaton Vance Tax-Managed Global Buy-Write Opportunites Fund Common Shares of Beneficial Interest,Finance
ETWO,E2open Parent Holdings Inc.Class A Common Stock,Technology
ETX,Eaton Vance Municipal Income 2028 Term Trust Common Shares of Beneficial Interest,Finance
ETY,Eaton Vance Tax-Managed Diversified Equity Income Fund Common Shares of Beneficial Interest,Finance
EURN,Euronav NV Ordinary Shares,Consumer Discretionary
EVA,Enviva Inc. Common Stock,Basic Materials
EVC,Entravision Communications Corporation Common Stock,Industrials
EVEX,Eve Holding Inc. Common Stock,Industrials
EVF,Eaton Vance Senior Income Trust Common Stock,Finance
EVG,Eaton Vance Short Diversified Income Fund Eaton Vance Short Duration Diversified Income Fund Common Shares of Beneficial Interest,Finance
EVH,Evolent Health Inc Class A Common Stock,Consumer Discretionary
EVN,Eaton Vance Municipal Income Trust Common Stock,Finance
EVR,Evercore Inc. Class A Common Stock,Finance
EVRI,Everi Holdings Inc. Common Stock,Consumer Discretionary
EVT,Eaton Vance Tax Advantaged Dividend Income Fund Common Shares of Beneficial Interest,Finance
EVTC,Evertec Inc. Common Stock,Technology
EVTL,Vertical Aerospace Ltd. Ordinary Shares,Industrials
EW,Edwards Lifesciences Corporation Common Stock,Health Care
EXG,Eaton Vance Tax-Managed Global Diversified Equity Income Fund Common Shares of Beneficial Interest,Finance
EXK,Endeavour Silver Corporation Ordinary Shares (Canada),Basic Materials
EXP,Eagle Materials Inc Common Stock,Industrials
EXPD,Expeditors International of Washington Inc. Common Stock,Consumer Discretionary
EXR,Extra Space Storage Inc Common Stock,Real Estate
EXTO,Almacenes Exito S.A. American Depositary Share each representing eight (8) Common Shares,Consumer Discretionary
F,Ford Motor Company Common Stock,Consumer Discretionary
F^B,Ford Motor Company 6.20% Notes due June 1 2059,
F^C,Ford Motor Company 6% Notes due December 1 2059,
F^D,Ford Motor Company 6.500% Notes due August 15 2062,
FAF,First American Corporation (New) Common Stock,Finance
FAM,First Trust/abrdn Global Opportunity Income Fund Common Shares of Beneficial Interest,Finance
FBIN,Fortune Brands Innovations Inc. Common Stock,Basic Materials
FBK,FB Financial Corporation Common Stock,Finance
FBMS,First Bancshares Inc.,Finance
FBP,First BanCorp. New Common Stock,Finance
FBRT,Franklin BSP Realty Trust Inc. Common Stock,Real Estate
FBRT^E,Franklin BSP Realty Trust Inc. 7.50% Series E Cumulative Redeemable Preferred Stock,
FC,Franklin Covey Company Common Stock,Consumer Discretionary
FCF,First Commonwealth Financial Corporation Common Stock,Finance
FCN,FTI Consulting Inc. Common Stock,Consumer Discretionary
FCPT,Four Corners Property Trust Inc. Common Stock,Real Estate
FCRX,Crescent Capital BDC Inc. 5.00% Notes due 2026,Finance
FCT,First Trust Senior Floating Rate Income Fund II Common Shares of Beneficial Interest,Finance
FCX,Freeport-McMoRan Inc. Common Stock,Basic Materials
FDP,Fresh Del Monte Produce Inc. Common Stock,Consumer Staples
FDX,FedEx Corporation Common Stock,Consumer Discretionary
FE,FirstEnergy Corp. Common Stock,Utilities
FEDU,Four Seasons Education (Cayman) Inc. American Depositary Shares each ADS representing 10 ordinary shares,Real Estate
FENG,Phoenix New Media Limited American Depositary Shares each representing 48 Class A ordinary shares.,Industrials
FERG,Ferguson plc Ordinary Shares,Miscellaneous
FET,Forum Energy Technologies Inc. Common Stock,Industrials
FF,FutureFuel Corp.  Common shares,Industrials
FFA,First Trust Enhanced Equity Income Fund,Finance
FFC,Flaherty & Crumrine Preferred and Income Securities Fund Incorporated,Finance
FFWM,First Foundation Inc. Common Stock,Finance
FG,F&G Annuities & Life Inc. Common Stock,Finance
FGB,First Trust Specialty Finance and Financial Opportunities Fund,Finance
FGN,F&G Annuities & Life Inc. 7.950% Senior Notes due 2053,Finance
FHI,Federated Hermes Inc. Common Stock,Finance
FHN,First Horizon Corporation Common Stock,Finance
FHN^B,First Horizon Corporation Depositary Shares each representing a 1/400th interest in a share of Non-Cumulative Perpetual Preferred Stock Series B,
FHN^C,First Horizon Corporation Depositary Shares each representing a 1/400th interest in a share of Non-Cumulative Perpetual Preferred Stock Series C,
FHN^E,First Horizon Corporation Depositary Shares each representing a 1/4000th interest in a share of Non-Cumulative Perpetual Preferred Stock Series E,
FHN^F,First Horizon Corporation Depositary Shares each representing 1/4000th Interest in a Share of Non-Cumulative Perpetual Preferred Stock Series F,
FI,Fiserv Inc. Common Stock,Consumer Discretionary
FICO,Fair Isaac Corproation Common Stock,Consumer Discretionary
FIGS,FIGS Inc. Class A Common Stock,Consumer Discretionary
FIHL,Fidelis Insurance Holdings Limited Common Shares,Finance
FINS,Angel Oak Financial Strategies Income Term Trust Common Shares of Beneficial Interest,Finance
FINV,FinVolution Group American Depositary Shares,Finance
FIS,Fidelity National Information Services Inc. Common Stock,Consumer Discretionary
FIX,Comfort Systems USA Inc. Common Stock,Industrials
FL,Foot Locker Inc.,Consumer Discretionary
FLC,Flaherty & Crumrine Total Return Fund Inc Common Stock,Finance
FLNG,FLEX LNG Ltd. Ordinary Shares,Consumer Discretionary
FLO,Flowers Foods Inc. Common Stock,Consumer Staples
FLR,Fluor Corporation Common Stock,Industrials
FLS,Flowserve Corporation Common Stock,Industrials
FLUT,Flutter Entertainment plc Ordinary Shares,Technology
FMC,FMC Corporation Common Stock,Industrials
FMN,Federated Hermes Premier Municipal Income Fund,Finance
FMS,Fresenius Medical Care AG American Depositary Shares (Each representing 1/2 of an Ordinary Share),Health Care
FMX,Fomento Economico Mexicano S.A.B. de C.V. Common Stock,Consumer Staples
FMY,First Trust Motgage Income Fund Common Shares of Beneficial Interest,Finance
FN,Fabrinet Ordinary Shares,Utilities
FNA,Paragon 28 Inc. Common Stock,Health Care
FNB,F.N.B. Corporation Common Stock,Finance
FND,Floor & Decor Holdings Inc. Common Stock,Consumer Discretionary
FNF,FNF Group of Fidelity National Financial Inc. Common Stock,Finance
FNV,Franco-Nevada Corporation,
FOA,Finance of America Companies Inc. Class A Common Stock,Finance
FOF,Cohen & Steers Closed-End Opportunity Fund Inc. Common Stock,Finance
FOR,Forestar Group Inc Common Stock,Finance
FOUR,Shift4 Payments Inc. Class A Common Stock,Consumer Discretionary
FPF,First Trust Intermediate Duration Preferred & Income Fund Common Shares of Beneficial Interest,Finance
FPH,Five Point Holdings LLC Class A Common Shares,Finance
FPI,Farmland Partners Inc. Common Stock,Real Estate
FR,First Industrial Realty Trust Inc. Common Stock,Real Estate
FRA,Blackrock Floating Rate Income Strategies Fund Inc  Common Stock,Finance
FREY,FREYR Battery Inc. Common Stock,Miscellaneous
FRGE,Forge Global Holdings Inc. Common Stock,Finance
FRO,Frontline Plc Ordinary Shares,Consumer Discretionary
FRT,Federal Realty Investment Trust Common Stock,Real Estate
FRT^C,Federal Realty Investment Trust Depositary Shares each representing a 1/1000th interest in a 5.000% Series C Cumulative Redeemable Preferred Share,
FSCO,FS Credit Opportunities Corp. Common Stock,Finance
FSD,First Trust High Income Long Short Fund Common Shares of Beneficial Interest,Finance
FSK,FS KKR Capital Corp. Common Stock,Finance
FSLY,Fastly Inc. Class A Common Stock,Technology
FSM,Fortuna Silver Mines Inc Ordinary Shares (Canada),Basic Materials
FSS,Federal Signal Corporation Common Stock,Consumer Discretionary
FT,Franklin Universal Trust Common Stock,Finance
FTHY,First Trust High Yield Opportunities 2027 Term Fund Common Stock,Finance
FTI,TechnipFMC plc Ordinary Share,Industrials
FTK,Flotek Industries Inc. Common Stock,Industrials
FTS,Fortis Inc. Common Shares,Utilities
FTV,Fortive Corporation Common Stock,Industrials
FUBO,fuboTV Inc. Common Stock,Consumer Discretionary
FUL,H. B. Fuller Company Common Stock,Industrials
FUN,Cedar Fair L.P. Common Stock,Consumer Discretionary
FVRR,Fiverr International Ltd. Ordinary Shares no par value,Consumer Discretionary
G,Genpact Limited Common Stock,Consumer Discretionary
GAB,Gabelli Equity Trust Inc. (The) Common Stock,Finance
GAB^G,Gabelli Equity Trust Inc. (The) Series G Cumulative Preferred Stock,
GAB^H,Gabelli Equity Trust Inc. (The) Pfd Ser H,
GAB^K,Gabelli Equity Trust Inc. (The) 5.00% Series K Cumulative Preferred Stock,
GAM,General American Investors Inc. Common Stock,Finance
GAM^B,General American Investors Company Inc. Cumulative Preferred Stock,
GATO,Gatos Silver Inc. Common Stock,Basic Materials
GATX,GATX Corporation Common Stock,Consumer Discretionary
GB,Global Blue Group Holding AG Ordinary Shares,Technology
GBAB,Guggenheim Taxable Municipal Bond & Investment Grade Debt Trust Common Shares of Beneficial Interest,Finance
GBCI,Glacier Bancorp Inc. Common Stock,Finance
GBLI,Global Indemnity Group LLC Class A Common Stock (DE),Finance
GBTG,Global Business Travel Group Inc. Class A Common Stock,Consumer Discretionary
GBX,Greenbrier Companies Inc. (The) Common Stock,Industrials
GCI,Gannett Co. Inc. Common Stock,Consumer Discretionary
GCO,Genesco Inc. Common Stock,Consumer Discretionary
GCTS,GCT Semiconductor Holding Inc. Common Stock,Technology
GCV,Gabelli Convertible and Income Securities Fund Inc. (The) Common Stock,Finance
GD,General Dynamics Corporation Common Stock,Industrials
GDDY,GoDaddy Inc. Class A Common Stock,Technology
GDL,GDL Fund The Common Shares of Beneficial Interest,Finance
GDO,Western Asset Global Corporate Defined Opportunity Fund Inc.,Finance
GDOT,Green Dot Corporation Class A Common Stock $0.001 par value,Finance
GDV,Gabelli Dividend & Income Trust Common Shares of Beneficial Interest,Finance
GDV^H,The Gabelli Dividend & Income Trust 5.375% Series H Cumulative Preferred Shares,
GDV^K,The Gabelli Dividend & Income Trust 4.250% Series K Cumulative Preferred Shares,
GE,GE Aerospace Common Stock,Technology
GEF,Greif Inc. Class A Common Stock,
GEL,Genesis Energy L.P. Common Units,Energy
GENI,Genius Sports Limited Ordinary Shares,Consumer Discretionary
GEO,Geo Group Inc (The) REIT,Consumer Discretionary
GES,Guess? Inc. Common Stock,Consumer Discretionary
GETR,Getaround Inc. Common Stock,Consumer Discretionary
GETY,Getty Images Holdings Inc. Class A Common Stock,Consumer Discretionary
GEV,GE Vernova Inc. Common Stock,
GF,New Germany Fund Inc. (The) Common Stock,Finance
GFF,Griffon Corporation Common Stock,Industrials
GFI,Gold Fields Limited American Depositary Shares,Basic Materials
GFL,GFL Environmental Inc. Subordinate voting shares no par value,Utilities
GFR,Greenfire Resources Ltd. Common Shares,Energy
GGB,Gerdau S.A. Common Stock,Industrials
GGG,Graco Inc. Common Stock,Industrials
GGT,Gabelli Multi-Media Trust Inc. (The) Common Stock,Finance
GGT^E,Gabelli Multi-Media Trust Inc. (The) 5.125% Series E Cumulative Preferred Stock,
GGT^G,Gabelli Multi-Media Trust Inc. (The) 5.125% Series G Cumulative Preferred Shares,
GGZ,Gabelli Global Small and Mid Cap Value Trust (The) Common Shares of Beneficial Interest,Finance
GHC,Graham Holdings Company Common Stock,Real Estate
GHG,GreenTree Hospitality Group Ltd. American depositary shares each representing one Class A ordinary share,Consumer Discretionary
GHI,Greystone Housing Impact Investors LP Beneficial Unit Certificates representing assignments of limited partnership interests,Finance
GHLD,Guild Holdings Company Class A Common Stock,Finance
GHM,Graham Corporation Common Stock,Industrials
GHY,PGIM Global High Yield Fund Inc.,Finance
GIB,CGI Inc. Common Stock,
GIC,Global Industrial Company Common Stock,Industrials
GIL,Gildan Activewear Inc. Class A Sub. Vot. Common Stock,Consumer Discretionary
GIS,General Mills Inc. Common Stock,Consumer Staples
GJP,Synthetic Fixed-Income Securities Inc. on behalf of STRATS (SM) Trust for Dominion Resources Inc. Securities Series 2005-6 Floating Rate Structured Repackaged Asset-Backed Trust Securities (STRATS) Certificates,Finance
GJS,Goldman Sachs Group Securities STRATS Trust for Goldman Sachs Group Securities Series 2006-2,Finance
GJT,Synthetic Fixed-Income Securities Inc. Floating Rate Structured Repackaged Asset-Backed Trust Securities Certificates Series 2006-3,Finance
GKOS,Glaukos Corporation Common Stock,Health Care
GL,Globe Life Inc. Common Stock,Finance
GL^D,Globe Life Inc. 4.25% Junior Subordinated Debentures due 2061,
GLOB,Globant S.A. Common Shares,Technology
GLOP^A,GasLog Partners LP 8.625% Series A Cumulative Redeemable Perpetual Fixed to Floating Rate Preference Units,
GLOP^B,GasLog Partners LP 8.200% Series B Cumulative Redeemable Perpetual Fixed to Floating Rate Preference Units,
GLOP^C,GasLog Partners LP 8.500% Series C Cumulative Redeemable Perpetual Fixed to Floating Rate Preference Units,
GLP,Global Partners LP Common Units representing Limited Partner Interests,Energy
GLP^B,Global Partners LP 9.50% Series B Fixed Rate Cumulative Redeemable Perpetual Preferred Units representing limited partner interests,
GLT,Glatfelter Corporation Common Stock,Basic Materials
GLW,Corning Incorporated Common Stock,Technology
GM,General Motors Company Common Stock,Consumer Discretionary
GME,GameStop Corporation Common Stock,Consumer Discretionary
GMED,Globus Medical Inc. Class A Common Stock,Health Care
GMRE,Global Medical REIT Inc. Common Stock,Real Estate
GMRE^A,Global Medical REIT Inc. Series A Cumulative Redeemable Preferred Stock,
GMS,GMS Inc. Common Stock,
GNE,Genie Energy Ltd. Class B Common Stock Stock,Utilities
GNK,Genco Shipping & Trading Limited Ordinary Shares New (Marshall Islands),Consumer Discretionary
GNL,Global Net Lease Inc. Common Stock,Real Estate
GNL^A,Global Net Lease Inc. 7.25% Series A Cumulative Redeemable Preferred Stock $0.01 par value per share,
GNL^B,Global Net Lease Inc. 6.875% Series B Cumulative Redeemable Perpetual Preferred Stock,
GNL^D,Global Net Lease Inc. 7.50% Series D Cumulative Redeemable Perpetual Preferred Stock,
GNL^E,Global Net Lease Inc. 7.375% Series E Cumulative Redeemable Perpetual Preferred Stock,
GNRC,Generac Holdlings Inc. Common Stock,Consumer Discretionary
GNT,GAMCO Natural Resources Gold & Income Trust,Finance
GNT^A,GAMCO Natural Resources Gold & Income Tust  5.20% Series A Cumulative Preferred Shares (Liquidation Preference $25.00 per share),
GNTY,Guaranty Bancshares Inc. Common Stock,Finance
GNW,Genworth Financial Inc Common Stock,Finance
GOF,Guggenheim Strategic Opportunities Fund Common Shares of Beneficial Interest,Finance
GOLD,Barrick Gold Corporation Common Stock (BC),
GOLF,Acushnet Holdings Corp. Common Stock,Consumer Discretionary
GOOS,Canada Goose Holdings Inc. Subordinate Voting Shares,Consumer Discretionary
GOTU,Gaotu Techedu Inc. American Depositary Shares,Real Estate
GPC,Genuine Parts Company Common Stock,Consumer Discretionary
GPI,Group 1 Automotive Inc. Common Stock,Consumer Discretionary
GPJA,Georgia Power Company Series 2017A 5.00% Junior Subordinated Notes due October 1 2077,Utilities
GPK,Graphic Packaging Holding Company,Consumer Discretionary
GPMT,Granite Point Mortgage Trust Inc. Common Stock,Real Estate
GPMT^A,Granite Point Mortgage Trust Inc. 7.00% Series A Fixed-to-Floating Rate Cumulative Redeemable Preferred Stock,
GPN,Global Payments Inc. Common Stock,Consumer Discretionary
GPOR,Gulfport Energy Corporation Common Shares,Energy
GPRK,Geopark Ltd Common Shares,Energy
GPS,Gap Inc. (The) Common Stock,Consumer Discretionary
GRBK,Green Brick Partners Inc. Common Stock,Consumer Discretionary
GRBK^A,Green Brick Partners Inc. Depositary Shares (each representing a 1/1000th fractional interest in a share of 5.75% Series A Cumulative Perpetual Preferred Stock),
GRC,Gorman-Rupp Company (The) Common Stock,Industrials
GRMN,Garmin Ltd. Common Stock (Switzerland),Industrials
GRND,Grindr Inc. Common Stock,Technology
GRNT,Granite Ridge Resources Inc. Common Stock,Energy
GROV,Grove Collaborative Holdings Inc. Class A Common Stock,Consumer Discretionary
GRX,The Gabelli Healthcare & Wellness Trust Common Shares of Beneficial Interest,Finance
GS,Goldman Sachs Group Inc. (The) Common Stock,Finance
GS^A,Goldman Sachs Group Inc. (The) Depositary Shares each representing 1/1000th Interest in a Share of Floating Rate Non-Cumulative Preferred Stock Series A,
GS^C,Goldman Sachs Group Inc. (The) Depositary Share repstg 1/1000th Preferred Series C,
GS^D,Goldman Sachs Group Inc. (The) Dep Shs repstg 1/1000 Pfd Ser D Fltg,
GSBD,Goldman Sachs BDC Inc. Common Stock,Finance
GSK,GSK plc American Depositary Shares (Each representing two Ordinary Shares),Health Care
GSL,Global Ship Lease Inc New Class A Common Shares,Consumer Discretionary
GSL^B,Global Ship Lease Inc. Depository Shares Representing 1/100th Perpetual Preferred Series B% (Marshall Island),
GTES,Gates Industrial Corporation plc Ordinary Shares,Industrials
GTLS,Chart Industries Inc. Common Stock,Industrials
GTLS^B,Chart Industries Inc. Depositary Shares each Representing a 1/20th Interest in a Share of 6.75% Series B Mandatory Convertible Preferred Stock,
GTN,Gray Television Inc. Common Stock,Industrials
GTY,Getty Realty Corporation Common Stock,Finance
GUG,Guggenheim Active Allocation Fund Common Shares of Beneficial Interest,Finance
GUT,Gabelli Utility Trust (The) Common Stock,Finance
GUT^C,Gabelli Utility Trust (The) 5.375% Series C Cumulative Preferred Shares,
GVA,Granite Construction Incorporated Common Stock,Industrials
GWH,ESS Tech Inc. Common Stock,Miscellaneous
GWRE,Guidewire Software Inc. Common Stock,Technology
GWW,W.W. Grainger Inc. Common Stock,Industrials
GXO,GXO Logistics Inc. Common Stock,Consumer Discretionary
H,Hyatt Hotels Corporation Class A Common Stock,Consumer Discretionary
HAE,Haemonetics Corporation Common Stock,Health Care
HAFN,Hafnia Limited Common Shares,Consumer Discretionary
HAL,Halliburton Company Common Stock,Energy
HASI,Hannon Armstrong Sustainable Infrastructure Capital Inc. Common Stock,Real Estate
HAYW,Hayward Holdings Inc. Common Stock,Industrials
HBB,Hamilton Beach Brands Holding Company Class A Common Stock,Consumer Discretionary
HBI,Hanesbrands Inc. Common Stock,Consumer Discretionary
HBM,Hudbay Minerals Inc. Ordinary Shares (Canada),Basic Materials
HCA,HCA Healthcare Inc. Common Stock,Health Care
HCC,Warrior Met Coal Inc. Common Stock,Energy
HCI,HCI Group Inc. Common Stock,Finance
HCXY,Hercules Capital Inc. 6.25% Notes due 2033,Finance
HD,Home Depot Inc. (The) Common Stock,Consumer Discretionary
HDB,HDFC Bank Limited Common Stock,Finance
HE,Hawaiian Electric Industries Inc. Common Stock,Utilities
HEI,Heico Corporation Common Stock,Industrials
HEI/A,Heico Corporation,
HEQ,John Hancock Hedged Equity & Income Fund Common Shares of Beneficial Interest,Finance
HES,Hess Corporation Common Stock,Energy
HESM,Hess Midstream LP Class A Share,Energy
HFRO,Highland Opportunities and Income Fund Common Shares of Beneficial Interest,Finance
HFRO^A,Highland Opportunities and Income Fund 5.375% Series A Cumulative Preferred Shares,
HG,Hamilton Insurance Group Ltd. Class B Common Shares,
HGLB,Highland Global Allocation Fund Common Stock,Finance
HGTY,Hagerty Inc. Class A Common Stock,Finance
HGV,Hilton Grand Vacations Inc. Common Stock,Consumer Discretionary
HHH,Howard Hughes Holdings Inc. Common Stock,Real Estate
HI,Hillenbrand Inc Common Stock,Consumer Discretionary
HIE,Miller/Howard High Income Equity Fund Common Shares of Beneficial Interest,Finance
HIG,Hartford Financial Services Group Inc. (The) Common Stock,Finance
HIG^G,Hartford Financial Services Group Inc. (The) Depositary Shares each representing a 1/1000th interest in a share of 6.000% Non-Cumulative Preferred Stock Series G $0.01 par value,
HII,Huntington Ingalls Industries Inc. Common Stock,Industrials
HIMS,Hims & Hers Health Inc. Class A Common Stock,Health Care
HIO,Western Asset High Income Opportunity Fund Inc. Common Stock,Finance
HIPO,Hippo Holdings Inc. Common Stock,Finance
HIW,Highwoods Properties Inc. Common Stock,Real Estate
HIX,Western Asset High Income Fund II Inc. Common Stock,Finance
HKD,AMTD Digital Inc. American Depositary Shares (every five of which represent two Class A Ordinary Shares),Finance
HL,Hecla Mining Company Common Stock,Basic Materials
HL^B,Hecla Mining Company Preferred Stock,
HLF,Herbalife Ltd. Common Shares,Health Care
HLI,Houlihan Lokey Inc. Class A Common Stock,Finance
HLIO,Helios Technologies Inc. Common Stock,Industrials
HLLY,Holley Inc. Common Stock,Consumer Discretionary
HLN,Haleon plc American Depositary Shares (Each representing two Ordinary Shares),Consumer Discretionary
HLT,Hilton Worldwide Holdings Inc. Common Stock,Consumer Discretionary
HLX,Helix Energy Solutions Group Inc. Common Stock,Energy
HMC,Honda Motor Company Ltd. Common Stock,Consumer Discretionary
HMN,Horace Mann Educators Corporation Common Stock,Finance
HMY,Harmony Gold Mining Company Limited,Basic Materials
HNI,HNI Corporation Common Stock,Consumer Discretionary
HOG,Harley-Davidson Inc. Common Stock,Consumer Discretionary
HOMB,Home BancShares Inc. Common Stock,Finance
HOUS,Anywhere Real Estate Inc. Common Stock,Finance
HOV,Hovnanian Enterprises Inc. Class A Common Stock,Consumer Discretionary
HP,Helmerich & Payne Inc. Common Stock,Energy
HPE,Hewlett Packard Enterprise Company Common Stock,Technology
HPF,John Hancock Pfd Income Fund II Pfd Income Fund II,Finance
HPI,John Hancock Preferred Income Fund Common Shares of Beneficial Interest,Finance
HPP,Hudson Pacific Properties Inc. Common Stock,Finance
HPP^C,Hudson Pacific Properties Inc. 4.750% Series C Cumulative Redeemable Preferred Stock,
HPQ,HP Inc. Common Stock,Technology
HPS,John Hancock Preferred Income Fund III Preferred Income Fund III,Finance
HQH,abrdn Healthcare Investors Shares of Beneficial Interest,Finance
HQL,abrdn Life Sciences Investors Shares of Beneficial Interest,Finance
HR,Healthcare Realty Trust Incorporated Common Stock,Real Estate
HRB,H&R Block Inc. Common Stock,Consumer Discretionary
HRI,Herc Holdings Inc. Common Stock,Industrials
HRL,Hormel Foods Corporation Common Stock,Consumer Staples
HRT,HireRight Holdings Corporation Common Stock,Consumer Discretionary
HRTG,Heritage Insurance Holdings Inc. Common Stock,Finance
HSBC,HSBC Holdings plc. Common Stock,Finance
HSHP,Himalaya Shipping Ltd. Common Shares,Consumer Discretionary
HSY,The Hershey Company Common Stock,Consumer Staples
HTD,John Hancock Tax Advantaged Dividend Income Fund Common Shares of Beneficial Interest,Finance
HTFB,Horizon Technology Finance Corporation 4.875% Notes due 2026,Finance
HTFC,Horizon Technology Finance Corporation 6.25% Notes due 2027,Finance
HTGC,Hercules Capital Inc. Common Stock,Finance
HTH,Hilltop Holdings Inc.,Finance
HUBB,Hubbell Inc Common Stock,Technology
HUBS,HubSpot Inc. Common Stock,Technology
HUM,Humana Inc. Common Stock,Health Care
HUN,Huntsman Corporation Common Stock,Industrials
HUYA,HUYA Inc. American depositary shares each  representing one Class A ordinary share,Technology
HVT,Haverty Furniture Companies Inc. Common Stock,Consumer Discretionary
HVT/A,Haverty Furniture Companies Inc.,
HWM,Howmet Aerospace Inc. Common Stock,Industrials
HXL,Hexcel Corporation Common Stock,Industrials
HY,Hyster-Yale Materials Handling Inc. Class A Common Stock,Industrials
HYAC,Haymaker Acquisition Corp. 4 Class A Ordinary Shares,
HYB,New America High Income Fund Inc. (The) Common Stock,Finance
HYI,Western Asset High Yield Defined Opportunity Fund Inc. Common Stock,Finance
HYLN,Hyliion Holdings Corp. Class A Common Stock,Consumer Discretionary
HYT,Blackrock Corporate High Yield Fund Inc. Common Stock,Finance
HZO,MarineMax Inc.  (FL) Common Stock,Consumer Discretionary
IAE,Voya Asia Pacific High Dividend Equity Income Fund ING Asia Pacific High Dividend Equity Income Fund Common Shares of Beneficial Interest,Finance
IAG,Iamgold Corporation Ordinary Shares,Basic Materials
IBM,International Business Machines Corporation Common Stock,Technology
IBN,ICICI Bank Limited Common Stock,Finance
IBP,Installed Building Products Inc. Common Stock,Consumer Discretionary
IBTA,Ibotta Inc. Class A Common Stock,Consumer Discretionary
ICD,Independence Contract Drilling Inc. Common Stock,Energy
ICE,Intercontinental Exchange Inc. Common Stock,Finance
ICL,ICL Group Ltd. Ordinary Shares,Industrials
ICR^A,InPoint Commercial Real Estate Income Inc. 6.75% Series A Cumulative Redeemable Preferred Stock,
IDA,IDACORP Inc. Common Stock,Utilities
IDE,Voya Infrastructure Industrials and Materials Fund Common Shares of Beneficial Interest,Finance
IDT,IDT Corporation Class B Common Stock,Telecommunications
IEX,IDEX Corporation Common Stock,Industrials
IFF,International Flavors & Fragrances Inc. Common Stock,Industrials
IFIN,InFinT Acquisition Corporation Class A Ordinary Shares,Consumer Discretionary
IFN,India Fund Inc. (The) Common Stock,Finance
IFS,Intercorp Financial Services Inc. Common Shares,Finance
IGA,Voya Global Advantage and Premium Opportunity Fund Common Shares of Beneficial Interest,Finance
IGD,Voya Global Equity Dividend and Premium Opportunity Fund,Finance
IGI,Western Asset Investment Grade Defined Opportunity Trust Inc. Common Stock,Finance
IGR,CBRE Global Real Estate Income Fund Common Shares of Beneficial Interest,Finance
IGT,International Game Technology Ordinary Shares,Consumer Discretionary
IH,iHuman Inc. American depositary shares each representing five Class A ordinary shares,Real Estate
IHD,Voya Emerging Markets High Income Dividend Equity Fund Common Shares,Finance
IHG,Intercontinental Hotels Group American Depositary Shares (Each representing one Ordinary Share),Consumer Discretionary
IHS,IHS Holding Limited Ordinary Shares,Telecommunications
IHTA,Invesco High Income 2024 Target Term Fund Common Shares of Beneficial Interest No par value per share,Finance
IIF,Morgan Stanley India Investment Fund Inc. Common Stock,Finance
IIIN,Insteel Industries Inc. Common Stock,Industrials
IIM,Invesco Value Municipal Income Trust Common Stock,Finance
IIPR,Innovative Industrial Properties Inc. Common Stock,Finance
IIPR^A,Innovative Industrial Properties Inc. 9.00% Series A Cumulative Redeemable Preferred Stock,
IMAX,Imax Corporation Common Stock,
INFA,Informatica Inc. Class A Common Stock,Technology
INFY,Infosys Limited American Depositary Shares,Technology
ING,ING Group N.V. Common Stock,Finance
INGR,Ingredion Incorporated Common Stock,Consumer Staples
INN,Summit Hotel Properties Inc. Common Stock,Real Estate
INN^E,Summit Hotel Properties Inc. 6.250% Series E Cumulative Redeemable Preferred Stock,
INN^F,Summit Hotel Properties Inc. 5.875% Series F Cumulative Redeemable Preferred Stock $0.01 par value per share,
INSI,Insight Select Income Fund,Finance
INSP,Inspire Medical Systems Inc. Common Stock,Health Care
INST,Instructure Holdings Inc. Common Stock,Technology
INSW,International Seaways Inc. Common Stock,Technology
INVH,Invitation Homes Inc. Common Stock,Finance
IONQ,IonQ Inc. Common Stock,Technology
IOT,Samsara Inc. Class A Common Stock,Technology
IP,International Paper Company Common Stock,Basic Materials
IPG,Interpublic Group of Companies Inc. (The) Common Stock,Consumer Discretionary
IPI,Intrepid Potash Inc Common Stock,Industrials
IQI,Invesco Quality Municipal Income Trust Common Stock,Finance
IQV,IQVIA Holdings Inc. Common Stock,Health Care
IR,Ingersoll Rand Inc. Common Stock,Industrials
IRM,Iron Mountain Incorporated (Delaware)Common Stock REIT,Real Estate
IRS,IRSA Inversiones Y Representaciones S.A. Global Depositary Shares (Each representing ten shares of Common Stock),Real Estate
IRT,Independence Realty Trust Inc. Common Stock,Real Estate
ISD,PGIM High Yield Bond Fund Inc.,Finance
IT,Gartner Inc. Common Stock,Consumer Discretionary
ITGR,Integer Holdings Corporation Common Stock,Health Care
ITT,ITT Inc. Common Stock,Industrials
ITUB,Itau Unibanco Banco Holding SA American Depositary Shares (Each repstg 500 Preferred shares),Finance
ITW,Illinois Tool Works Inc. Common Stock,Industrials
IVR,INVESCO MORTGAGE CAPITAL INC Common Stock,Real Estate
IVR^B,Invesco Mortgage Capital Inc. Preferred Series B Cum Fxd to Fltg,
IVR^C,INVESCO MORTGAGE CAPITAL INC 7.5% Fixed-to-Floating Series C Cumulative Redeemable Preferred Stock Liquation Preference $25.00 per Share,
IVT,InvenTrust Properties Corp. Common Stock,Real Estate
IVZ,Invesco Ltd Common Stock,Finance
IX,Orix Corp Ads Common Stock,Finance
J,Jacobs Solutions Inc. Common Stock,Industrials
JBGS,JBG SMITH Properties Common Shares,Real Estate
JBI,Janus International Group Inc. Common Stock,Industrials
JBL,Jabil Inc. Common Stock,Technology
JBT,John Bean Technologies Corporation Common Stock,Industrials
JCE,Nuveen Core Equity Alpha Fund Common Shares of Beneficial Interest,Finance
JCI,Johnson Controls International plc Ordinary Share,Industrials
JEF,Jefferies Financial Group Inc. Common Stock,Finance
JELD,JELD-WEN Holding Inc. Common Stock,Basic Materials
JEQ,abrdn Japan Equity Fund Inc. Common Stock,Consumer Discretionary
JFR,Nuveen Floating Rate Income Fund Common Stock,Finance
JGH,Nuveen Global High Income Fund Common Shares of Beneficial Interest,Finance
JHG,Janus Henderson Group plc Ordinary Shares,Finance
JHI,John Hancock Investors Trust Common Stock,Finance
JHS,John Hancock Income Securities Trust Common Stock,Finance
JHX,James Hardie Industries plc American Depositary Shares (Ireland),Industrials
JILL,J. Jill Inc. Common Stock,Consumer Discretionary
JKS,JinkoSolar Holding Company Limited American Depositary Shares (each representing 4 Common Shares),Technology
JLL,Jones Lang LaSalle Incorporated Common Stock,Finance
JLS,Nuveen Mortgage and Income Fund,Finance
JMIA,Jumia Technologies AG American Depositary Shares each representing two Ordinary Shares,Consumer Discretionary
JMM,Nuveen Multi-Market Income Fund (MA),Finance
JNJ,Johnson & Johnson Common Stock,Health Care
JNPR,Juniper Networks Inc. Common Stock,Telecommunications
JOBY,Joby Aviation Inc. Common Stock,Industrials
JOE,St. Joe Company (The) Common Stock,Real Estate
JOF,Japan Smaller Capitalization Fund Inc Common Stock,Finance
JPC,Nuveen Preferred & Income Opportunities Fund,Finance
JPI,Nuveen Preferred and Income Term Fund Common Shares of Beneficial Interest,Finance
JPM,JP Morgan Chase & Co. Common Stock,Finance
JPM^C,J P Morgan Chase & Co Depositary Shares each representing a 1/400th interest in a share of 6.00% Non-Cumulative  Preferred Stock Series EE,
JPM^D,J P Morgan Chase & Co Depositary Shares each representing a 1/400th  interest in a share of 5.75% Non-Cumulative  Preferred Stock Series DD,
JPM^J,J P Morgan Chase & Co Depositary Shares each representing a 1/400th interest in a share of JPMorgan Chase & Co. 4.75% Non-Cumulative Preferred Stock Series GG,
JPM^K,J P Morgan Chase & Co Depositary Shares each representing a 1/400th interest in a share of 4.55% Non-Cumulative Preferred Stock Series JJ,
JPM^L,J P Morgan Chase & Co Depositary Shares each representing a 1/400th interest in a share of 4.625% Non-Cumulative Preferred Stock Series LL,
JPM^M,J P Morgan Chase & Co Depositary Shares each representing a 1/400th interest in a share of 4.20% Non-Cumulative Preferred Stock Series MM,
JQC,Nuveen Credit Strategies Income Fund Shares of Beneficial Interest,Finance
JRI,Nuveen Real Asset Income and Growth Fund Common Shares of Beneficial Interest,Finance
JRS,Nuveen Real Estate Income Fund Common Shares of Beneficial Interest,Finance
JWN,Nordstrom Inc. Common Stock,Consumer Discretionary
JXN,Jackson Financial Inc. Class A Common Stock,Finance
JXN^A,Jackson Financial Inc. Depositary Shares each representing a 1/1000th interest in a share of Fixed-Rate Reset Noncumulative Perpetual Preferred Stock Series A,
K,Kellanova Common Stock,Consumer Staples
KAI,Kadant Inc Common Stock,Industrials
KAR,OPENLANE Inc. Common Stock,Consumer Discretionary
KB,KB Financial Group Inc,Finance
KBDC,Kayne Anderson BDC Inc. Common Stock,
KBH,KB Home Common Stock,Consumer Discretionary
KBR,KBR Inc. Common Stock,Industrials
KD,Kyndryl Holdings Inc. Common Stock,Technology
KEN,Kenon Holdings Ltd. Ordinary Shares,Utilities
KEP,Korea Electric Power Corporation Common Stock,Utilities
KEX,Kirby Corporation Common Stock,Consumer Discretionary
KEY,KeyCorp Common Stock,Finance
KEY^I,KeyCorp Depositary Shares Each Representing a 1/40th Ownership Interest in a Share of Fixed-to-Floating Rate Perpetual Non-Cumulative Preferred Stock Series E,
KEY^J,KeyCorp Depositary Shares each representing a 1/40th ownership interest in a share of Fixed Rate Perpetual Non-Cumulative Preferred Stock Series F,
KEY^K,KeyCorp Depositary Shares each representing a 1/40th ownership interest in a share of Fixed Rate Perpetual Non-Cumulative Preferred Stock Series G,
KEY^L,KeyCorp Depositary Shares each representing a 1/40th ownership interest in a share of Fixed Rate Perpetual Non-Cumulative Preferred Stock Series H,
KEYS,Keysight Technologies Inc. Common Stock,Industrials
KF,Korea Fund Inc. (The) New Common Stock,Finance
KFRC,Kforce Inc. Common Stock,Consumer Discretionary
KFS,Kingsway Financial Services Inc. Common Stock (DE),Finance
KFY,Korn Ferry Common Stock,Consumer Discretionary
KGC,Kinross Gold Corporation Common Stock,
KGS,Kodiak Gas Services Inc. Common Stock,Utilities
KIM,Kimco Realty Corporation (HC) Common Stock,Real Estate
KIM^L,Kimco Realty Corporation Class L Depositary Shares each of which represents a one-one thousandth fractional interest in a share of 5.125% Class L Cumulative Redeemable Preferred Stock liquidation preference $25000.00 per share,
KIM^M,Kimco Realty Corporation Class M Depositary Shares each of which represents a one-one thousandth fractional interest in a share of 5.25% Class M Cumulative Redeemable Preferred Stock liquidation preference $25000.00 per share,
KIM^N,Kimco Realty Corporation Depositary Shares each representing 1/1000th interest in a share of 7.25% Class N Cumulative Convertible Perpetual Preferred Stock,
KIND,Nextdoor Holdings Inc. Class A Common Stock,Technology
KIO,KKR Income Opportunities Fund Common Shares,Finance
KKR,KKR & Co. Inc. Common Stock,Finance
KKRS,KKR Group Finance Co. IX LLC 4.625% Subordinated Notes due 2061,
KLG,WK Kellogg Co Common Stock,Consumer Staples
KMB,Kimberly-Clark Corporation Common Stock,Consumer Discretionary
KMI,Kinder Morgan Inc. Common Stock,Utilities
KMPB,Kemper Corporation 5.875% Fixed-Rate Reset Junior Subordinated Debentures due 2062,Finance
KMPR,Kemper Corporation,Finance
KMT,Kennametal Inc. Common Stock,Industrials
KMX,CarMax Inc,Consumer Discretionary
KN,Knowles Corporation Common Stock,Consumer Staples
KNF,Knife Riv Holding Co. Common Stock,Industrials
KNOP,KNOT Offshore Partners LP Common Units representing Limited Partner Interests,Consumer Discretionary
KNSL,Kinsale Capital Group Inc. Common Stock,Finance
KNTK,Kinetik Holdings Inc. Class A Common Stock,Energy
KNX,Knight-Swift Transportation Holdings Inc.,Industrials
KO,Coca-Cola Company (The) Common Stock,Consumer Staples
KODK,Eastman Kodak Company Common New,Consumer Discretionary
KOF,Coca Cola Femsa S.A.B. de C.V.  American Depositary Shares each representing 10 Units (each Unit consists of 3 Series B Shares and 5 Series L Shares),Consumer Staples
KOP,Koppers Holdings Inc. Common Stock,Basic Materials
KORE,KORE Group Holdings Inc. Common Stock,Telecommunications
KOS,Kosmos Energy Ltd. Common Shares (DE),Energy
KR,Kroger Company (The) Common Stock,Consumer Staples
KRC,Kilroy Realty Corporation Common Stock,Real Estate
KREF,KKR Real Estate Finance Trust Inc. Common Stock,Real Estate
KREF^A,KKR Real Estate Finance Trust Inc. 6.50% Series A Cumulative Redeemable Preferred Stock,
KRG,Kite Realty Group Trust Common Stock,Real Estate
KRO,Kronos Worldwide Inc Common Stock,Industrials
KRP,Kimbell Royalty Partners Common Units Representing Limited Partner Interests,Energy
KSM,DWS Strategic Municipal Income Trust,Finance
KSS,Kohl's Corporation Common Stock,Consumer Discretionary
KT,KT Corporation Common Stock,Telecommunications
KTB,Kontoor Brands Inc. Common Stock,Consumer Discretionary
KTF,DWS Municipal Income Trust,Finance
KTH,Structures Products Cp 8% CorTS Issued by Peco Energy Cap Tr II Preferred Stock,Finance
KTN,Structured Products Corp 8.205% CorTS 8.205% Corporate Backed Trust Securities (CorTS),Finance
KUKE,Kuke Music Holding Limited American Depositary Shares each representing one Ordinary Share,Real Estate
KVUE,Kenvue Inc. Common Stock,Consumer Discretionary
KVYO,Klaviyo Inc. Series A Common Stock,Technology
KW,Kennedy-Wilson Holdings Inc. Common Stock,Finance
KWR,Quaker Houghton Common Stock,Industrials
KYN,Kayne Anderson Energy Infrastructure Fund Inc.,Finance
L,Loews Corporation Common Stock,Finance
LAAC,Lithium Americas (Argentina) Corp. Common Shares,
LAC,Lithium Americas Corp. Common Shares,Basic Materials
LAD,Lithia Motors Inc. Common Stock,Consumer Discretionary
LADR,Ladder Capital Corp Class A Common Stock,Real Estate
LANV,Lanvin Group Holdings Limited Ordinary Shares,Finance
LAW,CS Disco Inc. Common Stock,Technology
LAZ,Lazard Inc. Common Stock,Finance
LBRT,Liberty Energy Inc. Class A common stock,Energy
LC,LendingClub Corporation Common Stock,Finance
LCII,LCI Industries,Consumer Discretionary
LCW,Learn CW Investment Corporation Class A Ordinary Shares,Finance
LDI,loanDepot Inc. Class A Common Stock,Finance
LDOS,Leidos Holdings Inc. Common Stock,Technology
LDP,Cohen & Steers Limited Duration Preferred and Income Fund Inc.,Finance
LEA,Lear Corporation Common Stock,Consumer Discretionary
LEG,Leggett & Platt Incorporated Common Stock,Consumer Discretionary
LEN,Lennar Corporation Class A Common Stock,Consumer Discretionary
LEO,BNY Mellon Strategic Municipals Inc. Common Stock,Finance
LEV,The Lion Electric Company Common Shares,Consumer Discretionary
LEVI,Levi Strauss & Co Class A Common Stock,Consumer Discretionary
LFT,Lument Finance Trust Inc. Common Stock,Real Estate
LFT^A,Lument Finance Trust Inc. 7.875% Series A Cumulative Redeemable Preferred Stock,
LGI,Lazard Global Total Return and Income Fund Common Stock,
LH,Labcorp Holdings Inc. Common Stock,Health Care
LHX,L3Harris Technologies Inc. Common Stock,Industrials
LICY,Li-Cycle Holdings Corp. Common Shares,
LII,Lennox International Inc. Common Stock,Industrials
LITB,LightInTheBox Holding Co. Ltd. American Depositary Shares each representing 2 ordinary shares,Consumer Discretionary
LL,LL Flooring Holdings Inc. Common Stock,Consumer Discretionary
LLAP,Terran Orbital Corporation Common Stock,Industrials
LLY,Eli Lilly and Company Common Stock,Health Care
LMND,Lemonade Inc. Common Stock,Finance
LMT,Lockheed Martin Corporation Common Stock,Industrials
LNC,Lincoln National Corporation Common Stock,Finance
LNC^D,Lincoln National Corporation Depositary Shares Each Representing a 1/1000th Interest in a Share of 9.000% Non-Cumulative Preferred Stock Series D,
LND,Brasilagro Brazilian Agric Real Estate Co Sponsored ADR (Brazil),Consumer Staples
LNG,Cheniere Energy Inc. Common Stock,Utilities
LNN,Lindsay Corporation Common Stock,Industrials
LOAR,Loar Holdings Inc. Common Stock,Industrials
LOB,Live Oak Bancshares Inc. Common Stock,Finance
LOCL,Local Bounti Corporation Common Stock,Consumer Staples
LOMA,Loma Negra Compania Industrial Argentina Sociedad Anonima ADS,Industrials
LOW,Lowe's Companies Inc. Common Stock,Consumer Discretionary
LPG,Dorian LPG Ltd. Common Stock,Consumer Discretionary
LPL,LG Display Co Ltd AMERICAN DEPOSITORY SHARES,Technology
LPX,Louisiana-Pacific Corporation Common Stock,Basic Materials
LRN,Stride Inc. Common Stock,Real Estate
LSPD,Lightspeed Commerce Inc. Subordinate Voting Shares,
LTC,LTC Properties Inc. Common Stock,Real Estate
LTH,Life Time Group Holdings Inc. Common Stock,Consumer Discretionary
LU,Lufax Holding Ltd American Depositary Shares each representing two (2) Ordinary Shares,Finance
LUMN,Lumen Technologies Inc. Common Stock,Telecommunications
LUV,Southwest Airlines Company Common Stock,Consumer Discretionary
LVS,Las Vegas Sands Corp. Common Stock,Consumer Discretionary
LVWR,LiveWire Group Inc. Common Stock,Consumer Discretionary
LW,Lamb Weston Holdings Inc. Common Stock,Consumer Staples
LXP,LXP Industrial Trust Common Stock (Maryland REIT),Real Estate
LXP^C,LXP Industrial Trust 6.5% Series C Cumulative Convertible Preferred Stock,
LXU,LSB Industries Inc. Common Stock,Industrials
LYB,LyondellBasell Industries NV Ordinary Shares Class A (Netherlands),Industrials
LYG,Lloyds Banking Group Plc American Depositary Shares,Finance
LYV,Live Nation Entertainment Inc. Common Stock,Consumer Discretionary
LZB,La-Z-Boy Incorporated Common Stock,Consumer Discretionary
LZM,Lifezone Metals Limited Ordinary Shares,Basic Materials
M,Macy's Inc Common Stock,Consumer Discretionary
MA,Mastercard Incorporated Common Stock,Consumer Discretionary
MAA,Mid-America Apartment Communities Inc. Common Stock,Real Estate
MAC,Macerich Company (The) Common Stock,Real Estate
MAIN,Main Street Capital Corporation Common Stock,Finance
MAN,ManpowerGroup Common Stock,Consumer Discretionary
MANU,Manchester United Ltd. Class A Ordinary Shares,Consumer Discretionary
MAS,Masco Corporation Common Stock,Consumer Discretionary
MATV,Mativ Holdings Inc. Common Stock,Basic Materials
MATX,Matson Inc. Common Stock,Consumer Discretionary
MAV,Pioneer Municipal High Income Advantage Fund Inc.,Finance
MAX,MediaAlpha Inc. Class A Common Stock,Consumer Discretionary
MBC,MasterBrand Inc. Common Stock,Consumer Discretionary
MBI,MBIA Inc. Common Stock,Finance
MC,Moelis & Company Class A Common Stock,Finance
MCB,Metropolitan Bank Holding Corp. Common Stock,Finance
MCD,McDonald's Corporation Common Stock,Consumer Discretionary
MCI,Barings Corporate Investors Common Stock,Finance
MCK,McKesson Corporation Common Stock,Health Care
MCN,Madison Covered Call & Equity Strategy Fund Common Stock,
MCO,Moody's Corporation Common Stock,Finance
MCR,MFS Charter Income Trust Common Stock,Finance
MCS,Marcus Corporation (The) Common Stock,Consumer Discretionary
MCW,Mister Car Wash Inc. Common Stock,Consumer Discretionary
MCY,Mercury General Corporation Common Stock,Finance
MD,Pediatrix Medical Group Inc. Common Stock,Health Care
MDT,Medtronic plc. Ordinary Shares,Health Care
MDU,MDU Resources Group Inc. Common Stock (Holding Company),Industrials
MDV,Modiv Industrial Inc. Class C Common Stock,Real Estate
MDV^A,Modiv Industrial Inc. 7.375% Series A Cumulative Redeemable Perpetual Preferred Stock,
MEC,Mayville Engineering Company Inc. Common Stock,Industrials
MED,MEDIFAST INC Common Stock,Consumer Discretionary
MEG,Montrose Environmental Group Inc. Common Stock,Consumer Discretionary
MEGI,MainStay CBRE Global Infrastructure Megatrends Term Fund Common Shares,Finance
MEI,Methode Electronics Inc. Common Stock,Technology
MER^K,Bank of America Corporation Income Capital Obligation Notes initially due December 15 2066,
MET,MetLife Inc. Common Stock,Finance
MET^A,MetLife Inc. Preferred Series A Floating Rate,
MET^E,MetLife Inc. Depositary shares each representing a 1/1000th interest in a share of the Issuera??s 5.625% Non-Cumulative Preferred Stock Series E.,
MET^F,MetLife Inc. Depositary Shares each representing a 1/1000th interest in a share of 4.75% Non-Cumulative Preferred Stock Series F,
MFA,MFA Financial Inc.,Real Estate
MFA^B,MFA Financial Inc. Preferred Series B,
MFA^C,MFA Financial Inc. 6.50% Series C Fixed-to-Floating Rate Cumulative Redeemable Preferred Stock,
MFAN,MFA Financial Inc. 8.875% Senior Notes due 2029,
MFAO,MFA Financial Inc. 9.000% Senior Notes due 2029,
MFC,Manulife Financial Corporation Common Stock,Finance
MFD,Macquarie First Trust Global Common Stock,Finance
MFG,Mizuho Financial Group Inc. Sponosred ADR (Japan),Finance
MFM,MFS Municipal Income Trust Common Stock,Finance
MG,Mistras Group Inc Common Stock,Consumer Discretionary
MGA,Magna International Inc. Common Stock,Consumer Discretionary
MGF,MFS Government Markets Income Trust Common Stock,Finance
MGM,MGM Resorts International Common Stock,Consumer Discretionary
MGR,Affiliated Managers Group Inc. 5.875% Junior Subordinated Notes due 2059,Finance
MGRB,Affiliated Managers Group Inc. 4.750% Junior Subordinated Notes due 2060,Finance
MGRD,Affiliated Managers Group Inc. 4.200% Junior Subordinated Notes due 2061,Finance
MGRE,Affiliated Managers Group Inc. 6.750% Junior Subordinated Notes due 2064,
MGY,Magnolia Oil & Gas Corporation Class A Common Stock,Energy
MHD,Blackrock MuniHoldings Fund Inc. Common Stock,Finance
MHF,Western Asset Municipal High Income Fund Inc. Common Stock,Finance
MHI,Pioneer Municipal High Income Fund Inc.,Finance
MHK,Mohawk Industries Inc. Common Stock,Consumer Discretionary
MHLA,Maiden Holdings Ltd. 6.625% Notes due 2046,Finance
MHN,Blackrock MuniHoldings New York Quality Fund Inc. Common Stock,Finance
MHNC,Maiden Holdings North America Ltd. 7.75% Notes due 2043,Finance
MHO,M/I Homes Inc. Common Stock,Consumer Discretionary
MIN,MFS Intermediate Income Trust Common Stock,Finance
MIO,Pioneer Municipal High Income Opportunities Fund Inc. Common Stock,Finance
MIR,Mirion Technologies Inc. Class A Common Stock,Industrials
MITN,AG Mortgage Investment Trust Inc. 9.500% Senior Notes due 2029,Real Estate
MITP,AG Mortgage Investment Trust Inc. 9.500% Senior Notes due 2029,Real Estate
MITT,AG Mortgage Investment Trust Inc. Common Stock,Real Estate
MITT^A,AG Mortgage Investment Trust Inc. 8.25% Preferred Series A,
MITT^B,AG Mortgage Investment Trust Inc. Preferred Series B,
MITT^C,AG Mortgage Investment Trust Inc. 8.00% Series C Fixed-to-Floating Rate Cumulative Redeemable Preferred Stock $0.01 par value per share,
MIY,Blackrock MuniYield Michigan Quality Fund Inc. Common Stock,Finance
MKC,McCormick & Company Incorporated Common Stock,Consumer Staples
MKFG,Markforged Holding Corporation Common Stock,Technology
MKL,Markel Group Inc. Common Stock,Finance
ML,MoneyLion Inc. Class A Common Stock,Finance
MLI,Mueller Industries Inc. Common Stock,Industrials
MLM,Martin Marietta Materials Inc. Common Stock,Industrials
MLNK,MeridianLink Inc. Common Stock,Technology
MLP,Maui Land & Pineapple Company Inc. Common Stock,Finance
MLR,Miller Industries Inc. Common Stock,Consumer Discretionary
MMC,Marsh & McLennan Companies Inc. Common Stock,Finance
MMD,MainStay MacKay DefinedTerm Municipal Opportunities Fund,Finance
MMI,Marcus & Millichap Inc. Common Stock,Finance
MMM,3M Company Common Stock,Health Care
MMS,Maximus Inc. Common Stock,Consumer Discretionary
MMT,MFS Multimarket Income Trust Common Stock,Finance
MMU,Western Asset Managed Municipals Fund Inc. Common Stock,Finance
MNR,Mach Natural Resources LP Common Units representing Limited Partner Interests,Energy
MNSO,MINISO Group Holding Limited American Depositary Shares each representing four Ordinary Shares,Consumer Discretionary
MNTN,Everest Consolidator Acquisition Corporation Class A Common Stock,Finance
MO,Altria Group Inc.,Health Care
MOD,Modine Manufacturing Company Common Stock,Consumer Discretionary
MODG,Topgolf Callaway Brands Corp. Common Stock,Consumer Discretionary
MODN,Model N Inc. Common Stock,Technology
MOGU,MOGU Inc. American Depositary Shares (each  representing 25 Class A Ordinary Shares),Consumer Discretionary
MOH,Molina Healthcare Inc Common Stock,Health Care
MOS,Mosaic Company (The) Common Stock,Industrials
MOV,Movado Group Inc. Common Stock,Consumer Discretionary
MP,MP Materials Corp. Common Stock,Basic Materials
MPA,Blackrock MuniYield Pennsylvania Quality Fund Common Stock,Finance
MPC,Marathon Petroleum Corporation Common Stock,Energy
MPLN,MultiPlan Corporation Class A Common Stock,Consumer Discretionary
MPLX,MPLX LP Common Units Representing Limited Partner Interests,Energy
MPV,Barings Participation Investors Common Stock,Finance
MPW,Medical Properties Trust Inc. common stock,Real Estate
MPX,Marine Products Corporation Common Stock,Industrials
MQT,Blackrock MuniYield Quality Fund II Inc. Common Stock,Finance
MQY,Blackrock MuniYield Quality Fund Inc. Common Stock,Finance
MRC,MRC Global Inc. Common Stock,Industrials
MRDB,MariaDB plc Ordinary Shares,Technology
MRK,Merck & Company Inc. Common Stock (new),Health Care
MRO,Marathon Oil Corporation Common Stock,Energy
MS,Morgan Stanley Common Stock,Finance
MS^A,Morgan Stanley Dep Shs repstg 1/1000 Pfd Ser A,
MS^E,Morgan Stanley DEPOSITARY SHARES REP 1/1000TH SHARES FIXED/FLTG PREFERRED STOCK SERIES E,
MS^F,Morgan Stanley Dep Shs Rpstg 1/1000th Int Prd Ser F Fxd to Flag,
MS^I,Morgan Stanley Depository Shares Representing 1/1000th Preferred Series 1 Fixed to Floating Non (Cum),
MS^K,Morgan Stanley Depositary Shares each representing 1/1000th of a share of Fixed-to-Floating Rate Non-Cumulative Preferred Stock  Series K,
MS^L,Morgan Stanley Depositary Shares each representing 1/1000th of a share of 4.875% Non-Cumulative Preferred Stock Series L,
MS^O,Morgan Stanley Depositary Shares each representing 1/1000th of a share of 4.250% Non-Cumulative Preferred Stock Series O,
MS^P,Morgan Stanley Depositary Shares each representing 1/1000th of a share of 6.500% Non-Cumulative Preferred Stock Series P,
MSA,MSA Safety Incorporated Common Stock,Health Care
MSB,Mesabi Trust Common Stock,Industrials
MSC,Studio City International Holdings Limited American depositary shares each representing four  Class A ordinary shares,Consumer Discretionary
MSCI,MSCI Inc. Common Stock,Consumer Discretionary
MSD,Morgan Stanley Emerging Markets Debt Fund Inc. Common Stock,Finance
MSDL,Morgan Stanley Direct Lending Fund Common Stock,
MSGE,Madison Square Garden Entertainment Corp. Class A Common Stock,Consumer Discretionary
MSGS,Madison Square Garden Sports Corp. Class A Common Stock (New),Consumer Discretionary
MSI,Motorola Solutions Inc. Common Stock,Technology
MSM,MSC Industrial Direct Company Inc. Common Stock,Industrials
MT,Arcelor Mittal NY Registry Shares NEW,Industrials
MTAL,Metals Acquisition Limited Ordinary Shares,Finance
MTB,M&T Bank Corporation Common Stock,Finance
MTB^H,M&T Bank Corporation Perpetual Fixed-to-Floating Rate Non-Cumulative Preferred Stock Series H,
MTB^J,M&T Bank Corporation Depositary Shares each representing a 1/400th ownership interest in a share of Perpetual 7.500% Non-Cumulative Preferred Stock Series J,
MTD,Mettler-Toledo International Inc. Common Stock,Industrials
MTDR,Matador Resources Company Common Stock,Energy
MTG,MGIC Investment Corporation Common Stock,Finance
MTH,Meritage Homes Corporation Common Stock,Consumer Discretionary
MTN,Vail Resorts Inc. Common Stock,Consumer Discretionary
MTR,Mesa Royalty Trust Common Stock,Energy
MTRN,Materion Corporation,Industrials
MTUS,Metallus Inc. Common Shares,Industrials
MTW,Manitowoc Company Inc. (The) Common Stock,Industrials
MTX,Minerals Technologies Inc. Common Stock,Industrials
MTZ,MasTec Inc. Common Stock,Industrials
MUA,Blackrock MuniAssets Fund Inc Common Stock,Finance
MUC,Blackrock MuniHoldings California Quality Fund Inc.  Common Stock,Finance
MUE,Blackrock MuniHoldings Quality Fund II Inc. Common Stock,Finance
MUFG,Mitsubishi UFJ Financial Group Inc. Common Stock,Finance
MUI,BlackRock Municipal Income Fund Inc. Common Stock,Finance
MUJ,Blackrock MuniHoldings New Jersey Quality Fund Inc. Common Stock,Finance
MUR,Murphy Oil Corporation Common Stock,Energy
MUSA,Murphy USA Inc. Common Stock,Consumer Discretionary
MUX,McEwen Mining Inc. Common Stock,Basic Materials
MVF,Blackrock MuniVest Fund Inc. Common Stock,Finance
MVO,MV Oil Trust Units of Beneficial Interests,Energy
MVT,Blackrock MuniVest Fund II Inc.  Common Stock,Finance
MWA,MUELLER WATER PRODUCTS Common Stock,Industrials
MX,Magnachip Semiconductor Corporation Common Stock,Technology
MXE,Mexico Equity and Income Fund Inc. (The) Common Stock,Finance
MXF,Mexico Fund Inc. (The) Common Stock,Finance
MYD,Blackrock MuniYield Fund Inc.  Common Stock,Finance
MYE,Myers Industries Inc. Common Stock,Consumer Discretionary
MYI,Blackrock MuniYield Quality Fund III Inc Common Stock,Finance
MYN,Blackrock MuniYield New York Quality Fund Inc.Common Stock,Finance
MYTE,MYT Netherlands Parent B.V. American Depositary Shares each representing one Ordinary Share,Consumer Discretionary
NABL,N-able Inc. Common Stock,Technology
NAC,Nuveen California Quality Municipal Income Fund,Finance
NAD,Nuveen Quality Municipal Income Fund Common Stock,Finance
NAN,Nuveen New York Quality Municipal Income Fund Common Stock,Finance
NAPA,The Duckhorn Portfolio Inc. Common Stock,Consumer Staples
NAT,Nordic American Tankers Limited Common Stock,Consumer Discretionary
NATL,NCR Atleos Corporation Common Stock,Miscellaneous
NAZ,Nuveen Arizona Quality Municipal Income Fund Common Stock,Finance
NBB,Nuveen Taxable Municipal Income Fund Common Shares of Beneficial Interest,Finance
NBHC,National Bank Holdings Corporation Common Stock,Finance
NBR,Nabors Industries Ltd.,Energy
NBXG,Neuberger Berman Next Generation Connectivity Fund Inc. Common Stock,Finance
NC,NACCO Industries Inc. Common Stock,Energy
NCA,Nuveen California Municipal Value Fund,Finance
NCDL,Nuveen Churchill Direct Lending Corp. Common Stock,
NCLH,Norwegian Cruise Line Holdings Ltd. Ordinary Shares,Consumer Discretionary
NCV,Virtus Convertible & Income Fund Common Shares of Beneficial Interest,Finance
NCV^A,Virtus Convertible & Income Fund 5.625% Series A Cumulative Preferred Shares,
NCZ,Virtus Convertible & Income Fund II Common Shares of Beneficial Interest,Finance
NCZ^A,Virtus Convertible & Income Fund II 5.50% Series A Cumulative Preferred Shares,
NDMO,Nuveen Dynamic Municipal Opportunities Fund Common Shares of Beneficial Interest,Finance
NDP,Tortoise Energy Independence Fund Inc. Common Stock,Finance
NE,Noble Corporation plc A Ordinary Shares,Energy
NEA,Nuveen AMT-Free Quality Municipal Income Fund Common Shares of Beneficial Interest Par Value $.01,Finance
NEE,NextEra Energy Inc. Common Stock,Technology
NEE^N,NextEra Energy Inc. Series N Junior Subordinated Debentures due March 1 2079,
NEE^R,NextEra Energy Inc. 6.926% Corporate Units,
NEM,Newmont Corporation,Basic Materials
NEP,NextEra Energy Partners LP Common Units representing limited partner interests,Utilities
NET,Cloudflare Inc. Class A Common Stock,Technology
NEU,NewMarket Corp Common Stock,Industrials
NEUE,NeueHealth Inc. Common Stock,Health Care
NEXA,Nexa Resources S.A. Common Shares,Basic Materials
NFG,National Fuel Gas Company Common Stock,Utilities
NFJ,Virtus Dividend Interest & Premium Strategy Fund Common Shares of Beneficial Interest,Finance
NFYS,Enphys Acquisition Corp. Class A Ordinary Shares,Finance
NGG,National Grid Transco PLC National Grid PLC (NEW) American Depositary Shares,Utilities
NGL,NGL ENERGY PARTNERS LP Common Units representing Limited Partner Interests,Utilities
NGL^B,NGL ENERGY PARTNERS LP 9.00% Class B Fixed-to-Floating Rate Cumulative Redeemable Perpetual Preferred Units representing limited partnership interests,
NGL^C,NGL ENERGY PARTNERS LP 9.625% Class C Fixed-to-Floating Rate Cumulative  Redeemable Perpetual Preferred Units representing  limited partner interests,
NGS,Natural Gas Services Group Inc. Common Stock,Energy
NGVC,Natural Grocers by Vitamin Cottage Inc. Common Stock,Consumer Staples
NGVT,Ingevity Corporation Common Stock,Industrials
NHI,National Health Investors Inc. Common Stock,Real Estate
NI,NiSource Inc Common Stock,Utilities
NIC,Nicolet Bankshares Inc. Common Stock,Finance
NIE,Virtus Equity & Convertible Income Fund Common Shares of Beneficial Interest,Finance
NIM,Nuveen Select Maturities Municipal Fund Common Stock,Finance
NINE,Nine Energy Service Inc. Common Stock,Energy
NIO,NIO Inc. American depositary shares each  representing one Class A ordinary share,Consumer Discretionary
NJR,NewJersey Resources Corporation Common Stock,Utilities
NKE,Nike Inc. Common Stock,Consumer Discretionary
NKX,Nuveen California AMT-Free Quality Municipal Income Fund,Finance
NL,NL Industries Inc. Common Stock,Industrials
NLOP,Net Lease Office Properties Common Shares of Beneficial Interest,Real Estate
NLY,Annaly Capital Management Inc. Common Stock,Real Estate
NLY^F,Annaly Capital Management Inc 6.95% Series F,
NLY^G,Annaly Capital Management Inc 6.50% Series G Fixed-to-Floating Rate Cumulative Redeemable Preferred Stock,
NLY^I,Annaly Capital Management Inc 6.750% Series I Fixed-to-Floating Rate Cumulative Redeemable Preferred Stock,
NMAI,Nuveen Multi-Asset Income Fund Common Shares of Beneficial Interest,Finance
NMCO,Nuveen Municipal Credit Opportunities Fund Common Shares,Finance
NMG,Nouveau Monde Graphite Inc. Common Shares,
NMI,Nuveen Municipal Income Fund Inc. Common Stock,Finance
NMM,Navios Maritime Partners LP Common Units Representing Limited Partner Interests,Consumer Discretionary
NMR,Nomura Holdings Inc ADR American Depositary Shares,Finance
NMS,Nuveen Minnesota Quality Municipal Income Fund,Finance
NMT,Nuveen Massachusetts Quality Municipal Income Fund Common Stock,Finance
NMZ,Nuveen Municipal High Income Opportunity Fund Common Stock $0.01 par value per share,Finance
NNI,Nelnet Inc. Common Stock,Finance
NNN,NNN REIT Inc. Common Stock,Real Estate
NNY,Nuveen New York Municipal Value Fund Common Stock,Finance
NOA,North American Construction Group Ltd. Common Shares (no par),Consumer Staples
NOAH,Noah Holdings Limited American Depositary Shares,Finance
NOC,Northrop Grumman Corporation Common Stock,Industrials
NOG,Northern Oil and Gas Inc. Common Stock,Energy
NOK,Nokia Corporation Sponsored American Depositary Shares,Technology
NOM,Nuveen Missouri Quality Municipal Income Fund,Finance
NOMD,Nomad Foods Limited Ordinary Shares,Consumer Staples
NOTE,FiscalNote Holdings Inc. Class A common stock,Consumer Discretionary
NOV,NOV Inc. Common Stock,Industrials
NOVA,Sunnova Energy International Inc. Common Stock,Utilities
NOW,ServiceNow Inc. Common Stock,Technology
NPCT,Nuveen Core Plus Impact Fund Common Shares of Beneficial Interest,Finance
NPFD,Nuveen Variable Rate Preferred & Income Fund Common Shares,Finance
NPK,National Presto Industries Inc. Common Stock,Industrials
NPO,Enpro Inc. Common Stock,
NPV,Nuveen Virginia Quality Municipal Income Fund Common Stock,Finance
NPWR,NET Power Inc. Class A Common Stock,Energy
NQP,Nuveen Pennsylvania Quality Municipal Income Fund Common Stock,Finance
NR,Newpark Resources Inc. Common Stock,Industrials
NRDY,Nerdy Inc. Class A Common Stock,Real Estate
NREF,NexPoint Real Estate Finance Inc. Common Stock,Real Estate
NREF^A,NexPoint Real Estate Finance Inc. 8.50% Series A Cumulative Redeemable Preferred Stock,
NRG,NRG Energy Inc. Common Stock,Utilities
NRGV,Energy Vault Holdings Inc. Common Stock,Miscellaneous
NRK,Nuveen New York AMT-Free Quality Municipal Income Fund,Finance
NRP,Natural Resource Partners LP Limited Partnership,Energy
NRT,North European Oil Royality Trust Common Stock,Energy
NRUC,National Rural Utilities Cooperative Finance Corporation 5.500% Subordinated Notes due 2064 (Subordinated Deferrable Interest Notes),Finance
NS^A,Nustar Energy L.P. 8.50% Series A Fixed-to-Floating Rate Cumulative Redeemable Perpetual Preferred Units,
NS^B,Nustar Energy L.P. 7.625% Series B Fixed-to-Floating Rate Cumulative Redeemable Perpetual Preferred Units representing limited partner interests,
NS^C,Nustar Energy L.P. 9.00% Series C Fixed-to-Floating Rate Cumulative Redeemable Perpetual Preferred Units,
NSA,National Storage Affiliates Trust Common Shares of Beneficial Interest,Real Estate
NSA^A,National Storage Affiliates Trust 6.000% Series A Cumulative Redeemable Preferred Shares of Beneficial Interest (Liquidation Preference $25.00 per share),
NSC,Norfolk Southern Corporation Common Stock,Industrials
NSP,Insperity Inc. Common Stock,Consumer Discretionary
NSS,NuStar Logistics L.P. 7.625% Fixed-to-Floating Rate Subordinated Notes due 2043,Energy
NTB,Bank of N.T. Butterfield & Son Limited (The) Voting Ordinary Shares,Finance
NTG,Tortoise Midstream Energy Fund Inc. Common Stock,Finance
NTR,Nutrien Ltd. Common Shares,Industrials
NTST,NetSTREIT Corp. Common Stock,Real Estate
NTZ,Natuzzi S.p.A.,Consumer Discretionary
NU,Nu Holdings Ltd. Class A Ordinary Shares,Finance
NUE,Nucor Corporation Common Stock,Industrials
NUS,Nu Skin Enterprises Inc. Common Stock,Health Care
NUV,Nuveen Municipal Value Fund Inc. Common Stock,Finance
NUVB,Nuvation Bio Inc. Class A Common Stock,Health Care
NUW,Nuveen AMT-Free Municipal Value Fund,Finance
NVG,Nuveen AMT-Free Municipal Credit Income Fund,Finance
NVGS,Navigator Holdings Ltd. Ordinary Shares (Marshall Islands),Consumer Discretionary
NVO,Novo Nordisk A/S Common Stock,Health Care
NVR,NVR Inc. Common Stock,Consumer Discretionary
NVRI,Enviri Corporation Common Stock,Miscellaneous
NVRO,Nevro Corp. Common Stock,Health Care
NVS,Novartis AG Common Stock,Health Care
NVST,Envista Holdings Corporation Common Stock,Health Care
NVT,nVent Electric plc Ordinary Shares,Industrials
NWG,NatWest Group plc American Depositary Shares (each representing two (2) Ordinary Shares),Finance
NWN,Northwest Natural Holding Company Common Stock,Utilities
NX,Quanex Building Products Corporation Common Stock,Industrials
NXC,Nuveen California Select Tax-Free Income Portfolio Common Stock,Finance
NXDT,NexPoint Diversified Real Estate Trust Common Stock,Real Estate
NXDT^A,NexPoint Diversified Real Estate Trust 5.50% Series A Cumulative Preferred Shares ($25.00 liquidation preference per share),
NXE,Nexgen Energy Ltd. Common Shares,
NXG,NXG NextGen Infrastructure Income Fund Common Shares of Beneficial Interest,
NXJ,Nuveen New Jersey Qualified Municipal Fund,Finance
NXN,Nuveen New York Select Tax-Free Income Portfolio Common Stock,Finance
NXP,Nuveen Select Tax Free Income Portfolio Common Stock,Finance
NXRT,NexPoint Residential Trust Inc. Common Stock,Real Estate
NYC,American Strategic Investment Co. Class A Common Stock,Real Estate
NYCB,New York Community Bancorp Inc. Common Stock,Finance
NYCB^A,New York Community Bancorp Inc. Depositary shares each representing a 1/40th interest in a share of Fixed-to-Floating Rate Series A Noncumulative Perpetual Preferred Stock,
NYCB^U,New York Community Bancorp Inc. New York Community Capital Tr V (BONUSES),
NYT,New York Times Company (The) Common Stock,Consumer Discretionary
NZF,Nuveen Municipal Credit Income Fund,Finance
O,Realty Income Corporation Common Stock,Real Estate
O^,Realty Income Corporation 6.000% Series A Cumulative Redeemable Preferred Stock,
OAK^A,Brookfield Oaktree Holdings LLC 6.625% Series A Preferred Units,
OAK^B,Brookfield Oaktree Holdings LLC 6.550% Series B Preferred Units,
OBDC,Blue Owl Capital Corporation Common Stock,Finance
OBDE,Blue Owl Capital Corporation III Common Stock,
OBK,Origin Bancorp Inc. Common Stock,Finance
OC,Owens Corning Inc Common Stock New,Industrials
OCFT,OneConnect Financial Technology Co. Ltd. American Depositary Shares each representing thirty ordinary shares,Technology
OCN,Ocwen Financial Corporation NEW Common Stock,Finance
ODC,Oil-Dri Corporation Of America Common Stock,Consumer Discretionary
ODV,Osisko Development Corp. Common Shares,Basic Materials
OEC,Orion S.A. Common Shares,Industrials
OFG,OFG Bancorp Common Stock,Finance
OGE,OGE Energy Corp Common Stock,Utilities
OGN,Organon & Co. Common Stock,Health Care
OGS,ONE Gas Inc. Common Stock,Utilities
OHI,Omega Healthcare Investors Inc. Common Stock,Real Estate
OI,O-I Glass Inc. Common Stock,Consumer Discretionary
OIA,Invesco Municipal Income Opportunities Trust Common Stock,Finance
OII,Oceaneering International Inc. Common Stock,Energy
OIS,Oil States International Inc. Common Stock,Industrials
OKE,ONEOK Inc. Common Stock,Utilities
OKLO,Oklo Inc. Class A common stock,Utilities
OLN,Olin Corporation Common Stock,Industrials
OLO,Olo Inc. Class A Common Stock,Technology
OLP,One Liberty Properties Inc. Common Stock,Real Estate
OMC,Omnicom Group Inc. Common Stock,Consumer Discretionary
OMF,OneMain Holdings Inc. Common Stock,Finance
OMI,Owens & Minor Inc. Common Stock,Health Care
ONL,Orion Office REIT Inc. Common Stock,Real Estate
ONON,On Holding AG Class A Ordinary Shares,Consumer Discretionary
ONTF,ON24 Inc. Common Stock,Technology
ONTO,Onto Innovation Inc. Common Stock,Industrials
OOMA,Ooma Inc. Common Stock,Technology
OPAD,Offerpad Solutions Inc. Class A Common Stock,Finance
OPFI,OppFi Inc. Class A Common Stock,Finance
OPP,RiverNorth/DoubleLine Strategic Opportunity Fund Inc. Common Stock,Finance
OPP^A,RiverNorth/DoubleLine Strategic Opportunity Fund Inc. 4.375% Series A Cumulative Preferred Stock,
OPP^B,RiverNorth/DoubleLine Strategic Opportunity Fund Inc. 4.75% Series B Cumulative Preferred Stock,
OPY,Oppenheimer Holdings Inc. Class A Common Stock (DE),Finance
OR,Osisko Gold Royalties Ltd Common Shares,
ORA,Ormat Technologies Inc. Common Stock,Utilities
ORAN,Orange,Telecommunications
ORC,Orchid Island Capital Inc. Common Stock,Real Estate
ORCL,Oracle Corporation Common Stock,Technology
ORI,Old Republic International Corporation Common Stock,Finance
ORN,Orion Group Holdings Inc. Common,Industrials
OSCR,Oscar Health Inc. Class A Common Stock,Health Care
OSG,Overseas Shipholding Group Inc. Class A Common Stock,Energy
OSK,Oshkosh Corporation (Holding Company)Common Stock,Consumer Discretionary
OTIS,Otis Worldwide Corporation Common Stock,Technology
OUST,Ouster Inc. Common Stock,Industrials
OUT,OUTFRONT Media Inc. Common Stock,Real Estate
OVV,Ovintiv Inc. (DE),Energy
OWL,Blue Owl Capital Inc. Class A Common Stock,Finance
OWLT,Owlet Inc. Class A Common Stock,Industrials
OXM,Oxford Industries Inc. Common Stock,Consumer Discretionary
OXY,Occidental Petroleum Corporation Common Stock,Energy
PAAS,Pan American Silver Corp. Common Stock,
PAC,Grupo Aeroportuario Del Pacifico S.A. B. de C.V. Grupo Aeroportuario Del Pacifico S.A. de C.V. (each representing 10 Series B shares),
PACK,Ranpak Holdings Corp Class A Common Stock,Consumer Discretionary
PACS,PACS Group Inc. Common Stock,Health Care
PAG,Penske Automotive Group Inc. Common Stock,Consumer Discretionary
PAGS,PagSeguro Digital Ltd. Class A Common Shares,Technology
PAI,Western Asset Investment Grade Income Fund Inc.,Finance
PAM,Pampa Energia S.A.,Utilities
PAR,PAR Technology Corporation Common Stock,Miscellaneous
PARR,Par Pacific Holdings Inc.  Common Stock,Energy
PATH,UiPath Inc. Class A Common Stock,Technology
PAXS,PIMCO Access Income Fund Common Shares of Beneficial Interest,Finance
PAY,Paymentus Holdings Inc. Class A Common Stock,Consumer Discretionary
PAYC,Paycom Software Inc. Common Stock,Technology
PB,Prosperity Bancshares Inc. Common Stock,Finance
PBA,Pembina Pipeline Corp. Ordinary Shares (Canada),Energy
PBF,PBF Energy Inc. Class A Common Stock,Energy
PBH,Prestige Consumer Healthcare Inc. Common Stock,Health Care
PBI,Pitney Bowes Inc. Common Stock,Miscellaneous
PBI^B,Pitney Bowes Inc 6.70% Notes Due 2043,
PBR,Petroleo Brasileiro S.A.- Petrobras Common Stock,Energy
PBT,Permian Basin Royalty Trust Common Stock,Energy
PCF,High Income Securities Fund Common Stock,Finance
PCG,Pacific Gas & Electric Co. Common Stock,Utilities
PCK,Pimco California Municipal Income Fund II Common Shares of Beneficial Interest,Finance
PCM,PCM Fund Inc. Common Stock,Finance
PCN,Pimco Corporate & Income Strategy Fund Common Stock,Finance
PCOR,Procore Technologies Inc. Common Stock,Technology
PCQ,PIMCO California Municipal Income Fund Common Stock,Finance
PD,PagerDuty Inc. Common Stock,Technology
PDI,PIMCO Dynamic Income Fund Common Stock,Finance
PDM,Piedmont Office Realty Trust Inc. Class A Common Stock,Real Estate
PDO,PIMCO Dynamic Income Opportunities Fund Common Shares of Beneficial Interest,Finance
PDS,Precision Drilling Corporation Common Stock,Energy
PDT,John Hancock Premium Dividend Fund,Finance
PDX,PIMCO Dynamic Income Strategy Fund Common Shares of Beneficial Interest,Finance
PEB,Pebblebrook Hotel Trust Common Shares of Beneficial Interest,Real Estate
PEB^E,Pebblebrook Hotel Trust 6.375% Series E Cumulative Redeemable Preferred Shares of Beneficial Interest,
PEB^F,Pebblebrook Hotel Trust 6.3% Series F Cumulative Redeemable Preferred Shares of Beneficial Interest,
PEB^G,Pebblebrook Hotel Trust 6.375% Series G Cumulative Redeemable Preferred Shares of Beneficial Interest,
PEB^H,Pebblebrook Hotel Trust 5.700% Series H Cumulative Redeemable Preferred Shares of Beneficial Interest,
PEG,Public Service Enterprise Group Incorporated Common Stock,Utilities
PEN,Penumbra Inc. Common Stock,Health Care
PEO,Adams Natural Resources Fund Inc. Common Stock,Finance
PERF,Perfect Corp. Class A Ordinary Share,Technology
PFD,Flaherty & Crumrine Preferred and Income Fund Incorporated,Finance
PFE,Pfizer Inc. Common Stock,Health Care
PFGC,Performance Food Group Company Common Stock,Consumer Discretionary
PFH,Prudential Financial Inc. 4.125% Junior Subordinated Notes due 2060,Finance
PFL,PIMCO Income Strategy Fund Shares of Beneficial Interest,Finance
PFLT,PennantPark Floating Rate Capital Ltd. Common Stock,Finance
PFN,PIMCO Income Strategy Fund II,Finance
PFO,Flaherty & Crumrine Preferred and Income Opportunity Fund Incorporated,Finance
PFS,Provident Financial Services Inc Common Stock,Finance
PFSI,PennyMac Financial Services Inc. Common Stock,Finance
PG,Procter & Gamble Company (The) Common Stock,Consumer Discretionary
PGP,Pimco Global StocksPlus & Income Fund Common Shares of Beneficial Interest,Finance
PGR,Progressive Corporation (The) Common Stock,Finance
PGRE,Paramount Group Inc. Common Stock,Real Estate
PGRU,PropertyGuru Group Limited Ordinary Shares,Technology
PGZ,Principal Real Estate Income Fund Common Shares of Beneficial Interest,Finance
PH,Parker-Hannifin Corporation Common Stock,Industrials
PHD,Pioneer Floating Rate Fund Inc.,Finance
PHG,Koninklijke Philips N.V. NY Registry Shares,Health Care
PHI,PLDT Inc. Sponsored ADR,Telecommunications
PHIN,PHINIA Inc. Common Stock,Consumer Discretionary
PHK,Pimco High Income Fund,Finance
PHM,PulteGroup Inc. Common Stock,Consumer Discretionary
PHR,Phreesia Inc. Common Stock,Consumer Discretionary
PHT,Pioneer High Income Fund Inc.,Finance
PHX,PHX Minerals Inc. Common Stock,Energy
PII,Polaris Inc. Common Stock,Consumer Discretionary
PIM,Putnam Master Intermediate Income Trust Common Stock,Finance
PINE,Alpine Income Property Trust Inc. Common Stock,Real Estate
PINS,Pinterest Inc. Class A Common Stock,Technology
PIPR,Piper Sandler Companies Common Stock,Finance
PJT,PJT Partners Inc. Class A Common Stock,Finance
PK,Park Hotels & Resorts Inc. Common Stock,Consumer Discretionary
PKE,Park Aerospace Corp. Common Stock,Industrials
PKG,Packaging Corporation of America Common Stock,Consumer Discretionary
PKST,Peakstone Realty Trust Common Shares,Real Estate
PKX,POSCO Holdings Inc. American Depositary Shares (Each representing 1/4th of a share of Common Stock),Industrials
PL,Planet Labs PBC Class A Common Stock,Technology
PLD,Prologis Inc. Common Stock,Real Estate
PLNT,Planet Fitness Inc. Common Stock,Consumer Discretionary
PLOW,Douglas Dynamics Inc. Common Stock,Industrials
PLTR,Palantir Technologies Inc. Class A Common Stock,Technology
PLYM,Plymouth Industrial REIT Inc. Common Stock,Real Estate
PM,Philip Morris International Inc Common Stock,Health Care
PMF,PIMCO Municipal Income Fund Common Stock,Finance
PML,Pimco Municipal Income Fund II Common Shares of Beneficial Interest,Finance
PMM,Putnam Managed Municipal Income Trust Common Stock,Finance
PMO,Putnam Municipal Opportunities Trust Common Stock,Finance
PMT,PennyMac Mortgage Investment Trust Common Shares of Beneficial Interest,Real Estate
PMT^A,PennyMac Mortgage Investment Trust 8.125% Series A Fixed-to-Floating Rate Cumulative Redeemable Preferred Shares of Beneficial Interest,
PMT^B,PennyMac Mortgage Investment Trust 8.00% Series B Fixed-to-Floating Rate Cumulative Redeemable Preferred Shares of Beneficial Interest,
PMT^C,PennyMac Mortgage Investment Trust 6.75% Series C Cumulative Redeemable Preferred Shares of Beneficial Interest,
PMTU,PennyMac Mortgage Investment Trust 8.50% Senior Notes due 2028,
PMX,PIMCO Municipal Income Fund III Common Shares of Beneficial Interest,Finance
PNC,PNC Financial Services Group Inc. (The) Common Stock,Finance
PNF,PIMCO New York Municipal Income Fund Common Stock,Finance
PNI,Pimco New York Municipal Income Fund II Common Shares of Beneficial Interest,Finance
PNM,PNM Resources Inc. (Holding Co.) Common Stock,Utilities
PNNT,PennantPark Investment Corporation Common Stock,Finance
PNR,Pentair plc. Ordinary Share,Industrials
PNST,Pinstripes Holdings Inc. Class A Common Stock,Consumer Discretionary
PNW,Pinnacle West Capital Corporation Common Stock,Utilities
POR,Portland General Electric Co Common Stock,Utilities
POST,Post Holdings Inc. Common Stock,Consumer Staples
PPG,PPG Industries Inc. Common Stock,Consumer Discretionary
PPL,PPL Corporation Common Stock,Utilities
PPT,Putnam Premier Income Trust Common Stock,Finance
PR,Permian Resources Corporation Class A Common Stock,Energy
PRA,ProAssurance Corporation Common Stock,Finance
PRE^J,PartnerRe Ltd. 4.875% Fixed Rate Non-Cumulative Redeemable Preferred Shares Series J,
PRG,PROG Holdings Inc. Common Stock,Consumer Discretionary
PRGO,Perrigo Company plc Ordinary Shares,Health Care
PRH,Prudential Financial Inc. 5.950% Junior Subordinated Notes due 2062,Finance
PRI,Primerica Inc. Common Stock,Finance
PRIF^D,Priority Income Fund Inc. 7.00% Series D Term Preferred Stock due 2029,
PRIF^F,Priority Income Fund Inc. 6.625% Series F Term Preferred Stock due 2027,
PRIF^G,Priority Income Fund Inc. 6.25% Series G Preferred Stock Due 2026,
PRIF^H,Priority Income Fund Inc. 6.00% Series H Term Preferred Stock due 2026,
PRIF^I,Priority Income Fund Inc. 6.125% Series I Term Preferred Stock due 2028,
PRIF^J,Priority Income Fund Inc. 6.000% Series J Term Preferred Stock due 2028,
PRIF^K,Priority Income Fund Inc. 7.000% Series K Cumulative Preferred Stock,
PRIF^L,Priority Income Fund Inc. 6.375% Series L Term Preferred Stock Due 2029,
PRIM,Primoris Services Corporation Common Stock,Industrials
PRKS,United Parks & Resorts Inc. Common Stock,Health Care
PRLB,Proto Labs Inc. Common stock,Industrials
PRM,Perimeter Solutions SA Ordinary Shares,Industrials
PRMW,Primo Water Corporation Common Stock,Consumer Staples
PRO,PROS Holdings Inc. Common Stock,Technology
PRS,Prudential Financial Inc. 5.625% Junior Subordinated Notes due 2058,Finance
PRT,PermRock Royalty Trust Trust Units,Energy
PRU,Prudential Financial Inc. Common Stock,Finance
PSA,Public Storage Common Stock,Real Estate
PSA^F,Public Storage Depositary Shares Each Representing 1/1000 of a 5.15% Cumulative Preferred Share of Beneficial Interest Series F par value $0.01 per share,
PSA^G,Public Storage Depositary Shares Each Representing 1/1000 of a 5.05% Cumulative Preferred Share of Beneficial Interest Series G,
PSA^H,Public Storage Depositary Shares Each Representing 1/1000 of a  5.60% Cumulative Preferred  Share of Beneficial Interest Series H,
PSA^I,Public Storage Depositary Shares Each Representing 1/1000 of a 4.875% Cumulative Preferred Share of Beneficial Interest Series I par value $0.01 per share,
PSA^J,Public Storage Depositary Shares Each Representing 1/1000 of a 4.700% Cumulative Preferred Share of Beneficial Interest Series J par value $0.01 per share,
PSA^K,Public Storage Depositary Shares Each Representing 1/1000 of a 4.75% Cumulative Preferred Share of Beneficial Interest Series K,
PSA^L,Public Storage Depositary Shares Each Representing 1/1000 of a 4.625% Cumulative Preferred Share of Beneficial Interest Series L par value $0.01 per share,
PSA^M,Public Storage Depositary Shares Each Representing 1/1000 of a 4.125% Cumulative Preferred Share of Beneficial Interest Series M,
PSA^N,Public Storage Depositary Shares Each Representing 1/1000 of a 3.875% Cumulative Preferred Share of Beneficial Interest Series N,
PSA^O,Public Storage Depositary Shares Each Representing 1/1000 of a 3.900% Cumulative Preferred Share of Beneficial Interest Series O,
PSA^P,Public Storage Depositary Shares Each Representing 1/1000 of a 4.000% Cumulative Preferred Share of Bene cial Interest Series P,
PSA^Q,Public Storage Depositary Shares Each Representing 1/1000 of a 3.950% Cumulative Preferred Share of Beneficial Interest Series Q par value $0.01 per share,
PSA^R,Public Storage Depositary Shares Each Representing 1/1000 of a 4.00% Cumulative Preferred Share of Bene cial Interest Series R,
PSA^S,Public Storage Depositary Shares Each Representing 1/1000 of a 4.100% Cumulative Preferred Share of Beneficial Interest Series S,
PSBD,Palmer Square Capital BDC Inc. Common Stock,
PSEC^A,Prospect Capital Corporation 5.35% Series A Fixed Rate Cumulative Perpetual Preferred Stock,
PSF,Cohen & Steers Select Preferred and Income Fund Inc. Common Stock,Finance
PSFE,Paysafe Limited Common Shares,Consumer Discretionary
PSN,Parsons Corporation Common Stock,Technology
PSO,Pearson Plc Common Stock,Consumer Discretionary
PSQH,PSQ Holdings Inc. Class A Common Stock,Consumer Discretionary
PSTG,Pure Storage Inc. Class A Common Stock,Technology
PSTL,Postal Realty Trust Inc. Class A Common Stock,Real Estate
PSX,Phillips 66 Common Stock,Energy
PTA,Cohen & Steers Tax-Advantaged Preferred Securities and Income Fund Common Shares of Beneficial Interest,Finance
PTY,Pimco Corporate & Income Opportunity Fund,Finance
PUK,Prudential Public Limited Company Common Stock,Finance
PUMP,ProPetro Holding Corp. Common Stock,Energy
PVH,PVH Corp. Common Stock,Consumer Discretionary
PVL,Permianville Royalty Trust Trust Units,Energy
PWR,Quanta Services Inc. Common Stock,Industrials
PWSC,PowerSchool Holdings Inc. Class A Common Stock,Technology
PX,P10 Inc. Class A Common Stock,Finance
PYN,PIMCO New York Municipal Income Fund III Common Shares of Beneficial Interest,Finance
PYT,PPlus Tr GSC-2 Tr Ctf Fltg Rate,Finance
PZC,PIMCO California Municipal Income Fund III Common Shares of Beneficial Interest,Finance
QBTS,D-Wave Quantum Inc. Common Shares,Technology
QD,Qudian Inc. American Depositary Shares each representing one Class A Ordinary Share,Finance
QGEN,Qiagen N.V. Common Shares,Health Care
QS,QuantumScape Corporation Class A Common Stock,Miscellaneous
QSR,Restaurant Brands International Inc. Common Shares,Consumer Discretionary
QTWO,Q2 Holdings Inc. Common Stock,Technology
QUAD,Quad Graphics Inc Class A Common Stock,Consumer Discretionary
QVCC,QVC Inc. 6.250% Senior Secured Notes due 2068,Consumer Discretionary
QVCD,QVC Inc. 6.375% Senior Secured Notes due 2067,Consumer Discretionary
R,Ryder System Inc. Common Stock,Consumer Discretionary
RA,Brookfield Real Assets Income Fund Inc. Common Stock,Finance
RACE,Ferrari N.V. Common Shares,Consumer Discretionary
RAMP,LiveRamp Holdings Inc. Common Stock,Technology
RBA,RB Global Inc. Common Stock,
RBC,RBC Bearings Incorporated Common Stock,Industrials
RBCP,RBC Bearings Incorporated 5.00% Series A Mandatory Convertible Preferred Stock,Industrials
RBLX,Roblox Corporation Class A Common Stock,Technology
RBOT,Vicarious Surgical Inc. Class A Common Stock,Health Care
RBRK,Rubrik Inc. Class A Common Stock,Technology
RBT,Rubicon Technologies Inc. Class A Common Stock,Technology
RC,Ready Capital Corproation Common Stock,Real Estate
RC^C,Ready Capital Corporation 6.25% Series C Cumulative Convertible Preferred Stock,
RC^E,Ready Capital Corporation 6.50% Series E Cumulative Redeemable Preferred Stock,
RCB,Ready Capital Corporation 6.20% Senior Notes due 2026,Real Estate
RCC,Ready Capital Corporation 5.75% Senior Notes due 2026,Real Estate
RCI,Rogers Communication Inc. Common Stock,Telecommunications
RCL,Royal Caribbean Cruises Ltd. Common Stock,Consumer Discretionary
RCS,PIMCO Strategic Income Fund Inc.,Finance
RCUS,Arcus Biosciences Inc. Common Stock,Health Care
RDDT,Reddit Inc. Class A Common Stock,Technology
RDN,Radian Group Inc. Common Stock,Finance
RDW,Redwire Corporation Common Stock,Industrials
RDY,Dr. Reddy's Laboratories Ltd Common Stock,Health Care
RELX,RELX PLC PLC American Depositary Shares (Each representing One Ordinary Share),Consumer Discretionary
RERE,ATRenew Inc. American Depositary Shares (every three of which representing two Class A ordinary shares),Consumer Discretionary
RES,RPC Inc. Common Stock,Energy
REVG,REV Group Inc. Common Stock,Consumer Discretionary
REX,REX American Resources Corporation,Industrials
REXR,Rexford Industrial Realty Inc. Common Stock,Real Estate
REXR^B,Rexford Industrial Realty Inc. 5.875% Series B Cumulative Redeemable Preferred Stock,
REXR^C,Rexford Industrial Realty Inc. 5.625% Series C Cumulative Redeemable Preferred Stock par value $0.01 per share,
REZI,Resideo Technologies Inc. Common Stock,Industrials
RF,Regions Financial Corporation Common Stock,Finance
RF^B,Regions Financial Corporation Depositary Shares Representing 1/40th Perpetual Preferred Series B,
RF^C,Regions Financial Corporation Depositary Shares each Representing a 1/40th Interest in a  Share of 5.700% Fixed-to-Floating Rate Non-Cumulative  Perpetual Preferred Stock Series C,
RF^E,Regions Financial Corporation Depositary Shares Each Representing a 1/40th Interest in a Share of 4.45% Non-Cumulative Perpetual Preferred Stock Series E,
RFI,Cohen & Steers Total Return Realty Fund Inc. Common Stock,Finance
RFL,Rafael Holdings Inc. Class B Common Stock,Finance
RFM,RiverNorth Flexible Municipal Income Fund Inc. Common Stock,Finance
RFMZ,RiverNorth Flexible Municipal Income Fund II Inc. Common Stock,Finance
RGA,Reinsurance Group of America Incorporated Common Stock,Finance
RGR,Sturm Ruger & Company Inc. Common Stock,Industrials
RGT,Royce Global Trust Inc. Common Stock,Finance
RH,RH Common Stock,Consumer Discretionary
RHI,Robert Half Inc. Common Stock,Consumer Discretionary
RHP,Ryman Hospitality Properties Inc. (REIT),Real Estate
RIG,Transocean Ltd (Switzerland) Common Stock,Energy
RIO,Rio Tinto Plc Common Stock,Basic Materials
RITM,Rithm Capital Corp. Common Stock,Real Estate
RITM^A,Rithm Capital Corp. 7.50% Series A Fixed-to-Floating Rate Cumulative Redeemable Preferred Stock,
RITM^B,Rithm Capital Corp. 7.125% Series B Fixed-to-Floating Rate Cumulative Redeemable Preferred Stock,
RITM^C,Rithm Capital Corp. 6.375% Series C Fixed-to-Floating Rate Cumulative Redeemable Preferred Stock,
RITM^D,Rithm Capital Corp. 7.00% Fixed-Rate Reset Series D Cumulative Redeemable Preferred Stock,
RIV,RiverNorth Opportunities Fund Inc. Common Stock,Finance
RIV^A,RiverNorth Opportunities Fund Inc. 6.00% Series A Perpetual Preferred Stock,
RJF,Raymond James Financial Inc. Common Stock,Finance
RJF^B,Raymond James Financial Inc. Depositary Shares each representing a 1/40th interest in a share of 6.375% Fixed-to-Floating Rate Series B Non-Cumulative Perpetual Preferred Stock,
RKT,Rocket Companies Inc. Class A Common Stock,Finance
RL,Ralph Lauren Corporation Common Stock,Consumer Discretionary
RLI,RLI Corp. Common Stock (DE),Finance
RLJ,RLJ Lodging Trust Common Shares of Beneficial Interest $0.01 par value,Real Estate
RLJ^A,RLJ Lodging Trust $1.95 Series A Cumulative Convertible  Preferred Shares,
RLTY,Cohen & Steers Real Estate Opportunities and Income Fund Common Shares of Beneficial Interest,Finance
RLX,RLX Technology Inc. American Depositary Shares each representing the right to receive one (1) Class A ordinary share,Health Care
RM,Regional Management Corp. Common Stock,Finance
RMAX,RE/MAX Holdings Inc. Class A Common Stock,Finance
RMD,ResMed Inc. Common Stock,Health Care
RMI,RiverNorth Opportunistic Municipal Income Fund Inc. Common Stock,Finance
RMM,RiverNorth Managed Duration Municipal Income Fund Inc. Common Stock,Finance
RMMZ,RiverNorth Managed Duration Municipal Income Fund II Inc. Common Stock,Finance
RMPL^,RiverNorth Capital and Income Fund 5.875%% Series A Term Preferred Stock $0.0001 par value per share,
RMT,Royce Micro-Cap Trust Inc. Common Stock,Finance
RNG,RingCentral Inc. Class A Common Stock,Technology
RNGR,Ranger Energy Services Inc. Class A Common Stock,Energy
RNP,Cohen & Steers REIT and Preferred and Income Fund Inc. Common Shares,Finance
RNR,RenaissanceRe Holdings Ltd. Common Stock,Finance
RNR^F,RenaissanceRe Holdings Ltd. Depositary Shares each Representing a 1/1000th Interest in a 5.750% Series F Preference Share,
RNR^G,RenaissanceRe Holdings Ltd. Depositary Shares each representing a 1/1000th interest in a share of 4.20% Series G Preference Shares,
RNST,Renasant Corporation Common Stock,Finance
ROG,Rogers Corporation Common Stock,Technology
ROK,Rockwell Automation Inc. Common Stock,Industrials
ROL,Rollins Inc. Common Stock,Finance
RPM,RPM International Inc. Common Stock,Consumer Discretionary
RQI,Cohen & Steers Quality Income Realty Fund Inc Common Shares,Finance
RRAC,Rigel Resource Acquisition Corp. Class A Ordinary Shares,Finance
RRC,Range Resources Corporation Common Stock,Energy
RRX,Regal Rexnord Corporation Common Stock,
RS,Reliance Inc. Common Stock,Industrials
RSF,RiverNorth Capital and Income Fund Common Stock,Finance
RSG,Republic Services Inc. Common Stock,Utilities
RSI,Rush Street Interactive Inc. Class A Common Stock,Consumer Discretionary
RSKD,Riskified Ltd. Class A Ordinary Shares,Consumer Discretionary
RTO,Rentokil Initial plc American Depositary Shares (each representing five (5) Ordinary Shares),Consumer Discretionary
RTX,RTX Corporation Common Stock,Industrials
RVLV,Revolve Group Inc. Class A Common Stock,Consumer Discretionary
RVT,Royce Small-Cap Trust Inc. Common Stock,Finance
RVTY,Revvity Inc. Common Stock,Industrials
RWT,Redwood Trust Inc. Common Stock,Real Estate
RWT^A,Redwood Trust Inc. 10.00% Series A Fixed-Rate Reset Cumulative Redeemable Preferred Stock,
RWTN,Redwood Trust Inc. 9.125% Senior Notes Due 2029,
RXO,RXO Inc. Common Stock,Consumer Discretionary
RY,Royal Bank Of Canada Common Stock,
RYAM,Rayonier Advanced Materials Inc. Common Stock,Basic Materials
RYAN,Ryan Specialty Holdings Inc. Class A Common Stock,Finance
RYI,Ryerson Holding Corporation Common Stock,Industrials
RYN,Rayonier Inc. REIT Common Stock,Real Estate
RZB,Reinsurance Group of America Incorporated 5.75% Fixed-To-Floating Rate Subordinated Debentures due 2056,Finance
RZC,Reinsurance Group of America Incorporated 7.125% Fixed-Rate Reset Subordinated Debentures due 2052,Finance
S,SentinelOne Inc. Class A Common Stock,Technology
SA,Seabridge Gold Inc. Ordinary Shares (Canada),Basic Materials
SABA,Saba Capital Income & Opportunities Fund II Shares of Beneficial Interest,
SAFE,Safehold Inc. New Common Stock,Real Estate
SAH,Sonic Automotive Inc. Common Stock,Consumer Discretionary
SAJ,Saratoga Investment Corp 8.00% Notes due 2027,Finance
SAM,Boston Beer Company Inc. (The) Common Stock,Consumer Staples
SAN,Banco Santander S.A. Sponsored ADR (Spain),Finance
SAND,Sandstorm Gold Ltd. Ordinary Shares (Canada),Basic Materials
SAP,SAP  SE ADS,Technology
SAR,Saratoga Investment Corp New,Finance
SAT,Saratoga Investment Corp 6.00% Notes due 2027,Finance
SAVE,Spirit Airlines Inc. Common Stock,Consumer Discretionary
SAY,Saratoga Investment Corp 8.125% Notes due 2027,Finance
SAZ,Saratoga Investment Corp 8.50% Notes due 2028,Finance
SB,Safe Bulkers Inc Common Stock ($0.001 par value),Consumer Discretionary
SB^C,Safe Bulkers Inc Cumulative Redeemable Perpetual Preferred Series C (Marshall Islands),
SB^D,Safe Bulkers Inc Perpetual Preferred Series D (Marshall Islands),
SBBA,Scorpio Tankers Inc. 7.00% Senior Notes due 2025,Consumer Discretionary
SBH,Sally Beauty Holdings Inc. (Name to be changed from Sally Holdings Inc.) Common Stock,Consumer Discretionary
SBI,Western Asset Intermediate Muni Fund Inc Common Stock,Finance
SBOW,SilverBow Resorces Inc. Common Stock,Energy
SBR,Sabine Royalty Trust Common Stock,Energy
SBS,Companhia de saneamento Basico Do Estado De Sao Paulo - Sabesp American Depositary Shares (Each repstg 250 Common Shares),Utilities
SBSW,D/B/A Sibanye-Stillwater Limited ADS,Basic Materials
SBXC,SilverBox Corp III Class A Common Stock,Finance
SCCO,Southern Copper Corporation Common Stock,Basic Materials
SCD,LMP Capital and Income Fund Inc. Common Stock,Finance
SCE^G,SCE Trust II Trust Preferred Securities,
SCE^H,SCE Trust III Fixed/Floating Rate Trust Preference Securities,
SCE^J,Southern California Edison Company 5.375% Fixed-to-Floating Rate Trust Preference Securities,
SCE^K,Southern California Edison Company 5.45% Fixed-to-Floating Rate Trust Preference Securities,
SCE^L,SCE TRUST VI,
SCE^M,SCE Trust VII 7.50% Trust Preference Securities,
SCHW,Charles Schwab Corporation (The) Common Stock,Finance
SCHW^D,The Charles Schwab Corporation Depositary Shares each representing 1/40th interest in a share of 5.95% Non-Cumulative Perpetual Preferred Stock Series D,
SCHW^J,The Charles Schwab Corporation Depositary Shares Each Representing a 1/40th Interest in a Share of 4.450% Non-Cumulative Perpetual Preferred Stock Series J,
SCI,Service Corporation International Common Stock,Consumer Discretionary
SCL,Stepan Company Common Stock,Consumer Discretionary
SCM,Stellus Capital Investment Corporation Common Stock,Finance
SCS,Steelcase Inc. Common Stock,Consumer Discretionary
SD,SandRidge Energy Inc. Common Stock,Energy
SDHC,Smith Douglas Homes Corp. Class A Common Stock,Consumer Discretionary
SDHY,PGIM Short Duration High Yield Opportunities Fund Common Shares,Finance
SDRL,Seadrill Limited Common Shares,Energy
SE,Sea Limited American Depositary Shares each representing one Class A Ordinary Share,Consumer Discretionary
SEAL^A,Seapeak LLC 9.00% Series A Cumulative Redeemable Perpetual Preferred Units,
SEAL^B,Seapeak LLC 8.50% Series B Fixed-to-Floating Rate Cumulative Redeemable Perpetual Preferred Units,
SEDA,SDCL EDGE Acquisition Corporation Class A Ordinary Shares,Finance
SEE,Sealed Air Corporation Common Stock,Industrials
SEM,Select Medical Holdings Corporation Common Stock,Health Care
SEMR,SEMrush Holdings Inc. Class A Common Stock,Technology
SES,SES AI Corporation Class A Common Stock,Miscellaneous
SF,Stifel Financial Corporation Common Stock,Finance
SF^B,Stifel Financial Corporation Depositary Shares Each Representing 1/1000th  Interest in a Share of 6.25% Non-Cumulative  Preferred Stock Series B,
SF^C,Stifel Financial Corporation Depositary Shares Each Representing 1/1000th Interest in a Share of 6.125% Non Cumulative Preferred Stock Series C,
SF^D,Stifel Financial Corporation Depositary Shares Each Representing 1/1000th Interest in a Share of 4.50% Non-Cumulative Preferred Stock Series D,
SFB,Stifel Financial Corporation 5.20% Senior Notes due 2047,Finance
SFBS,ServisFirst Bancshares Inc. Common Stock,Finance
SFL,SFL Corporation Ltd,Consumer Discretionary
SG,Sweetgreen Inc. Class A Common Stock,Consumer Discretionary
SGHC,Super Group (SGHC) Limited Ordinary Shares,Consumer Discretionary
SGU,Star Group L.P. Common Stock,Consumer Discretionary
SHAK,Shake Shack Inc. Class A Common Stock,Consumer Discretionary
SHCO,Soho House & Co Inc. Class A Common Stock,Consumer Discretionary
SHEL,Shell PLC American Depositary Shares (each representing two (2) Ordinary Shares),Energy
SHG,Shinhan Financial Group Co Ltd American Depositary Shares,Finance
SHO,Sunstone Hotel Investors Inc. Sunstone Hotel Investors Inc. Common Shares,Consumer Discretionary
SHO^H,Sunstone Hotel Investors Inc. 6.125% Series H Cumulative Redeemable Preferred Stock,
SHO^I,Sunstone Hotel Investors Inc. 5.70% Series I Cumulative Redeemable Preferred Stock,
SHOP,Shopify Inc. Class A Subordinate Voting Shares,Technology
SHW,Sherwin-Williams Company (The) Common Stock,Consumer Discretionary
SID,Companhia Siderurgica Nacional S.A. Common Stock,Industrials
SIG,Signet Jewelers Limited Common Shares,Consumer Discretionary
SII,Sprott Inc. Common Shares,
SITC,SITE Centers Corp. Common Stock,Real Estate
SITC^A,SITE Centers Corp. 6.375% Class A Preferred Shares,
SITE,SiteOne Landscape Supply Inc. Common Stock,Consumer Discretionary
SIX,Six Flags Entertainment Corporation New Common Stock,Consumer Discretionary
SJM,The J.M. Smucker Company Common Stock,Consumer Staples
SJT,San Juan Basin Royalty Trust Common Stock,Energy
SJW,SJW Group Common Stock (DE),Utilities
SKE,Skeena Resources Limited Common Shares,Basic Materials
SKIL,Skillsoft Corp. Class A Common Stock,Technology
SKLZ,Skillz Inc. Class A Common Stock,Technology
SKM,SK Telecom Co. Ltd. Common Stock,Telecommunications
SKT,Tanger Inc. Common Stock,Real Estate
SKX,Skechers U.S.A. Inc. Common Stock,Consumer Discretionary
SKY,Skyline Champion Corporation Common Stock,Consumer Discretionary
SLB,Schlumberger N.V. Common Stock,Energy
SLCA,U.S. Silica Holdings Inc. Common Stock,Industrials
SLF,Sun Life Financial Inc. Common Stock,Finance
SLG,SL Green Realty Corp Common Stock,Real Estate
SLG^I,SL Green Realty Corporation Preferred Series I,
SLGN,Silgan Holdings Inc. Common Stock,Industrials
SLQT,SelectQuote Inc. Common Stock,Finance
SLVM,Sylvamo Corporation Common Stock,Basic Materials
SM,SM Energy Company Common Stock,Energy
SMAR,Smartsheet Inc. Class A Common Stock,Technology
SMBK,SmartFinancial Inc. Common Stock,Finance
SMFG,Sumitomo Mitsui Financial Group Inc Unsponsored American Depositary Shares (Japan),Finance
SMG,Scotts Miracle-Gro Company (The) Common Stock,Industrials
SMHI,SEACOR Marine Holdings Inc. Common Stock,Consumer Discretionary
SMLP,Summit Midstream Partners LP Common Units Representing Limited Partner Interests,Utilities
SMP,Standard Motor Products Inc. Common Stock,Consumer Discretionary
SMR,NuScale Power Corporation Class A Common Stock,Industrials
SMRT,SmartRent Inc. Class A Common Stock,Technology
SMWB,Similarweb Ltd. Ordinary Shares,Technology
SN,SharkNinja Inc. Ordinary Shares,Consumer Discretionary
SNA,Snap-On Incorporated Common Stock,Consumer Discretionary
SNAP,Snap Inc. Class A Common Stock,Technology
SNDA,Sonida Senior Living Inc. Common Stock,Health Care
SNDR,Schneider National Inc. Common Stock,Industrials
SNN,Smith & Nephew SNATS Inc. Common Stock,Health Care
SNOW,Snowflake Inc. Class A Common Stock,Technology
SNV,Synovus Financial Corp. Common Stock,Finance
SNV^D,Synovus Financial Corp. Fixed-to-Floating Rate Non-Cumulative Perpetual Preferred Stock Series D Liquation Preference $25.00 per Share,
SNV^E,Synovus Financial Corp. 5.875% Fixed-Rate Reset Non-Cumulative Perpetual Preferred Stock Series E,
SNX,TD SYNNEX Corporation Common Stock,Technology
SO,Southern Company (The) Common Stock,Utilities
SOC,Sable Offshore Corp. Common Stock,Energy
SOI,Solaris Oilfield Infrastructure Inc. Class A Common Stock,Industrials
SOJC,Southern Company (The) Series 2017B 5.25% Junior Subordinated Notes due December 1 2077,Utilities
SOJD,Southern Company (The) Series 2020A 4.95% Junior Subordinated Notes due January 30 2080,Utilities
SOJE,Southern Company (The) Series 2020C 4.20% Junior Subordinated Notes due October 15 2060,Basic Materials
SOL,Emeren Group Ltd American Depositary Shares each representing 10 shares,Technology
SOLV,Solventum Corporation Common Stock,Health Care
SON,Sonoco Products Company Common Stock,Consumer Discretionary
SONY,Sony Group Corporation American Depositary Shares,Consumer Staples
SOR,Source Capital Inc. Common Stock,Finance
SOS,SOS Limited American Depositary Shares,Finance
SPB,Spectrum Brands Holdings Inc. Common Stock,Miscellaneous
SPCE,Virgin Galactic Holdings Inc. Common Stock,Consumer Discretionary
SPE,Special Opportunities Fund Inc Common Stock,Finance
SPE^C,Special Opportunities Fund Inc. 2.75% Convertible Preferred Stock Series C,
SPG,Simon Property Group Inc. Common Stock,Real Estate
SPG^J,Simon Property Group Inc. Simon Property Group 8 3/8% Series J Cumulative Redeemable Preferred Stock,
SPGI,S&P Global Inc. Common Stock,Finance
SPH,Suburban Propane Partners L.P. Common Stock,Consumer Discretionary
SPHR,Sphere Entertainment Co. Class A Common Stock,Consumer Discretionary
SPIR,Spire Global Inc. Class A Common Stock,Consumer Discretionary
SPLP,Steel Partners Holdings LP LTD PARTNERSHIP UNIT,Industrials
SPLP^A,Steel Partners Holdings LP 6.0% Series A Preferred Units no par value,
SPNT,SiriusPoint Ltd. Common Shares,Finance
SPNT^B,SiriusPoint Ltd. 8.00% Resettable Fixed Rate Preference Shares Series B $25.00 liquidation preference per share,
SPOT,Spotify Technology S.A. Ordinary Shares,Consumer Discretionary
SPR,Spirit Aerosystems Holdings Inc. Common Stock,Industrials
SPRU,Spruce Power Holding Corporation Class A Common Stock,Consumer Discretionary
SPXC,SPX Technologies Inc. Common Stock,Industrials
SPXX,Nuveen S&P 500 Dynamic Overwrite Fund,Finance
SQ,Block Inc. Class A Common Stock,Technology
SQM,Sociedad Quimica y Minera S.A. Common Stock,Industrials
SQNS,Sequans Communications S.A. American Depositary Shares,Technology
SQSP,Squarespace Inc. Class A Common Stock,Technology
SR,Spire Inc. Common Stock,Utilities
SR^A,Spire Inc. Depositary Shares each representing a 1/1000th interest in a share of 5.90% Series A Cumulative Redeemable Perpetual Preferred Stock,
SRE,DBA Sempra Common Stock,Utilities
SREA,DBA Sempra 5.750% Junior Subordinated Notes due 2079,Utilities
SRFM,Surf Air Mobility Inc. Common Stock,Consumer Discretionary
SRG,Seritage Growth Properties Class A Common Stock,Finance
SRG^A,Seritage Growth Properties 7.00% Series A Cumulative Redeemable Preferred Shares of Beneficial Interest,
SRI,Stoneridge Inc. Common Stock,Consumer Discretionary
SRL,Scully Royalty Ltd.,Consumer Discretionary
SRV,NXG Cushing Midstream Energy Fund Common Shares of Beneficial Interest,Finance
SSB,SouthState Corporation Common Stock,Finance
SSD,Simpson Manufacturing Company Inc. Common Stock,Consumer Discretionary
SSL,Sasol Ltd. American Depositary Shares,Energy
SST,System1 Inc. Class A Common Stock,Technology
SSTK,Shutterstock Inc. Common Stock,Technology
ST,Sensata Technologies Holding plc Ordinary Shares,Industrials
STAG,Stag Industrial Inc. Common Stock,Real Estate
STC,Stewart Information Services Corporation Common Stock,Finance
STE,STERIS plc (Ireland) Ordinary Shares,Health Care
STEL,Stellar Bancorp Inc. Common Stock,Finance
STEM,Stem Inc. Class A Common Stock,Miscellaneous
STEW,SRH Total Return Fund Inc. Common Stock,Finance
STG,Sunlands Technology Group American Depositary Shares representing Class A ordinary shares,Real Estate
STK,Columbia Seligman Premium Technology Growth Fund Inc,Finance
STLA,Stellantis N.V. Common Shares,Consumer Discretionary
STM,STMicroelectronics N.V. Common Stock,Technology
STN,Stantec Inc Common Stock,Consumer Discretionary
STNG,Scorpio Tankers Inc. Common Shares,Consumer Discretionary
STR,Sitio Royalties Corp. Class A Common Stock,Energy
STT,State Street Corporation Common Stock,Finance
STT^G,State Street Corporation Depositary shares each representing a 1/4000th ownership interest in a share of Fixed-to-Floating Rate Non-Cumulative,
STVN,Stevanato Group S.p.A. Ordinary Shares,Health Care
STWD,STARWOOD PROPERTY TRUST INC. Starwood Property Trust Inc.,Real Estate
STZ,Constellation Brands Inc. Common Stock,Consumer Staples
SU,Suncor Energy  Inc. Common Stock,Energy
SUI,Sun Communities Inc. Common Stock,Real Estate
SUM,Summit Materials Inc. Class A Common Stock,Industrials
SUN,Sunoco LP Common Units representing limited partner interests,Energy
SUP,Superior Industries International Inc. Common Stock (DE),Consumer Discretionary
SUPV,Grupo Supervielle S.A. American Depositary Shares each Representing five Class B shares,Finance
SUZ,Suzano S.A. American Depositary Shares (each representing One Ordinary Share),Basic Materials
SVV,Savers Value Village Inc. Common Stock,Consumer Discretionary
SWI,SolarWinds Corporation Common Stock,Technology
SWK,Stanley Black & Decker Inc. Common Stock,Consumer Discretionary
SWN,Southwestern Energy Company Common Stock,Energy
SWX,Southwest Gas Holdings Inc. Common Stock (DE),Utilities
SWZ,Swiss Helvetia Fund Inc. (The) Common Stock,Finance
SXC,SunCoke Energy Inc. Common Stock,Industrials
SXI,Standex International Corporation Common Stock,Industrials
SXT,Sensient Technologies Corporation Common Stock,Industrials
SYF,Synchrony Financial Common Stock,Finance
SYF^A,Synchrony Financial Depositary Shares each Representing a 1/40th Interest in a Share of 5.625% Fixed Rate Non-Cumulative Perpetual Preferred Stock Series A,
SYF^B,Synchrony Financial Depositary Shares Each Representing a 1/40th Interest in a Share of 8.250% Fixed Rate Reset Non-Cumulative Perpetual Preferred Stock Series B,
SYK,Stryker Corporation Common Stock,Health Care
SYY,Sysco Corporation Common Stock,Consumer Discretionary
T,AT&T Inc.,Telecommunications
T^A,AT&T Inc. Depositary Shares each representing a 1/1000th interest in a share of 5.000% Perpetual Preferred Stock Series A,
T^C,AT&T Inc. Depositary Shares each representing a 1/1000th interest in a share of 4.750% Perpetual Preferred Stock Series C,
TAC,TransAlta Corporation Ordinary Shares,Utilities
TAK,Takeda Pharmaceutical Company Limited American Depositary Shares (each representing 1/2 of a share of Common Stock),Health Care
TAL,TAL Education Group American Depositary Shares,Real Estate
TALO,Talos Energy Inc. Common Stock,Energy
TAP,Molson Coors Beverage Company Class B Common Stock,Consumer Staples
TARO,Taro Pharmaceutical Industries Ltd. Ordinary Shares,Health Care
TBB,AT&T Inc. 5.350% Global Notes due 2066,Telecommunications
TBBB,BBB Foods Inc. Class A Common Shares,Consumer Staples
TBC,AT&T Inc. 5.625% Global Notes due 2067,Telecommunications
TBI,TrueBlue Inc. Common Stock,Consumer Discretionary
TCI,Transcontinental Realty Investors Inc. Common Stock,Real Estate
TCOA,Zalatoris Acquisition Corp. Class A Common Stock,Finance
TCS,Container Store (The) Common Stock,Consumer Discretionary
TD,Toronto Dominion Bank (The) Common Stock,
TDC,Teradata Corporation Common Stock,Technology
TDCX,TDCX Inc. American Depositary Shares each representing one Class A ordinary share,Technology
TDF,Templeton Dragon Fund Inc. Common Stock,Finance
TDG,Transdigm Group Incorporated Common Stock,Industrials
TDOC,Teladoc Health Inc. Common Stock,Health Care
TDS,Telephone and Data Systems Inc. Common Shares,Telecommunications
TDS^U,Telephone and Data Systems Inc. Depositary Shares Each Representing a 1/1000th Interest in a 6.625% Series UU Cumulative Redeemable Perpetual Preferred Stock,
TDS^V,Telephone and Data Systems Inc. Depositary Shares Each Representing a 1/1000th Interest in a 6.000% Series VV Cumulative Redeemable Perpetual Preferred Stock,
TDW,Tidewater Inc. Common Stock,Consumer Discretionary
TDY,Teledyne Technologies Incorporated Common Stock,Industrials
TEAF,Ecofin Sustainable and Social Impact Term Fund,Finance
TECK,Teck Resources Ltd Ordinary Shares,
TEF,Telefonica SA Common Stock,Telecommunications
TEI,Templeton Emerging Markets Income Fund Inc. Common Stock,Finance
TEL,TE Connectivity Ltd. New Switzerland Registered Shares,Technology
TEO,Telecom Argentina SA,Telecommunications
TEVA,Teva Pharmaceutical Industries Limited American Depositary Shares,Health Care
TEX,Terex Corporation Common Stock,Industrials
TFC,Truist Financial Corporation Common Stock,Finance
TFC^I,Truist Financial Corporation Depositary Shares,
TFC^O,Truist Financial Corporation Depositary Shares Each Representing a 1/1000th Interest in a Share of Series O Non-Cumulative Perpetual Preferred Stock,
TFC^R,Truist Financial Corporation Depositary Shares each representing 1/1000th interest in a share of Series R Non-Cumulative Perpetual Preferred Stock,
TFII,TFI International Inc. Common Shares,Industrials
TFPM,Triple Flag Precious Metals Corp. Common Shares,
TFX,Teleflex Incorporated Common Stock,Health Care
TG,Tredegar Corporation Common Stock,Industrials
TGI,Triumph Group Inc. Common Stock,Industrials
TGLS,Tecnoglass Inc. Ordinary Shares,Consumer Discretionary
TGNA,TEGNA Inc,Industrials
TGS,Transportadora de Gas del Sur SA TGS Common Stock,Utilities
TGT,Target Corporation Common Stock,Consumer Discretionary
THC,Tenet Healthcare Corporation Common Stock,Health Care
THG,Hanover Insurance Group Inc,Finance
THO,Thor Industries Inc. Common Stock,Industrials
THQ,abrdn Healthcare Opportunities Fund Shares of Beneficial Interest,Finance
THR,Thermon Group Holdings Inc. Common Stock,Energy
THS,Treehouse Foods Inc. Common Stock,Consumer Staples
THW,abrdn World Healthcare Fund Shares of Beneficial Interest,Finance
TIMB,TIM S.A. American Depositary Shares (Each representing 5 Common Shares),Telecommunications
TISI,Team Inc. Common Stock,Consumer Discretionary
TIXT,TELUS International (Cda) Inc. Subordinate Voting Shares,
TJX,TJX Companies Inc. (The) Common Stock,Consumer Discretionary
TK,Teekay Corporation Common Stock,Consumer Discretionary
TKC,Turkcell Iletisim Hizmetleri AS Common Stock,Telecommunications
TKO,TKO Group Holdings Inc. Class A Common Stock,Consumer Discretionary
TKR,Timken Company (The) Common Stock,Industrials
TLK,PT Telekomunikasi Indonesia Tbk,Telecommunications
TLYS,Tilly's Inc. Common Stock,Consumer Discretionary
TM,Toyota Motor Corporation Common Stock,Consumer Discretionary
TME,Tencent Music Entertainment Group American Depositary Shares each representing two Class A Ordinary Shares,Consumer Discretionary
TMHC,Taylor Morrison Home Corporation Common Stock,Consumer Discretionary
TMO,Thermo Fisher Scientific Inc Common Stock,Industrials
TNC,Tennant Company Common Stock,Industrials
TNET,TriNet Group Inc. Common Stock,Consumer Discretionary
TNK,Teekay Tankers Ltd.,Consumer Discretionary
TNL,Travel   Leisure Co. Common  Stock,Consumer Discretionary
TNP,Tsakos Energy Navigation Ltd Common Shares,Consumer Discretionary
TNP^E,Tsakos Energy Navigation Ltd Series E Fixed-to-Floating Rate Cumulative Redeemable Perpetual Preferred Shares par value $1.00,
TNP^F,Tsakos Energy Navigation Ltd Series F Fixed-to-Floating Rate Cumulative Redeemable Perpetual Preferred Shares par value $1.00,
TOL,Toll Brothers Inc. Common Stock,Consumer Discretionary
TOST,Toast Inc. Class A Common Stock,Technology
TPB,Turning Point Brands Inc. Common Stock,Consumer Discretionary
TPC,Tutor Perini Corporation Common Stock,Consumer Discretionary
TPH,Tri Pointe Homes Inc. Common Stock,Consumer Discretionary
TPL,Texas Pacific Land Corporation Common Stock,Energy
TPR,Tapestry Inc. Common Stock,Consumer Discretionary
TPTA,Terra Property Trust Inc. 6.00% Notes due 2026,Real Estate
TPVG,TriplePoint Venture Growth BDC Corp. Common Stock,Consumer Discretionary
TPX,Tempur Sealy International Inc. Common Stock,Consumer Discretionary
TPZ,Tortoise Power and Energy Infrastructure Fund Inc Common Stock,Finance
TR,Tootsie Roll Industries Inc. Common Stock,Consumer Staples
TRAK,ReposiTrak Inc. Common Stock,Technology
TRC,Tejon Ranch Co Common Stock,Finance
TREX,Trex Company Inc. Common Stock,Basic Materials
TRGP,Targa Resources Inc. Common Stock,Utilities
TRI,Thomson Reuters Corp Common Shares,
TRN,Trinity Industries Inc. Common Stock,Industrials
TRNO,Terreno Realty Corporation Common Stock,Finance
TROX,Tronox Holdings plc Ordinary Shares (UK),Industrials
TRP,TC Energy Corporation Common Stock,Utilities
TRTL,TortoiseEcofin Acquisition Corp. III Class A Ordinary Shares,Finance
TRTN^A,Triton International Limited 8.50% Series A Cumulative Redeemable Perpetual  Preference Shares,
TRTN^B,Triton International Limited 8.00% Series B Cumulative Redeemable Perpetual Preference Shares,
TRTN^C,Triton International Limited 7.375% Series C Cumulative Redeemable Perpetual Preference Shares,
TRTN^D,Triton International Limited 6.875% Series D Cumulative Redeemable Perpetual Preference Shares,
TRTN^E,Triton International Limited 5.75% Series E Cumulative Redeemable Perpetual Preference Shares,
TRTX,TPG RE Finance Trust Inc. Common Stock,Real Estate
TRTX^C,TPG RE Finance Trust Inc. 6.25% Series C Cumulative Redeemable Preferred Stock $0.001 par value per share,
TRU,TransUnion Common Stock,Finance
TRV,The Travelers Companies Inc. Common Stock,Finance
TS,Tenaris S.A. American Depositary Shares,Industrials
TSE,Trinseo PLC Ordinary Shares,Industrials
TSI,TCW Strategic Income Fund Inc. Common Stock,Finance
TSLX,Sixth Street Specialty Lending Inc. Common Stock,Finance
TSM,Taiwan Semiconductor Manufacturing Company Ltd.,Technology
TSN,Tyson Foods Inc. Common Stock,Consumer Staples
TSQ,Townsquare Media Inc. Class A Common Stock,Consumer Discretionary
TT,Trane Technologies plc,Industrials
TTC,Toro Company (The) Common Stock,Consumer Discretionary
TTE,TotalEnergies SE,Energy
TTI,Tetra Technologies Inc. Common Stock,Energy
TTP,Tortoise Pipeline & Energy Fund Inc. Common Stock,Finance
TU,Telus Corporation Ordinary Shares,Telecommunications
TUP,Tupperware Brands Corporation Common Stock,Industrials
TUYA,Tuya Inc. American Depositary Shares each representing one Class A Ordinary Share,Technology
TV,Grupo Televisa S.A.B. Common Stock,Industrials
TVC,Tennessee Valley Authority Common Stock,Utilities
TVE,Tennessee Valley Authority,Utilities
TWI,Titan International Inc. (DE) Common Stock,Industrials
TWLO,Twilio Inc. Class A Common Stock,Technology
TWN,Taiwan Fund Inc. (The) Common Stock,Finance
TWO,Two Harbors Investment Corp,Real Estate
TWO^A,Two Harbors Investments Corp 8.125% Series A Fixed-to-Floating Rate Cumulative Redeemable Preferred Stock ($25.00 liquidation preference per share),
TWO^B,Two Harbors Investments Corp 7.625% Series B Fixed-to-Floating Rate Cumulative Redeemable Preferred Stock,
TWO^C,Two Harbors Investments Corp 7.25% Series C Fixed-to-Floating Rate Cumulative Redeemable Preferred Stock,
TX,Ternium S.A. Ternium S.A. American Depositary Shares (each representing ten shares USD1.00 par value),Industrials
TXO,TXO Partners L.P. Common Units Representing Limited Partner Interests,Energy
TXT,Textron Inc. Common Stock,Industrials
TY,Tri Continental Corporation Common Stock,Finance
TY^,Tri Continental Corporation Preferred Stock,
TYG,Tortoise Energy Infrastructure Corporation Common Stock,Finance
TYL,Tyler Technologies Inc. Common Stock,Technology
U,Unity Software Inc. Common Stock,Technology
UA,Under Armour Inc. Class C Common Stock,Consumer Discretionary
UAA,Under Armour Inc. Class A Common Stock,Consumer Discretionary
UAN,CVR Partners LP Common Units representing Limited Partner Interests,Industrials
UBER,Uber Technologies Inc. Common Stock,Technology
UBS,UBS Group AG Registered Ordinary Shares,Finance
UDR,UDR Inc. Common Stock,Real Estate
UE,Urban Edge Properties Common Shares of Beneficial Interest,Real Estate
UFI,Unifi Inc. New Common Stock,Consumer Discretionary
UGI,UGI Corporation Common Stock,Utilities
UGIC,UGI Corporation Corporate Units,Utilities
UGP,Ultrapar Participacoes S.A. (New) American Depositary Shares (Each representing one Common Share),Utilities
UHAL,U-Haul Holding Company Common Stock,Consumer Discretionary
UHS,Universal Health Services Inc. Common Stock,Health Care
UHT,Universal Health Realty Income Trust Common Stock,Real Estate
UI,Ubiquiti Inc. Common Stock,Technology
UIS,Unisys Corporation New Common Stock,Technology
UL,Unilever PLC Common Stock,Consumer Discretionary
ULS,UL Solutions Inc. Class A Common Stock,Health Care
UMC,United Microelectronics Corporation (NEW) Common Stock,Technology
UMH,UMH Properties Inc. Common Stock,Real Estate
UMH^D,UMH Properties Inc. 6.375% Series D Cumulative Redeemable Preferred Stock Liquidation Preference $25 per share,
UNF,Unifirst Corporation Common Stock,Consumer Discretionary
UNFI,United Natural Foods Inc. Common Stock,Consumer Discretionary
UNH,UnitedHealth Group Incorporated Common Stock (DE),Health Care
UNM,Unum Group Common Stock,Finance
UNMA,Unum Group 6.250% Junior Subordinated Notes due 2058,Finance
UNP,Union Pacific Corporation Common Stock,Industrials
UP,Wheels Up Experience Inc. Class A Common Stock,Consumer Discretionary
UPS,United Parcel Service Inc. Common Stock,Consumer Discretionary
URI,United Rentals Inc. Common Stock,
USA,Liberty All-Star Equity Fund Common Stock,Finance
USAC,USA Compression Partners LP Common Units Representing Limited Partner Interests,Utilities
USB,U.S. Bancorp Common Stock,Finance
USB^A,U.S. Bancorp Depositary Shares Each representing a 1/100th interest in a share of Series A Non-CumulativePerpetual Pfd Stock,
USB^H,U.S. Bancorp Depositary Shares repstg 1/1000th Pfd Ser B,
USB^P,U.S. Bancorp Depositary Shares each representing a 1/1000th interest in a share of Series K Non-Cumulative Perpetual Preferred Stock,
USB^Q,U.S. Bancorp Depositary Shares Each Representing a 1/1000th Interest in a Share of Series L Non-Cumulative Perpetual Preferred Stock,
USB^R,U.S. Bancorp Depositary Shares Each Representing a 1/1000th Interest in a Share of Series M Non-Cumulative Perpetual Preferred Stock,
USB^S,U.S. Bancorp Depositary Shares each representing a 1/1000th interest in a share of Series O Non-Cumulative Perpetual Preferred Stock,
USFD,US Foods Holding Corp. Common Stock,Consumer Discretionary
USM,United States Cellular Corporation Common Stock,Telecommunications
USNA,USANA Health Sciences Inc. Common Stock,Health Care
USPH,U.S. Physical Therapy Inc. Common Stock,Health Care
UTF,Cohen & Steers Infrastructure Fund Inc Common Stock,Finance
UTI,Universal Technical Institute Inc Common Stock,Real Estate
UTL,UNITIL Corporation Common Stock,Utilities
UTZ,Utz Brands Inc Class A Common Stock,Consumer Staples
UVE,UNIVERSAL INSURANCE HOLDINGS INC Common Stock,Finance
UVV,Universal Corporation Common Stock,Industrials
UWMC,UWM Holdings Corporation Class A Common Stock,Finance
UZD,United States Cellular Corporation 6.250% Senior Notes due 2069,Telecommunications
UZE,United States Cellular Corporation 5.500% Senior Notes due 2070,Telecommunications
UZF,United States Cellular Corporation 5.500% Senior Notes due 2070,Telecommunications
V,Visa Inc.,Consumer Discretionary
VAC,Marriott Vacations Worldwide Corporation Common Stock,Finance
VAL,Valaris Limited Common Shares,Energy
VALE,VALE S.A.  American Depositary Shares Each Representing one common share,Basic Materials
VATE,INNOVATE Corp. Common Stock,Industrials
VBF,Invesco Bond Fund Common Stock,Finance
VCV,Invesco California Value Municipal Income Trust Common Stock,Finance
VEEV,Veeva Systems Inc. Class A Common Stock,Technology
VEL,Velocity Financial Inc. Common Stock,Finance
VET,Vermilion Energy Inc. Common (Canada),Energy
VFC,V.F. Corporation Common Stock,Consumer Discretionary
VGI,Virtus Global Multi-Sector Income Fund Common Shares of Beneficial Interest,Finance
VGM,Invesco Trust for Investment Grade Municipals Common Stock (DE),Finance
VGR,Vector Group Ltd. Common Stock,Health Care
VHC,VirnetX Holding Corp Common Stock,Miscellaneous
VHI,Valhi Inc. Common Stock,Industrials
VICI,VICI Properties Inc. Common Stock,Real Estate
VIK,Viking Holdings Ltd Ordinary Shares,Consumer Discretionary
VIPS,Vipshop Holdings Limited American Depositary Shares each representing two ordinary shares,Consumer Discretionary
VIST,Vista Energy S.A.B. de C.V. American Depositary Shares each representing one series A share with no par value,Energy
VIV,Telefonica Brasil S.A. American Depositary Shares (Each representing One Common Share),Telecommunications
VKQ,Invesco Municipal Trust Common Stock,Finance
VLD,Velo3D Inc. Common Stock,Technology
VLN,Valens Semiconductor Ltd. Ordinary Shares,Technology
VLO,Valero Energy Corporation Common Stock,Energy
VLRS,Controladora Vuela Compania de Aviacion S.A.B. de C.V. American Depositary Shares each representing ten (10) Ordinary Participation Certificates,Consumer Discretionary
VLT,Invesco High Income Trust II,Finance
VLTO,Veralto Corp Common Stock,Industrials
VMC,Vulcan Materials Company (Holding Company) Common Stock,Industrials
VMI,Valmont Industries Inc. Common Stock,Industrials
VMO,Invesco Municipal Opportunity Trust Common Stock,Finance
VNCE,Vince Holding Corp. Common Stock,Consumer Discretionary
VNO,Vornado Realty Trust Common Stock,Real Estate
VNO^L,Vornado Realty Trust Pfd Ser L %,
VNO^M,Vornado Realty Trust 5.25% Series M Cumulative Redeemable Preferred Shares of Beneficial Interest liquidation preference $25.00 per share no par value per share,
VNO^N,Vornado Realty Trust 5.25% Series N Cumulative Redeemable Preferred Shares of Beneficial Interest liquidation preference $25.00 per share,
VNO^O,Vornado Realty Trust 4.45% Series O Cumulative Redeemable Preferred Shares Liquidation Preference $25.00 Per Share,
VNT,Vontier Corporation Common Stock,Industrials
VOC,VOC Energy Trust Units of Beneficial Interest,Energy
VOYA,Voya Financial Inc. Common Stock,Finance
VOYA^B,Voya Financial Inc. Depositary Shares each representing a 1/40th interest in a share of 5.35% Fixed-Rate Reset Non-Cumulative Preferred Stock Series B,
VPG,Vishay Precision Group Inc. Common Stock,Technology
VPV,Invesco Pennsylvania Value Municipal Income Trust Common Stock (DE),Finance
VRE,Veris Residential Inc. Common Stock,Real Estate
VRN,Veren Inc. Common shares,Energy
VRT,Vertiv Holdings LLC Class A Common Stock,Technology
VRTS,Virtus Investment Partners Inc. Common Stock,Finance
VSCO,Victorias Secret & Co. Common Stock,Consumer Discretionary
VSH,Vishay Intertechnology Inc. Common Stock,Technology
VST,Vistra Corp. Common Stock,Utilities
VSTO,Vista Outdoor Inc. Common Stock,Industrials
VSTS,Vestis Corporation Common Stock,
VTEX,VTEX Class A Common Shares,Technology
VTLE,Vital Energy Inc. Common Stock par value $0.01 per share,Energy
VTMX,Corporacion Inmobiliaria Vesta S.A.B de C.V. American Depositary Shares each representing ten (10) Common Shares,Finance
VTN,Invesco Trust for Investment Grade New York Municipals Common Stock,Finance
VTOL,Bristow Group Inc. Common Stock,Consumer Discretionary
VTR,Ventas Inc. Common Stock,Real Estate
VTS,Vitesse Energy Inc. Common Stock,Energy
VVI,Viad Corp Common Stock,Consumer Discretionary
VVR,Invesco Senior Income Trust Common Stock (DE),Finance
VVV,Valvoline Inc. Common Stock,Industrials
VVX,V2X Inc. Common Stock,Consumer Discretionary
VYX,NCR Voyix Corporation Common Stock,
VZIO,VIZIO Holding Corp. Class A Common Stock,Consumer Staples
W,Wayfair Inc. Class A Common Stock,Consumer Discretionary
WAB,Westinghouse Air Brake Technologies Corporation Common Stock,Industrials
WAL,Western Alliance Bancorporation Common Stock (DE),Finance
WAL^A,Western Alliance Bancorporation Depositary Shares Each Representing a 1/400th Interest in a Share of 4.250% Fixed-Rate Non-Cumulative Perpetual Preferred Stock Series A,
WAT,Waters Corporation Common Stock,Industrials
WBS,Webster Financial Corporation Common Stock,Finance
WBS^F,Webster Financial Corporation Depositary Shares Each Representing 1/1000th Interest in a Share of 5.25% Series F Non-Cumulative Perpetual Preferred Stock,
WBS^G,Webster Financial Corporation Depositary Shares each representing a 1/40th interest in a share of 6.50% Series G non-cumulative perpetual preferred stock,
WBX,Wallbox N.V. Class A Ordinary Shares,Consumer Discretionary
WCC,WESCO International Inc. Common Stock,Consumer Discretionary
WCC^A,WESCO International Inc. Depositary Shares each representing 1/1000th interest in a share of Series A Fixed-Rate Reset Cumulative Perpetual Preferred Stock,
WCN,Waste Connections Inc. Common Shares,Utilities
WD,Walker & Dunlop Inc Common Stock,Finance
WDH,Waterdrop Inc. American Depositary Shares (each representing the right to receive 10 Class A Ordinary Shares),Finance
WDI,Western Asset Diversified Income Fund Common Shares of Beneficial Interest,Finance
WDS,Woodside Energy Group Limited American Depositary Shares each representing one Ordinary Share,Energy
WEA,Western Asset Bond Fund Share of Beneficial Interest,Finance
WEAV,Weave Communications Inc. Common Stock,Technology
WEC,WEC Energy Group Inc. Common Stock,Utilities
WEL,Integrated Wellness Acquisition Corp Class A Ordinary Shares,Finance
WELL,Welltower Inc. Common Stock,Real Estate
WES,Western Midstream Partners LP Common Units Representing Limited Partner Interests,Utilities
WEX,WEX Inc. common stock,Consumer Discretionary
WF,Woori Financial Group Inc. American Depositary Shares (each representing three (3) shares of Common Stock),Finance
WFC,Wells Fargo & Company Common Stock,Finance
WFC^A,Wells Fargo & Company Depositary Shares each representing a 1/1000th interest in a share of Non-Cumulative Perpetual Class A Preferred Stock Series AA,
WFC^C,Wells Fargo & Company Depositary Shares each representing a 1/1000th interest in a share of Non-Cumulative Perpetual Class A Preferred Stock Series CC,
WFC^D,Wells Fargo & Company Depositary Shares each representing a 1/1000th interest in  a share of Non-Cumulative Perpetual Class A Preferred Stock Series DD,
WFC^L,Wells Fargo & Company 7.50% Non-Cumulative Perpetual Convertible Class A Preferred Stock Series L,
WFC^Y,Wells Fargo & Company Depositary Shares each representing a 1/1000th interest in a share of Non-Cumulative Perpetual Class A Preferred Stock Series Y,
WFC^Z,Wells Fargo & Company Depositary Shares each representing a 1/1000th interest in a share of Non-Cumulative Perpetual Class A Preferred Stock Series Z,
WFG,West Fraser Timber Co. Ltd Common stock,
WGO,Winnebago Industries Inc. Common Stock,Industrials
WH,Wyndham Hotels & Resorts Inc. Common Stock,Consumer Discretionary
WHD,Cactus Inc. Class A Common Stock,Industrials
WHG,Westwood Holdings Group Inc Common Stock,Finance
WHR,Whirlpool Corporation Common Stock,Consumer Discretionary
WIA,Western Asset Inflation-Linked Income Fund,Finance
WIT,Wipro Limited Common Stock,Technology
WIW,Western Asset Inflation-Linked Opportunities & Income Fund,Finance
WK,Workiva Inc. Class A Common Stock,Technology
WKC,World Kinect Corporation Common Stock,Energy
WLK,Westlake Corporation Common Stock,Industrials
WLKP,Westlake Chemical Partners LP Common Units representing limited partner interests,Industrials
WLY,John Wiley & Sons Inc. Common Stock,Consumer Discretionary
WLYB,John Wiley & Sons Inc. Common Stock,Consumer Discretionary
WM,Waste Management Inc. Common Stock,Utilities
WMB,Williams Companies Inc. (The) Common Stock,Utilities
WMK,Weis Markets Inc. Common Stock,Consumer Staples
WMS,Advanced Drainage Systems Inc. Common Stock,Consumer Discretionary
WMT,Walmart Inc. Common Stock,Consumer Discretionary
WNC,Wabash National Corporation Common Stock,Industrials
WNS,WNS (Holdings) Limited Ordinary Shares,Consumer Discretionary
WOLF,Wolfspeed Inc. Common Stock,Technology
WOR,Worthington Enterprises Inc. Common Shares,Consumer Discretionary
WOW,WideOpenWest Inc. Common Stock,Telecommunications
WPC,W. P. Carey Inc. REIT,Real Estate
WPM,Wheaton Precious Metals Corp Common Shares (Canada),Basic Materials
WPP,WPP plc American Depositary Shares,Consumer Discretionary
WRB,W.R. Berkley Corporation Common Stock,Finance
WRB^E,W.R. Berkley Corporation 5.70% Subordinated Debentures due 2058,
WRB^F,W.R. Berkley Corporation 5.10% Subordinated Debentures due 2059,
WRB^G,W.R. Berkley Corporation 4.25% Subordinated Debentures due 2060,
WRB^H,W.R. Berkley Corporation 4.125% Subordinated Debentures due 2061,
WRBY,Warby Parker Inc. Class A Common Stock,Health Care
WRK,Westrock Company Common Stock,Consumer Discretionary
WS,Worthington Steel Inc. Common Shares,Industrials
WSM,Williams-Sonoma Inc. Common Stock (DE),Consumer Discretionary
WSO,Watsco Inc. Common Stock,Consumer Discretionary
WSO/B,Watsco Inc.,
WSR,Whitestone REIT Common Shares,Real Estate
WST,West Pharmaceutical Services Inc. Common Stock,Health Care
WT,WisdomTree Inc. Common Stock,Finance
WTI,W&T Offshore Inc. Common Stock,Energy
WTM,White Mountains Insurance Group Ltd. Common Stock,Finance
WTRG,Essential Utilities Inc. Common Stock,Utilities
WTS,Watts Water Technologies Inc. Class A Common Stock,Industrials
WTTR,Select Water Solutions Inc. Class A common stock,Energy
WU,Western Union Company (The) Common Stock,Consumer Discretionary
WWW,Wolverine World Wide Inc. Common Stock,Consumer Discretionary
WY,Weyerhaeuser Company Common Stock,Real Estate
X,United States Steel Corporation Common Stock,Industrials
XFLT,XAI Octagon Floating Rate & Alternative Income Trust Common Shares of Beneficial Interest,Finance
XFLT^A,XAI Octagon Floating Rate & Alternative Income Trust 6.50% Series 2026 Term Preferred Shares (Liquidation Preference $25.00),
XHR,Xenia Hotels & Resorts Inc. Common Stock,Real Estate
XIN,Xinyuan Real Estate Co Ltd American Depositary Shares,Consumer Discretionary
XOM,Exxon Mobil Corporation Common Stock,Energy
XPER,Xperi Inc. Common Stock,Technology
XPEV,XPeng Inc. American depositary shares each representing two Class A ordinary shares,Consumer Discretionary
XPO,XPO Inc. Common Stock,Consumer Discretionary
XPOF,Xponential Fitness Inc. Class A Common Stock,Consumer Discretionary
XPRO,Expro Group Holdings N.V. Common Stock,Energy
XYF,X Financial American Depositary Shares each representing six Class A Ordinary Shares,Finance
XYL,Xylem Inc. Common Stock New,Industrials
YALA,Yalla Group Limited American Depositary Shares each representing one Class A Ordinary Share,Technology
YELP,Yelp Inc. Common Stock,Consumer Discretionary
YETI,YETI Holdings Inc. Common Stock,Consumer Discretionary
YEXT,Yext Inc. Common Stock,Technology
YMM,Full Truck Alliance Co. Ltd. American Depositary Shares (each representing 20 Class A Ordinary Shares),Technology
YOU,Clear Secure Inc. Class A Common Stock,Technology
YPF,YPF Sociedad Anonima Common Stock,Energy
YRD,Yiren Digital Ltd. American Depositary Shares each representing two ordinary shares,Finance
YSG,Yatsen Holding Limited American Depositary Shares each representing twenty (20) Class A Ordinary Shares,Consumer Discretionary
YUM,Yum! Brands Inc.,Consumer Discretionary
YUMC,Yum China Holdings Inc. Common Stock,Consumer Discretionary
ZBH,Zimmer Biomet Holdings Inc. Common Stock,Health Care
ZEPP,Zepp Health Corporation American Depositary Shares,Technology
ZETA,Zeta Global Holdings Corp. Class A Common Stock,Technology
ZGN,Ermenegildo Zegna N.V. Ordinary Shares,Consumer Discretionary
ZH,Zhihu Inc. American Depositary Shares each representing three (3) Class A Ordinary Shares,Consumer Discretionary
ZIM,ZIM Integrated Shipping Services Ltd. Ordinary Shares,Consumer Discretionary
ZIP,ZipRecruiter Inc. Class A Common Stock,Technology
ZK,ZEEKR Intelligent Technology Holding Limited American Depositary Shares (each representing ten (10) Ordinary Shares),Consumer Discretionary
ZKH,ZKH Group Limited American Depositary Shares each representing thirty-five (35) Class A Ordinary Shares,Consumer Discretionary
ZTO,ZTO Express (Cayman) Inc. American Depositary Shares each representing one Class A ordinary share.,Industrials
ZTR,Virtus Total Return Fund Inc.,Finance
ZTS,Zoetis Inc. Class A Common Stock,Health Care
ZUO,Zuora Inc. Class A Common Stock,Technology
ZVIA,Zevia PBC Class A Common Stock,Consumer Staples
ZWS,Zurn Elkay Water Solutions Corporation Common Stock,Industrials
